0,1,2,3,4,5,6,7,8,9,10,11,12,13,14,15,16,17,18,19,20,21,22,23,24,25,26,27,28,29,30,31,32,33,34,35,36,37,38,39,40,41,42
open_palm,0.0,0.0,-0.1281995177268982,-0.0700678825378418,-0.23899874091148376,-0.2274084836244583,-0.3026924431324005,-0.36028289794921875,-0.3597683012485504,-0.45747077465057373,-0.1317378282546997,-0.4816008508205414,-0.1779179722070694,-0.6758173704147339,-0.2059066742658615,-0.8007574677467346,-0.23168571293354034,-0.9053753614425659,-0.05007573962211609,-0.5146307349205017,-0.0679420456290245,-0.7450560927391052,-0.08672169595956802,-0.88837069272995,-0.11056939512491226,-1.0,0.027065474539995193,-0.4957822859287262,0.025088056921958923,-0.7087547183036804,0.009275520220398903,-0.8417121767997742,-0.015639379620552063,-0.9478660821914673,0.1052486002445221,-0.4372616410255432,0.13833364844322205,-0.5947466492652893,0.1421000212430954,-0.7033964395523071,0.12895084917545319,-0.801500141620636
open_palm,0.0,0.0,-0.1337938755750656,-0.06277548521757126,-0.251260906457901,-0.21014611423015594,-0.3198540508747101,-0.32922622561454773,-0.38296857476234436,-0.4067712426185608,-0.1573110967874527,-0.5027930736541748,-0.2168332189321518,-0.6872401237487793,-0.2523392140865326,-0.7985949516296387,-0.2859365940093994,-0.8970685005187988,-0.07212966680526733,-0.5334590673446655,-0.09854012727737427,-0.7565222382545471,-0.12044873833656311,-0.8932282328605652,-0.14690814912319183,-1.0,0.009530897252261639,-0.5088523626327515,0.002197529887780547,-0.7102258205413818,-0.016964184120297432,-0.8312440514564514,-0.04458216205239296,-0.9290555119514465,0.08774404972791672,-0.44599074125289917,0.10469331592321396,-0.6032341718673706,0.10131441801786423,-0.7072733044624329,0.08557455986738205,-0.8020432591438293
open_palm,0.0,0.0,-0.13501368463039398,-0.06131570041179657,-0.251689612865448,-0.20440037548542023,-0.3213995397090912,-0.3202293813228607,-0.38339102268218994,-0.3888781666755676,-0.15689507126808167,-0.49007683992385864,-0.2153361737728119,-0.674218475818634,-0.2520483136177063,-0.7882463335990906,-0.2882654070854187,-0.8883424997329712,-0.06960433721542358,-0.5168519020080566,-0.09123070538043976,-0.7363665699958801,-0.11426953971385956,-0.8818862438201904,-0.14312373101711273,-1.0,0.012892593629658222,-0.4916572570800781,0.008257460780441761,-0.6938144564628601,-0.011311789974570274,-0.8226226568222046,-0.037101104855537415,-0.9259839057922363,0.09170859307050705,-0.42935895919799805,0.11062359064817429,-0.5875260829925537,0.10851900279521942,-0.6997540593147278,0.09614633023738861,-0.7985469102859497
open_palm,0.0,0.0,-0.14053519070148468,-0.05133025348186493,-0.26933687925338745,-0.18920466303825378,-0.34360918402671814,-0.3028068244457245,-0.40823471546173096,-0.3789421617984772,-0.1730794757604599,-0.48186492919921875,-0.2324906885623932,-0.6754821538925171,-0.2675912380218506,-0.7928223609924316,-0.3019227683544159,-0.8948288559913635,-0.08113780617713928,-0.5086789727210999,-0.1051289364695549,-0.7328391075134277,-0.1270933747291565,-0.8801143765449524,-0.15329991281032562,-1.0,0.005573101807385683,-0.4808410108089447,-0.0007450830307789147,-0.686690628528595,-0.021800240501761436,-0.8205706477165222,-0.0483471043407917,-0.9282255172729492,0.08710909634828568,-0.415915310382843,0.10840123146772385,-0.5826819539070129,0.10751450061798096,-0.6951645016670227,0.09463215619325638,-0.7930856347084045
open_palm,0.0,0.0,-0.1408880650997162,-0.04788427799940109,-0.27356579899787903,-0.17998138070106506,-0.35715755820274353,-0.29380002617836,-0.4206850826740265,-0.37670326232910156,-0.18045973777770996,-0.470581978559494,-0.24442742764949799,-0.668631374835968,-0.28334474563598633,-0.792632520198822,-0.32016462087631226,-0.8976095914840698,-0.08459442108869553,-0.5024676322937012,-0.11341841518878937,-0.7300736308097839,-0.14070166647434235,-0.8799080848693848,-0.17141471803188324,-1.0,0.006382418796420097,-0.47872424125671387,-0.0032528056763112545,-0.6959394812583923,-0.028045661747455597,-0.8287064433097839,-0.056133002042770386,-0.9351970553398132,0.09195943176746368,-0.41759538650512695,0.10713692754507065,-0.5890777111053467,0.10317295789718628,-0.7055700421333313,0.09133056551218033,-0.8067587018013
open_palm,0.0,0.0,-0.14291301369667053,-0.05381543189287186,-0.2727189362049103,-0.1877330094575882,-0.3567606806755066,-0.29863548278808594,-0.4252609610557556,-0.37735140323638916,-0.17665009200572968,-0.47735539078712463,-0.2406640648841858,-0.6728860139846802,-0.28023195266723633,-0.795856237411499,-0.31824129819869995,-0.900849461555481,-0.08322007954120636,-0.5085002183914185,-0.11110042035579681,-0.732545793056488,-0.13899758458137512,-0.8804153800010681,-0.1701262891292572,-1.0,0.005745681934058666,-0.4851739704608917,-0.004927894566208124,-0.694636881351471,-0.03067188337445259,-0.8256548643112183,-0.05920511856675148,-0.9310824871063232,0.0899224728345871,-0.42365527153015137,0.10889038443565369,-0.5883726477622986,0.106364406645298,-0.7015771269798279,0.09447867423295975,-0.8005180358886719
open_palm,0.0,0.0,-0.1482463777065277,-0.05045963451266289,-0.2808408737182617,-0.1885976493358612,-0.3649244010448456,-0.30740123987197876,-0.44259893894195557,-0.38924160599708557,-0.1835251748561859,-0.4735131859779358,-0.24506649374961853,-0.6665100455284119,-0.28349030017852783,-0.7887853980064392,-0.3200627267360687,-0.8934727311134338,-0.08883315324783325,-0.506714940071106,-0.11572827398777008,-0.7290944457054138,-0.14120273292064667,-0.8779887557029724,-0.16996647417545319,-1.0,0.0009145420626737177,-0.48542699217796326,-0.007626555860042572,-0.6975929141044617,-0.03094436787068844,-0.8303229808807373,-0.05988142639398575,-0.9375353455543518,0.08469708263874054,-0.42559319734573364,0.10512923449277878,-0.5909751653671265,0.10203356295824051,-0.7064647078514099,0.08705146610736847,-0.8077386021614075
open_palm,0.0,0.0,-0.13597442209720612,-0.059781357645988464,-0.26238229870796204,-0.20069442689418793,-0.3416112959384918,-0.3181358873844147,-0.4096047282218933,-0.40096282958984375,-0.16813279688358307,-0.48735511302948,-0.22948236763477325,-0.6730464696884155,-0.2673434317111969,-0.7909156680107117,-0.30467039346694946,-0.8927509784698486,-0.07793226838111877,-0.5178155899047852,-0.10277248919010162,-0.736318051815033,-0.12696944177150726,-0.8815757632255554,-0.15642379224300385,-1.0,0.00838791485875845,-0.49475082755088806,0.0008458283264189959,-0.6971750855445862,-0.021675830706954002,-0.8248310685157776,-0.04959262162446976,-0.929340660572052,0.09038147330284119,-0.4347437918186188,0.10950352251529694,-0.5945940613746643,0.10825368762016296,-0.7061827182769775,0.09629803895950317,-0.8050968647003174
open_palm,0.0,0.0,-0.13727018237113953,-0.049691542983055115,-0.2640533447265625,-0.18536686897277832,-0.3410775661468506,-0.29916226863861084,-0.40187063813209534,-0.37827157974243164,-0.17360246181488037,-0.4773827791213989,-0.2343122661113739,-0.6672067046165466,-0.27123865485191345,-0.7879641056060791,-0.30669909715652466,-0.8920380473136902,-0.08212119340896606,-0.5078240036964417,-0.10714425146579742,-0.7314373850822449,-0.13420099020004272,-0.8804906606674194,-0.16520974040031433,-1.0,0.00500832311809063,-0.4854525625705719,-0.002973216352984309,-0.6921390295028687,-0.02691761590540409,-0.822607159614563,-0.05382039397954941,-0.9280812740325928,0.0872252807021141,-0.42560794949531555,0.104929119348526,-0.5901342630386353,0.10223951190710068,-0.7035574913024902,0.09151788800954819,-0.8025358319282532
open_palm,0.0,0.0,-0.13625821471214294,-0.05045197904109955,-0.26427775621414185,-0.18453876674175262,-0.347809761762619,-0.3002067506313324,-0.4156530201435089,-0.379377543926239,-0.1768707036972046,-0.483422189950943,-0.23936840891838074,-0.6724064946174622,-0.27576589584350586,-0.7947965860366821,-0.310677170753479,-0.9013162851333618,-0.08383546024560928,-0.5159862041473389,-0.10638317465782166,-0.7359471321105957,-0.133060023188591,-0.8816123008728027,-0.1649802327156067,-1.0,0.004563874565064907,-0.4960070550441742,-0.005254405550658703,-0.6994223594665527,-0.029955919831991196,-0.8292640447616577,-0.05892285704612732,-0.9347588419914246,0.08882568031549454,-0.43773338198661804,0.10522335767745972,-0.6001036167144775,0.10113794356584549,-0.7103858590126038,0.08804266899824142,-0.8063708543777466
open_palm,0.0,0.0,-0.13671766221523285,-0.06334307044744492,-0.26271167397499084,-0.21071206033229828,-0.34291213750839233,-0.32860082387924194,-0.41131871938705444,-0.40234169363975525,-0.1707940399646759,-0.49948278069496155,-0.23014019429683685,-0.6839608550071716,-0.26515868306159973,-0.7993243932723999,-0.298733115196228,-0.8992257714271545,-0.08120858669281006,-0.5303069949150085,-0.10606398433446884,-0.746087908744812,-0.12978409230709076,-0.8866492509841919,-0.1577465832233429,-1.0,0.005382864736020565,-0.5061202645301819,-0.002621779916808009,-0.7079060673713684,-0.023602517321705818,-0.8344284892082214,-0.050262920558452606,-0.9357211589813232,0.08778401464223862,-0.44310155510902405,0.10944043099880219,-0.6035432815551758,0.11009218543767929,-0.7124435901641846,0.09867037087678909,-0.808831512928009
open_palm,0.0,0.0,-0.13678598403930664,-0.057929977774620056,-0.263243168592453,-0.1983511745929718,-0.3439197838306427,-0.31620073318481445,-0.4087347686290741,-0.39990970492362976,-0.1678812950849533,-0.4854429364204407,-0.22669371962547302,-0.6771303415298462,-0.2624358832836151,-0.7966975569725037,-0.2971765995025635,-0.8997128009796143,-0.07626684755086899,-0.5148367285728455,-0.09860449284315109,-0.734319806098938,-0.12264633923768997,-0.8802394866943359,-0.1509404182434082,-1.0,0.010516153648495674,-0.490976482629776,0.0047108810395002365,-0.6951497197151184,-0.017857098951935768,-0.8286096453666687,-0.04679432883858681,-0.9362599849700928,0.0922686979174614,-0.42982470989227295,0.11430402100086212,-0.5891958475112915,0.11363081634044647,-0.7015542387962341,0.10050983726978302,-0.8011118173599243
open_palm,0.0,0.0,-0.14344307780265808,-0.060397859662771225,-0.2683459222316742,-0.19915446639060974,-0.3482987582683563,-0.31552642583847046,-0.418001264333725,-0.39115360379219055,-0.17657308280467987,-0.48255226016044617,-0.23501840233802795,-0.6715940237045288,-0.269847571849823,-0.7913529276847839,-0.30356326699256897,-0.8956435322761536,-0.08419223874807358,-0.5119165778160095,-0.10830850899219513,-0.7331236004829407,-0.13273537158966064,-0.8809733390808105,-0.16166441142559052,-1.0,0.0038584545254707336,-0.4876660108566284,0.00036529157659970224,-0.6934239268302917,-0.02235046960413456,-0.827065110206604,-0.05121370032429695,-0.9332736134529114,0.08726553618907928,-0.4277069866657257,0.11008044332265854,-0.5932016968727112,0.10977166891098022,-0.7067563533782959,0.09723872691392899,-0.8061369061470032
open_palm,0.0,0.0,-0.1367739886045456,-0.057191818952560425,-0.2621672451496124,-0.19765928387641907,-0.3433280289173126,-0.31571483612060547,-0.41853535175323486,-0.3920240104198456,-0.1678784340620041,-0.4759906828403473,-0.2273818999528885,-0.6711455583572388,-0.26194292306900024,-0.796006441116333,-0.29398664832115173,-0.9035143852233887,-0.07497699558734894,-0.5066478252410889,-0.10076119750738144,-0.7297773361206055,-0.12621639668941498,-0.8783946633338928,-0.1549810916185379,-1.0,0.013676805421710014,-0.4839054346084595,0.0075186798349022865,-0.6920477151870728,-0.015164648182690144,-0.8279744386672974,-0.04332781955599785,-0.9371309876441956,0.09699041396379471,-0.424121618270874,0.11878404766321182,-0.5884028673171997,0.11840489506721497,-0.7028293609619141,0.1061248853802681,-0.8031669855117798
open_palm,0.0,0.0,-0.1354500651359558,-0.058150097727775574,-0.2593957483768463,-0.19863542914390564,-0.3379196226596832,-0.315720796585083,-0.405592143535614,-0.39674699306488037,-0.16672766208648682,-0.4884890615940094,-0.22753749787807465,-0.6735268831253052,-0.26189136505126953,-0.7922660112380981,-0.2936418354511261,-0.8959017395973206,-0.07661496102809906,-0.5181354284286499,-0.09881850332021713,-0.7368830442428589,-0.12305906414985657,-0.8824560642242432,-0.1515146940946579,-1.0,0.010007529519498348,-0.4931434094905853,0.006057531572878361,-0.6947392821311951,-0.015173543244600296,-0.8226442933082581,-0.04112819954752922,-0.9265093207359314,0.09220882505178452,-0.42905837297439575,0.11775457113981247,-0.5863149166107178,0.11893630027770996,-0.696830153465271,0.10942392796278,-0.793776273727417
open_palm,0.0,0.0,-0.14067499339580536,-0.05929308384656906,-0.2695614993572235,-0.1966942548751831,-0.35313910245895386,-0.31505733728408813,-0.4209935665130615,-0.3970544934272766,-0.1752641201019287,-0.48415809869766235,-0.2345227152109146,-0.677975594997406,-0.2688159644603729,-0.7995789051055908,-0.30104777216911316,-0.9034996032714844,-0.08232080936431885,-0.5128154158592224,-0.10542213171720505,-0.7334343194961548,-0.1277657449245453,-0.8808637261390686,-0.15431295335292816,-1.0,0.005499386228621006,-0.4870535135269165,0.0022319939453154802,-0.6941056251525879,-0.018963299691677094,-0.8255689740180969,-0.04630430415272713,-0.9300345182418823,0.08938867598772049,-0.42370209097862244,0.1176031082868576,-0.5838881134986877,0.11873308569192886,-0.6963323950767517,0.10659731179475784,-0.795868992805481
open_palm,0.0,0.0,-0.13875408470630646,-0.061581917107105255,-0.2659284174442291,-0.2124127447605133,-0.34882763028144836,-0.3332870602607727,-0.4232039153575897,-0.40884044766426086,-0.1695629209280014,-0.48769447207450867,-0.22860807180404663,-0.6807969212532043,-0.2642103433609009,-0.8038054704666138,-0.2991107702255249,-0.9076192378997803,-0.07652507722377777,-0.5141196250915527,-0.09717324376106262,-0.7350208163261414,-0.12077626585960388,-0.8815956115722656,-0.14970438182353973,-1.0,0.012324661947786808,-0.4868782162666321,0.008780332282185555,-0.6950942277908325,-0.012428590096533298,-0.8292492628097534,-0.039258070290088654,-0.9365445971488953,0.09552202373743057,-0.4233989417552948,0.12119612842798233,-0.5876542329788208,0.12229229509830475,-0.7031641602516174,0.11099030822515488,-0.8039814233779907
open_palm,0.0,0.0,-0.13462330400943756,-0.06231815367937088,-0.2565039396286011,-0.2035554200410843,-0.33543848991394043,-0.31840628385543823,-0.40142831206321716,-0.3988257944583893,-0.1664046347141266,-0.49097001552581787,-0.22476384043693542,-0.6808713674545288,-0.2585751712322235,-0.7991341352462769,-0.28977805376052856,-0.9022807478904724,-0.07540587335824966,-0.5172034502029419,-0.09630709141492844,-0.7379932403564453,-0.12096922844648361,-0.8828127384185791,-0.15017665922641754,-1.0,0.012126868590712547,-0.4907861649990082,0.008702979423105717,-0.6930550932884216,-0.012654295191168785,-0.821561336517334,-0.038471903651952744,-0.9266700744628906,0.09524708986282349,-0.42658644914627075,0.11759358644485474,-0.5878527164459229,0.11768369376659393,-0.698150634765625,0.1085432916879654,-0.7942773103713989
open_palm,0.0,0.0,-0.13253694772720337,-0.06582009047269821,-0.254058301448822,-0.2081497609615326,-0.3321917653083801,-0.31981387734413147,-0.39793238043785095,-0.3953961730003357,-0.15872161090373993,-0.4964545667171478,-0.21603117883205414,-0.6824889183044434,-0.2504575848579407,-0.799105167388916,-0.2840874493122101,-0.8982037305831909,-0.06933487206697464,-0.5241504907608032,-0.09101498872041702,-0.7426308989524841,-0.11650071293115616,-0.8869407176971436,-0.1467246413230896,-1.0,0.016280679032206535,-0.49536651372909546,0.01512960996478796,-0.7010802626609802,-0.0051497709937393665,-0.828004777431488,-0.030563944950699806,-0.9281735420227051,0.09716475754976273,-0.42658260464668274,0.12166319787502289,-0.5862516164779663,0.12254180759191513,-0.6989417672157288,0.11376136541366577,-0.7959216833114624
open_palm,0.0,0.0,-0.1339242160320282,-0.05821535736322403,-0.25535276532173157,-0.1982906311750412,-0.3349699079990387,-0.31310662627220154,-0.40016016364097595,-0.3908194601535797,-0.1621478945016861,-0.4867534041404724,-0.22433213889598846,-0.6770192384719849,-0.25890326499938965,-0.7985172271728516,-0.2898555397987366,-0.9029076099395752,-0.07027847319841385,-0.5154339671134949,-0.09320049732923508,-0.7375451922416687,-0.11850534379482269,-0.8842171430587769,-0.14747796952724457,-1.0,0.017228251323103905,-0.49121904373168945,0.013352926820516586,-0.6969164609909058,-0.008586668409407139,-0.8252559900283813,-0.033533088862895966,-0.9282119274139404,0.09963808208703995,-0.42858248949050903,0.12167664617300034,-0.5913577079772949,0.1209375187754631,-0.7035332322120667,0.11139866709709167,-0.8009459972381592
open_palm,0.0,0.0,-0.13419745862483978,-0.05847315862774849,-0.26076382398605347,-0.20363424718379974,-0.343183308839798,-0.3220808506011963,-0.4127664566040039,-0.3997703194618225,-0.1617688685655594,-0.48465797305107117,-0.2198731154203415,-0.6784293055534363,-0.2544483244419098,-0.8005940914154053,-0.2884475290775299,-0.9051321744918823,-0.07112656533718109,-0.5095002055168152,-0.09290164709091187,-0.7326634526252747,-0.11760178953409195,-0.8811649680137634,-0.14756402373313904,-1.0,0.015492510050535202,-0.4825765788555145,0.011880804784595966,-0.6906699538230896,-0.010440242476761341,-0.8218333125114441,-0.03734073042869568,-0.9268586039543152,0.09824234247207642,-0.4205988645553589,0.12157829105854034,-0.5849401354789734,0.12202521413564682,-0.6996096968650818,0.11218363046646118,-0.7984835505485535
open_palm,0.0,0.0,-0.1327008754014969,-0.06220979243516922,-0.2532334625720978,-0.20115786790847778,-0.3340194821357727,-0.3155181109905243,-0.3993048071861267,-0.3931715488433838,-0.1587318480014801,-0.48792773485183716,-0.21653330326080322,-0.6813555955886841,-0.25316229462623596,-0.803476095199585,-0.28724950551986694,-0.9084989428520203,-0.06922841817140579,-0.5127947330474854,-0.09194502979516983,-0.7351875305175781,-0.11876677721738815,-0.8824204802513123,-0.14973902702331543,-1.0,0.016150906682014465,-0.4868716597557068,0.013846571557223797,-0.6913573145866394,-0.008366785012185574,-0.8233486413955688,-0.03536555543541908,-0.9295960664749146,0.0972103402018547,-0.4240824282169342,0.12348611652851105,-0.5876047015190125,0.12458881735801697,-0.7019740343093872,0.1150125041604042,-0.8018973469734192
open_palm,0.0,0.0,-0.13216182589530945,-0.06087177246809006,-0.2541944682598114,-0.19962897896766663,-0.33587101101875305,-0.311248779296875,-0.4005570411682129,-0.39116370677948,-0.16023269295692444,-0.48293811082839966,-0.21769431233406067,-0.6727864742279053,-0.253560870885849,-0.791904866695404,-0.2882400453090668,-0.8945585489273071,-0.07125910371541977,-0.509712278842926,-0.09457936882972717,-0.7328338623046875,-0.12085052579641342,-0.8807500600814819,-0.15042418241500854,-1.0,0.014566125348210335,-0.48516684770584106,0.00923908594995737,-0.6885815858840942,-0.014165332540869713,-0.817654550075531,-0.04058308154344559,-0.9219524264335632,0.09639618545770645,-0.42404088377952576,0.11776427924633026,-0.5841923356056213,0.11760639399290085,-0.6954262256622314,0.10898646712303162,-0.792299747467041
open_palm,0.0,0.0,-0.13313482701778412,-0.06087100878357887,-0.256484717130661,-0.19826635718345642,-0.3393459916114807,-0.31427621841430664,-0.40806540846824646,-0.39432570338249207,-0.16415531933307648,-0.4857373833656311,-0.22198078036308289,-0.680060863494873,-0.25749561190605164,-0.8041307926177979,-0.2894858419895172,-0.9094576835632324,-0.07548325508832932,-0.5151075124740601,-0.09786752611398697,-0.736359715461731,-0.12196560204029083,-0.883346438407898,-0.14977483451366425,-1.0,0.010307393968105316,-0.4926316738128662,0.008948798291385174,-0.6952997446060181,-0.012602077797055244,-0.8208703994750977,-0.03981442749500275,-0.9207292199134827,0.09454528987407684,-0.4322509765625,0.12161367386579514,-0.5931193828582764,0.12109329551458359,-0.7019090056419373,0.10892605781555176,-0.7948642373085022
open_palm,0.0,0.0,-0.12988421320915222,-0.05210242420434952,-0.2554614245891571,-0.18881402909755707,-0.3398742079734802,-0.3011075258255005,-0.40608516335487366,-0.37650108337402344,-0.16322164237499237,-0.47756320238113403,-0.21969395875930786,-0.6716760993003845,-0.2558744549751282,-0.7953824996948242,-0.2894130349159241,-0.8992038369178772,-0.07310542464256287,-0.5085709691047668,-0.09730944782495499,-0.733894407749176,-0.1216050237417221,-0.882209062576294,-0.14897555112838745,-1.0,0.013702995143830776,-0.48320120573043823,0.01013332512229681,-0.688973605632782,-0.011233517900109291,-0.8192577362060547,-0.036493945866823196,-0.9239221215248108,0.09764571487903595,-0.41787657141685486,0.12379796802997589,-0.5758064985275269,0.12335663288831711,-0.6872125864028931,0.1137349084019661,-0.7842856645584106
open_palm,0.0,0.0,-0.13450691103935242,-0.05728378891944885,-0.2552909851074219,-0.19382783770561218,-0.33468589186668396,-0.3102153539657593,-0.40273603796958923,-0.3916923999786377,-0.15896166861057281,-0.4817550480365753,-0.21663449704647064,-0.677227258682251,-0.25183624029159546,-0.7984583377838135,-0.28446492552757263,-0.901149570941925,-0.06887607276439667,-0.5105785727500916,-0.09367475658655167,-0.736627995967865,-0.11915994435548782,-0.8831322193145752,-0.14816579222679138,-1.0,0.01686191000044346,-0.487277090549469,0.014136561192572117,-0.6931056380271912,-0.008330563083291054,-0.8191469311714172,-0.0350973904132843,-0.9215462803840637,0.09974882751703262,-0.42674171924591064,0.12317727506160736,-0.5876612067222595,0.1215880885720253,-0.6977230310440063,0.110036700963974,-0.7947786450386047
open_palm,0.0,0.0,-0.1408209204673767,-0.0764135867357254,-0.2674219012260437,-0.22202999889850616,-0.34895995259284973,-0.34303683042526245,-0.40856537222862244,-0.43085065484046936,-0.17127932608127594,-0.5144740343093872,-0.21722199022769928,-0.7307699918746948,-0.24315114319324493,-0.8558209538459778,-0.2642597258090973,-0.9605357646942139,-0.08355380594730377,-0.5384955406188965,-0.10304563492536545,-0.7657675743103027,-0.12149015814065933,-0.8967217206954956,-0.14010357856750488,-1.0,0.0019486069213598967,-0.5148305892944336,-0.006174974609166384,-0.7223889231681824,-0.022764010354876518,-0.8448461890220642,-0.04150529205799103,-0.9428846836090088,0.09000197798013687,-0.4541073739528656,0.11034080386161804,-0.6149659752845764,0.10703815519809723,-0.7171669602394104,0.09459072351455688,-0.8073124289512634
open_palm,0.0,0.0,-0.1309446096420288,-0.08563189208507538,-0.2475413680076599,-0.22966353595256805,-0.3261862099170685,-0.35378003120422363,-0.3926028907299042,-0.44594600796699524,-0.15325812995433807,-0.5007586479187012,-0.20640407502651215,-0.7075191736221313,-0.23417574167251587,-0.8291909694671631,-0.2506224513053894,-0.9302625060081482,-0.06845436245203018,-0.526458203792572,-0.09737775474786758,-0.7556585669517517,-0.11458315700292587,-0.8913968205451965,-0.12438014894723892,-1.0,0.016184041276574135,-0.502994179725647,0.013062938116490841,-0.7110486626625061,0.004404369276016951,-0.8349549174308777,-0.0033399853855371475,-0.9360925555229187,0.10094717890024185,-0.4412369728088379,0.12941312789916992,-0.5916387438774109,0.1413058340549469,-0.6890173554420471,0.1489144116640091,-0.7780745029449463
open_palm,0.0,0.0,-0.12356144934892654,-0.10240057855844498,-0.23620735108852386,-0.25495445728302,-0.3210151493549347,-0.38581451773643494,-0.3935324549674988,-0.4776619076728821,-0.1016870066523552,-0.5103104114532471,-0.13981972634792328,-0.7176441550254822,-0.1602039784193039,-0.8390277028083801,-0.1724785715341568,-0.9443316459655762,-0.01611577719449997,-0.5202032327651978,-0.02746463194489479,-0.7513571977615356,-0.03570970892906189,-0.8889333605766296,-0.03827328607439995,-1.0,0.06288116425275803,-0.4793578088283539,0.07074730098247528,-0.6858548521995544,0.06989863514900208,-0.81050705909729,0.06853892654180527,-0.9135082364082336,0.1390332281589508,-0.40334203839302063,0.17179927229881287,-0.5561772584915161,0.18716706335544586,-0.6572340130805969,0.197244331240654,-0.7488165497779846
open_palm,0.0,0.0,-0.12868931889533997,-0.09712731838226318,-0.2440534085035324,-0.24639888107776642,-0.33108776807785034,-0.37305739521980286,-0.39989957213401794,-0.46665334701538086,-0.11107992380857468,-0.5051206946372986,-0.14737007021903992,-0.7187201380729675,-0.16712616384029388,-0.8442956209182739,-0.1810840368270874,-0.9530147910118103,-0.023830164223909378,-0.5134322643280029,-0.03093660995364189,-0.7445600032806396,-0.04007531702518463,-0.885331928730011,-0.04629511386156082,-1.0,0.057408228516578674,-0.4712219834327698,0.06846973299980164,-0.6799510717391968,0.06651352345943451,-0.812947690486908,0.06380787491798401,-0.9244062304496765,0.13565582036972046,-0.39625391364097595,0.17159505188465118,-0.5523296594619751,0.18942613899707794,-0.6565207839012146,0.202342689037323,-0.752397894859314
open_palm,0.0,0.0,-0.12921123206615448,-0.09921733289957047,-0.24321773648262024,-0.2461365908384323,-0.3273240625858307,-0.37032777070999146,-0.39334437251091003,-0.4643688201904297,-0.11419731378555298,-0.5065380334854126,-0.1485554575920105,-0.7168327569961548,-0.16469267010688782,-0.8431574106216431,-0.17552441358566284,-0.9521715044975281,-0.024951959028840065,-0.5181991457939148,-0.033220093697309494,-0.7484437227249146,-0.0394425168633461,-0.8875452280044556,-0.04287121817469597,-1.0,0.05854698643088341,-0.4784263074398041,0.07070101797580719,-0.6867623329162598,0.07074578106403351,-0.8167982697486877,0.07008680701255798,-0.9267269968986511,0.13809801638126373,-0.40340256690979004,0.1723356693983078,-0.559403657913208,0.18872399628162384,-0.6623075008392334,0.19941380620002747,-0.755961537361145
open_palm,0.0,0.0,-0.128801628947258,-0.09898164123296738,-0.2433091402053833,-0.24929657578468323,-0.32650595903396606,-0.37190210819244385,-0.39300668239593506,-0.4624065160751343,-0.11612754315137863,-0.5092883706092834,-0.15100832283496857,-0.7197909355163574,-0.1680188626050949,-0.8451673984527588,-0.18004177510738373,-0.9542102217674255,-0.026020169258117676,-0.5192719101905823,-0.03461598977446556,-0.7488745450973511,-0.04105024412274361,-0.8878677487373352,-0.04556871950626373,-1.0,0.05891107767820358,-0.47879233956336975,0.06914079189300537,-0.6882950067520142,0.06691551208496094,-0.8166508078575134,0.06308944523334503,-0.9253348708152771,0.1397695392370224,-0.4032602906227112,0.17285026609897614,-0.5598204135894775,0.18776510655879974,-0.6636651754379272,0.19690333306789398,-0.7585831880569458
open_palm,0.0,0.0,-0.1309756189584732,-0.09052515029907227,-0.24756452441215515,-0.23609767854213715,-0.3319469094276428,-0.35860103368759155,-0.3991657495498657,-0.45291265845298767,-0.12191471457481384,-0.4997085630893707,-0.15820439159870148,-0.7068043947219849,-0.1768784075975418,-0.8313156962394714,-0.19202913343906403,-0.9428271055221558,-0.030696315690875053,-0.5128690600395203,-0.04041589796543121,-0.7401036620140076,-0.04987037554383278,-0.8813878297805786,-0.05854369327425957,-1.0,0.053671084344387054,-0.4736596941947937,0.06200426071882248,-0.6801069974899292,0.057110827416181564,-0.8091933727264404,0.04975457116961479,-0.9201682806015015,0.13322854042053223,-0.3993850648403168,0.16846714913845062,-0.5534424185752869,0.18408094346523285,-0.6588265299797058,0.19255958497524261,-0.7572725415229797
open_palm,0.0,0.0,-0.13486914336681366,-0.09007925540208817,-0.25402188301086426,-0.23368002474308014,-0.3396153748035431,-0.35919344425201416,-0.40496373176574707,-0.4549977779388428,-0.12984958291053772,-0.4978691637516022,-0.1668550819158554,-0.7075017690658569,-0.18676668405532837,-0.8302457928657532,-0.20278093218803406,-0.9406502842903137,-0.038003597408533096,-0.5111441016197205,-0.04596615210175514,-0.7419959306716919,-0.05477340146899223,-0.8823024034500122,-0.06286466866731644,-1.0,0.04701961576938629,-0.4735602140426636,0.05696112662553787,-0.6802122592926025,0.0528721883893013,-0.8096358180046082,0.04548916220664978,-0.9213980436325073,0.127877876162529,-0.40139955282211304,0.1626124233007431,-0.5570976734161377,0.17758257687091827,-0.6627087593078613,0.1853620409965515,-0.7623001337051392
open_palm,0.0,0.0,-0.13107354938983917,-0.08934975415468216,-0.24868179857730865,-0.2354590743780136,-0.3320727050304413,-0.35339200496673584,-0.3977915048599243,-0.444460928440094,-0.12427922338247299,-0.4947587549686432,-0.16093149781227112,-0.7017486095428467,-0.17941756546497345,-0.8271888494491577,-0.19455642998218536,-0.9392209649085999,-0.03397732600569725,-0.5073806643486023,-0.043775975704193115,-0.7373130321502686,-0.0535833016037941,-0.8793379068374634,-0.0626831129193306,-1.0,0.049150269478559494,-0.4671272337436676,0.05964265391230583,-0.6759790778160095,0.05790220946073532,-0.8097981214523315,0.053573302924633026,-0.9262888431549072,0.12683440744876862,-0.3907371461391449,0.1636883020401001,-0.5476999282836914,0.18108060956001282,-0.6555825471878052,0.19065889716148376,-0.7568171620368958
open_palm,0.0,0.0,-0.12883059680461884,-0.09699029475450516,-0.24339596927165985,-0.24570898711681366,-0.3310547173023224,-0.36929020285606384,-0.3980564475059509,-0.4612831771373749,-0.12230990827083588,-0.5032832622528076,-0.16038769483566284,-0.7101221680641174,-0.17971377074718475,-0.8325901627540588,-0.19509924948215485,-0.9426543712615967,-0.0333588607609272,-0.5155016183853149,-0.04400729015469551,-0.7433072924613953,-0.05414961650967598,-0.8833052515983582,-0.06454331427812576,-1.0,0.04933862388134003,-0.47526708245277405,0.05919546261429787,-0.6829103827476501,0.056188274174928665,-0.8132415413856506,0.049740321934223175,-0.9254345893859863,0.1277589052915573,-0.40073463320732117,0.1661442369222641,-0.5548730492591858,0.18316662311553955,-0.6611654162406921,0.19168098270893097,-0.7619838118553162
open_palm,0.0,0.0,-0.13235121965408325,-0.09616626799106598,-0.2468155473470688,-0.24617017805576324,-0.3311631679534912,-0.3701612949371338,-0.39939719438552856,-0.45961320400238037,-0.12377215176820755,-0.5065509676933289,-0.16126054525375366,-0.7141366600990295,-0.18075069785118103,-0.8361575603485107,-0.19594773650169373,-0.9462791681289673,-0.03366586193442345,-0.5201621651649475,-0.04381971433758736,-0.7507895231246948,-0.05373739078640938,-0.8871119022369385,-0.0634583905339241,-1.0,0.050852175801992416,-0.4812111556529999,0.06142394244670868,-0.6910482048988342,0.05823497846722603,-0.8200500011444092,0.05142595246434212,-0.9320598840713501,0.13171610236167908,-0.4071241319179535,0.16930149495601654,-0.5613964200019836,0.1845935583114624,-0.6673598885536194,0.1915765255689621,-0.7688629627227783
open_palm,0.0,0.0,-0.13003195822238922,-0.0894116461277008,-0.24597084522247314,-0.23888465762138367,-0.32700100541114807,-0.360755980014801,-0.3915897607803345,-0.4470958709716797,-0.1249837800860405,-0.5059996843338013,-0.1625993549823761,-0.7118916511535645,-0.18367159366607666,-0.8341355919837952,-0.1992492824792862,-0.9434375166893005,-0.03395571559667587,-0.5187335014343262,-0.043648503720760345,-0.7509663701057434,-0.05288916453719139,-0.8874520659446716,-0.059922054409980774,-1.0,0.050915155559778214,-0.4776122272014618,0.06153663992881775,-0.6877341270446777,0.057659585028886795,-0.8150831460952759,0.05151482671499252,-0.9261557459831238,0.13191869854927063,-0.39976829290390015,0.16884639859199524,-0.5532299280166626,0.18533197045326233,-0.6575943231582642,0.19514669477939606,-0.7565367817878723
open_palm,0.0,0.0,-0.1312769502401352,-0.08466684818267822,-0.24670185148715973,-0.23047596216201782,-0.32659798860549927,-0.3530086278915405,-0.39205244183540344,-0.44281452894210815,-0.12963157892227173,-0.4997882544994354,-0.169073686003685,-0.7074549794197083,-0.18910382688045502,-0.8311313390731812,-0.20463083684444427,-0.9416883587837219,-0.03871001675724983,-0.5118568539619446,-0.04836464300751686,-0.7442095875740051,-0.05713154003024101,-0.8845638632774353,-0.06628204137086868,-1.0,0.047311294823884964,-0.4718814790248871,0.05821570008993149,-0.6811327934265137,0.05498189106583595,-0.8125302791595459,0.04867009073495865,-0.9245819449424744,0.12993687391281128,-0.3976499140262604,0.1664673089981079,-0.5538672804832458,0.1822715699672699,-0.6613991260528564,0.19031767547130585,-0.762140691280365
open_palm,0.0,0.0,-0.12973059713840485,-0.08472799509763718,-0.24422068893909454,-0.23535215854644775,-0.3281293213367462,-0.3532481789588928,-0.3959205150604248,-0.43545645475387573,-0.12435200065374374,-0.4968675374984741,-0.16116616129875183,-0.7052399516105652,-0.18083855509757996,-0.8275424242019653,-0.1991288810968399,-0.9363737106323242,-0.03470344841480255,-0.5075520873069763,-0.04345759376883507,-0.7385698556900024,-0.05319495499134064,-0.8800637722015381,-0.06520076096057892,-1.0,0.04950370639562607,-0.4670376479625702,0.059932492673397064,-0.6790497303009033,0.05713219940662384,-0.811120867729187,0.05070924758911133,-0.9252738952636719,0.1301695555448532,-0.3919263780117035,0.16815370321273804,-0.5484985709190369,0.184768408536911,-0.6557433009147644,0.1926288604736328,-0.7569897174835205
open_palm,0.0,0.0,-0.13353769481182098,-0.08466269075870514,-0.2518644332885742,-0.23048712313175201,-0.3349511921405792,-0.35720327496528625,-0.39042747020721436,-0.4527176022529602,-0.13542884588241577,-0.5017737150192261,-0.1711668223142624,-0.7091427445411682,-0.19225426018238068,-0.8301591277122498,-0.2101512849330902,-0.9398292899131775,-0.0433528907597065,-0.5151612758636475,-0.051554590463638306,-0.7455098628997803,-0.061003077775239944,-0.884341835975647,-0.07249201089143753,-1.0,0.04178681969642639,-0.4759993255138397,0.05296565964818001,-0.6851568818092346,0.049955546855926514,-0.8150215148925781,0.04181847348809242,-0.9256157279014587,0.1236514076590538,-0.40203291177749634,0.160393625497818,-0.5593016743659973,0.17564359307289124,-0.667332649230957,0.18280944228172302,-0.768560528755188
open_palm,0.0,0.0,-0.12801286578178406,-0.094996377825737,-0.24028359353542328,-0.24531541764736176,-0.32124650478363037,-0.366141676902771,-0.3941069543361664,-0.4470575153827667,-0.12552547454833984,-0.5071965456008911,-0.16351696848869324,-0.7115969061851501,-0.18521739542484283,-0.8320331573486328,-0.20149442553520203,-0.9409000873565674,-0.03520270064473152,-0.5194758772850037,-0.04554653912782669,-0.7473609447479248,-0.05712299048900604,-0.8850296139717102,-0.06705036759376526,-1.0,0.04843563586473465,-0.47980815172195435,0.0606255903840065,-0.6878355145454407,0.05621833726763725,-0.8143230676651001,0.04822592809796333,-0.9235283732414246,0.12747804820537567,-0.4042147994041443,0.16267822682857513,-0.5577467679977417,0.17732654511928558,-0.6615924835205078,0.1840141862630844,-0.7593171000480652
open_palm,0.0,0.0,-0.1309564858675003,-0.08627965301275253,-0.24773073196411133,-0.22822628915309906,-0.33186736702919006,-0.35209429264068604,-0.3975653648376465,-0.44099926948547363,-0.1303301453590393,-0.5009487867355347,-0.16832777857780457,-0.7096169590950012,-0.19170986115932465,-0.8332317471504211,-0.2101985514163971,-0.9441215395927429,-0.04206610843539238,-0.5138946771621704,-0.051830653101205826,-0.7467969059944153,-0.06325964629650116,-0.8861318230628967,-0.07440897822380066,-1.0,0.041369304060935974,-0.47553426027297974,0.05196009576320648,-0.6873820424079895,0.04656999558210373,-0.8176349401473999,0.03772008419036865,-0.9279822111129761,0.12262151390314102,-0.40273481607437134,0.15888474881649017,-0.5585604906082153,0.1740247905254364,-0.6657264232635498,0.18214280903339386,-0.7647063136100769
open_palm,0.0,0.0,-0.12987567484378815,-0.08711771667003632,-0.24745775759220123,-0.23227210342884064,-0.331584632396698,-0.3550744950771332,-0.3920765221118927,-0.44086983799934387,-0.13352207839488983,-0.5056930780410767,-0.16919323801994324,-0.711419939994812,-0.19156217575073242,-0.8314152956008911,-0.2105986624956131,-0.9383125305175781,-0.042810145765542984,-0.5181057453155518,-0.05326985940337181,-0.7492258548736572,-0.06599140167236328,-0.8868699669837952,-0.07870323956012726,-1.0,0.04254675284028053,-0.4781411290168762,0.05240486189723015,-0.6894029378890991,0.04561991989612579,-0.818463921546936,0.03535842150449753,-0.9281037449836731,0.1247449740767479,-0.40348103642463684,0.16055001318454742,-0.5615981817245483,0.17596229910850525,-0.6692214608192444,0.18408511579036713,-0.7696111798286438
open_palm,0.0,0.0,-0.13189885020256042,-0.08715544641017914,-0.248147115111351,-0.23113258183002472,-0.32968196272850037,-0.3549446165561676,-0.39468708634376526,-0.44000527262687683,-0.13346967101097107,-0.5060018301010132,-0.16910319030284882,-0.7129493951797485,-0.19149483740329742,-0.8345167636871338,-0.21191395819187164,-0.9432737231254578,-0.04311921074986458,-0.5201589465141296,-0.05129075422883034,-0.7498091459274292,-0.062351029366254807,-0.8879297971725464,-0.07656591385602951,-1.0,0.04203992336988449,-0.48173314332962036,0.05113719776272774,-0.6904468536376953,0.047064829617738724,-0.8175826668739319,0.03786282241344452,-0.9243375658988953,0.12500110268592834,-0.40841370820999146,0.1610124558210373,-0.5623418688774109,0.1751277893781662,-0.6690987944602966,0.18113400042057037,-0.7674230933189392
open_palm,0.0,0.0,-0.12988917529582977,-0.08665423840284348,-0.24551545083522797,-0.23356978595256805,-0.33047133684158325,-0.35101908445358276,-0.39968377351760864,-0.4334225058555603,-0.13255546987056732,-0.5087467432022095,-0.17316871881484985,-0.7105826735496521,-0.19556376338005066,-0.829960286617279,-0.21352910995483398,-0.9377346634864807,-0.04194028303027153,-0.5237512588500977,-0.05440783500671387,-0.753136157989502,-0.06736204773187637,-0.8881413340568542,-0.08038724958896637,-1.0,0.043025508522987366,-0.48390844464302063,0.053198590874671936,-0.6910433769226074,0.046370912343263626,-0.817863404750824,0.035396602004766464,-0.9278349876403809,0.12338278442621231,-0.4077967405319214,0.15992878377437592,-0.5620713829994202,0.17414742708206177,-0.6684366464614868,0.18042418360710144,-0.7702839970588684
open_palm,0.0,0.0,-0.1312197744846344,-0.0876961424946785,-0.24642165005207062,-0.2336944192647934,-0.329208105802536,-0.353732168674469,-0.397134929895401,-0.43919965624809265,-0.13224349915981293,-0.502488374710083,-0.1706184446811676,-0.707773745059967,-0.19263696670532227,-0.8279030919075012,-0.2113431841135025,-0.9365444183349609,-0.041634924709796906,-0.5157986283302307,-0.052493155002593994,-0.7425222992897034,-0.06562992185354233,-0.8824262619018555,-0.07961463183164597,-1.0,0.043437205255031586,-0.47791171073913574,0.053205542266368866,-0.6859020590782166,0.04629197716712952,-0.8159722685813904,0.03489934653043747,-0.9276653528213501,0.12436731904745102,-0.4053991734981537,0.1613922417163849,-0.5596901178359985,0.17686815559864044,-0.6661227941513062,0.18275105953216553,-0.7668067216873169
open_palm,0.0,0.0,-0.13236862421035767,-0.0848834216594696,-0.24868646264076233,-0.22723691165447235,-0.3338477909564972,-0.34540560841560364,-0.39594441652297974,-0.4350467920303345,-0.13862866163253784,-0.5008476972579956,-0.17539982497692108,-0.7107102274894714,-0.1966627538204193,-0.8320260047912598,-0.2155866026878357,-0.9400890469551086,-0.047755178064107895,-0.5138827562332153,-0.05512893572449684,-0.7437646389007568,-0.06527510285377502,-0.8841853737831116,-0.07748308777809143,-1.0,0.037735361605882645,-0.47547775506973267,0.046877242624759674,-0.68336021900177,0.04246576875448227,-0.812126636505127,0.033871423453092575,-0.921279788017273,0.1198493242263794,-0.40319332480430603,0.15540659427642822,-0.5570010542869568,0.16984227299690247,-0.6636075377464294,0.177115797996521,-0.7625842094421387
open_palm,0.0,0.0,-0.13000215590000153,-0.08445215225219727,-0.24661821126937866,-0.2361711710691452,-0.33037370443344116,-0.35613372921943665,-0.40326088666915894,-0.43384429812431335,-0.13448208570480347,-0.5048523545265198,-0.17503313720226288,-0.7109624147415161,-0.1965303272008896,-0.8322539329528809,-0.2151545137166977,-0.9414106011390686,-0.04391684755682945,-0.5203454494476318,-0.056273020803928375,-0.7481793165206909,-0.06766586750745773,-0.8849327564239502,-0.07991386950016022,-1.0,0.04144994169473648,-0.4818853437900543,0.04928005114197731,-0.6923801302909851,0.042803000658750534,-0.8190156817436218,0.031779371201992035,-0.928662121295929,0.12293453514575958,-0.40707308053970337,0.15905174612998962,-0.5601769089698792,0.1736864149570465,-0.6652112603187561,0.17912495136260986,-0.7650558352470398
open_palm,0.0,0.0,-0.1315833032131195,-0.08634813874959946,-0.24920809268951416,-0.23261231184005737,-0.3308367431163788,-0.35360562801361084,-0.39780393242836,-0.4376491606235504,-0.1366405487060547,-0.5027607679367065,-0.1758466213941574,-0.7123520374298096,-0.19900014996528625,-0.8352035880088806,-0.21961407363414764,-0.9419168829917908,-0.047287583351135254,-0.5172867774963379,-0.056856922805309296,-0.7473345398902893,-0.0690305307507515,-0.8864738345146179,-0.08357404172420502,-1.0,0.037434324622154236,-0.4816268980503082,0.04602475091814995,-0.6932521462440491,0.04077084735035896,-0.8219429850578308,0.03019074536859989,-0.9298818707466125,0.11921283602714539,-0.4097895324230194,0.15623986721038818,-0.5660097599029541,0.17141592502593994,-0.6696387529373169,0.17574460804462433,-0.7655084729194641
open_palm,0.0,0.0,-0.1277134269475937,-0.08313843607902527,-0.24275584518909454,-0.23305243253707886,-0.32652002573013306,-0.3527769446372986,-0.3966931700706482,-0.43653056025505066,-0.12991482019424438,-0.5021078586578369,-0.17025421559810638,-0.710196316242218,-0.19264839589595795,-0.8342306613922119,-0.2133442759513855,-0.9422356486320496,-0.040274858474731445,-0.516257107257843,-0.05427239462733269,-0.7427303791046143,-0.06750673055648804,-0.8827301859855652,-0.08164451271295547,-1.0,0.04393747076392174,-0.4777159094810486,0.05042684078216553,-0.6870421171188354,0.044668544083833694,-0.817496657371521,0.03595053032040596,-0.9296307563781738,0.12444321066141129,-0.40322887897491455,0.1594613641500473,-0.5558184385299683,0.17485155165195465,-0.6614122986793518,0.18168358504772186,-0.7609862089157104
open_palm,0.0,0.0,-0.1320408433675766,-0.08127062767744064,-0.24524939060211182,-0.22644422948360443,-0.3262631893157959,-0.3434945344924927,-0.3884311020374298,-0.4287898540496826,-0.1322629302740097,-0.5044278502464294,-0.16882681846618652,-0.7075717449188232,-0.1915123015642166,-0.8255068063735962,-0.21392129361629486,-0.9312496781349182,-0.040423646569252014,-0.5167206525802612,-0.04758528620004654,-0.7430742383003235,-0.05797287076711655,-0.8813631534576416,-0.07160037010908127,-1.0,0.04406048357486725,-0.47686871886253357,0.0536307618021965,-0.6816586256027222,0.0484238862991333,-0.8103274703025818,0.03879764303565025,-0.9227181077003479,0.12473569810390472,-0.4023497700691223,0.16042548418045044,-0.55616694688797,0.17396700382232666,-0.6624298691749573,0.17912884056568146,-0.7632662653923035
open_palm,0.0,0.0,-0.1310136467218399,-0.08171265572309494,-0.2437090128660202,-0.2243676334619522,-0.323464035987854,-0.3410288095474243,-0.38607004284858704,-0.42755839228630066,-0.13328036665916443,-0.5009688138961792,-0.17048455774784088,-0.7025424242019653,-0.19246451556682587,-0.8212549090385437,-0.21368274092674255,-0.9286205768585205,-0.04093417525291443,-0.515735924243927,-0.04867018014192581,-0.7409574389457703,-0.06002729386091232,-0.879838764667511,-0.0740455910563469,-1.0,0.043779414147138596,-0.47671398520469666,0.052194733172655106,-0.6805250644683838,0.0461779460310936,-0.8098136186599731,0.035999830812215805,-0.9230592250823975,0.12306719273328781,-0.40210169553756714,0.15936122834682465,-0.5533717274665833,0.17308147251605988,-0.6580470204353333,0.1777360439300537,-0.7572697401046753
closed_fist,0.0,0.0,-0.19532689452171326,-0.1335465908050537,-0.3768325448036194,-0.40211814641952515,-0.36745214462280273,-0.6512396931648254,-0.215362548828125,-0.7239616513252258,-0.29291027784347534,-0.7861566543579102,-0.37368953227996826,-0.960403561592102,-0.35425084829330444,-0.6773107051849365,-0.30812859535217285,-0.5751487612724304,-0.13720950484275818,-0.7910892367362976,-0.21248941123485565,-1.0,-0.1980961263179779,-0.653751015663147,-0.1612866073846817,-0.5668128728866577,0.02130884677171707,-0.7639814615249634,-0.047268230468034744,-0.9438091516494751,-0.06851544231176376,-0.6079676151275635,-0.04275648668408394,-0.5100895166397095,0.18420256674289703,-0.693388819694519,0.10104523599147797,-0.824578046798706,0.06882891058921814,-0.6001386046409607,0.09292512387037277,-0.5195829272270203
closed_fist,0.0,0.0,-0.19136908650398254,-0.1395154744386673,-0.3689172863960266,-0.39381399750709534,-0.34993165731430054,-0.6391996145248413,-0.19406749308109283,-0.7112583518028259,-0.30143672227859497,-0.7744048833847046,-0.3650120198726654,-0.9550538063049316,-0.3467346429824829,-0.701762318611145,-0.3074967861175537,-0.5924597382545471,-0.1461580991744995,-0.7853631377220154,-0.21263575553894043,-1.0,-0.2048790454864502,-0.6971420645713806,-0.1754099428653717,-0.6033051609992981,0.007805725559592247,-0.7575039267539978,-0.05016704648733139,-0.9195566773414612,-0.07795063406229019,-0.6130896806716919,-0.06428617238998413,-0.5073661208152771,0.16789229214191437,-0.6836069226264954,0.09236432611942291,-0.7922980785369873,0.055730171501636505,-0.5883574485778809,0.06952384114265442,-0.5070350766181946
closed_fist,0.0,0.0,-0.19836430251598358,-0.12677739560604095,-0.3765031099319458,-0.39221832156181335,-0.3594357371330261,-0.638392448425293,-0.21357718110084534,-0.7034754753112793,-0.3021356165409088,-0.7925801277160645,-0.35922664403915405,-0.9730129837989807,-0.3541525602340698,-0.6786893010139465,-0.31579896807670593,-0.5954787135124207,-0.1488208770751953,-0.7974033355712891,-0.2041761428117752,-1.0,-0.20576085150241852,-0.655694842338562,-0.17580440640449524,-0.5903200507164001,0.008795196190476418,-0.7678601741790771,-0.044122595340013504,-0.9260522723197937,-0.07438836246728897,-0.5903074145317078,-0.05235791951417923,-0.5092816352844238,0.16778244078159332,-0.6956420540809631,0.09297135472297668,-0.8118152022361755,0.058461688458919525,-0.5900885462760925,0.0821940004825592,-0.5176402926445007
closed_fist,0.0,0.0,-0.19256478548049927,-0.1295659840106964,-0.359318345785141,-0.3997304439544678,-0.33679404854774475,-0.6461199522018433,-0.19307540357112885,-0.719524085521698,-0.2923734784126282,-0.7782636284828186,-0.3570379912853241,-0.962490439414978,-0.34393441677093506,-0.6932452917098999,-0.30377763509750366,-0.6009484529495239,-0.13573448359966278,-0.7862548828125,-0.20286718010902405,-1.0,-0.19683994352817535,-0.6781240105628967,-0.16048122942447662,-0.6074787378311157,0.023732377216219902,-0.7599645853042603,-0.035927675664424896,-0.9437637329101562,-0.06396225094795227,-0.6311023235321045,-0.03745989874005318,-0.5459151864051819,0.18903999030590057,-0.6906612515449524,0.11529618501663208,-0.831290602684021,0.07428663223981857,-0.6176502704620361,0.09339474886655807,-0.5351715683937073
closed_fist,0.0,0.0,-0.1962057650089264,-0.12682349979877472,-0.3752857446670532,-0.39994823932647705,-0.35342830419540405,-0.6566583514213562,-0.19456979632377625,-0.7003278136253357,-0.3030106723308563,-0.7809934020042419,-0.36628708243370056,-0.9736681580543518,-0.351380318403244,-0.6908309459686279,-0.3110572099685669,-0.5872810482978821,-0.14336508512496948,-0.7876894474029541,-0.2120652049779892,-1.0,-0.20523805916309357,-0.6718404293060303,-0.17077311873435974,-0.5924631953239441,0.015197662636637688,-0.7573498487472534,-0.049887217581272125,-0.925521969795227,-0.07494358718395233,-0.610447347164154,-0.04727206751704216,-0.5227369070053101,0.18058456480503082,-0.685554027557373,0.0964207798242569,-0.7949443459510803,0.06478830426931381,-0.5905131697654724,0.09008868038654327,-0.5209158062934875
closed_fist,0.0,0.0,-0.20375311374664307,-0.1364726573228836,-0.38668540120124817,-0.4055674076080322,-0.36027848720550537,-0.646312415599823,-0.1950477808713913,-0.7020809650421143,-0.3071661591529846,-0.7942648530006409,-0.38129931688308716,-0.9772690534591675,-0.36529701948165894,-0.6811038255691528,-0.31422707438468933,-0.5926990509033203,-0.1448325365781784,-0.7984409928321838,-0.21770291030406952,-1.0,-0.21161314845085144,-0.6544293761253357,-0.17160190641880035,-0.5890858173370361,0.02026469074189663,-0.7672075033187866,-0.04223478585481644,-0.9414307475090027,-0.0738094225525856,-0.5915847420692444,-0.04544255509972572,-0.49917203187942505,0.18995289504528046,-0.690120279788971,0.10320743173360825,-0.8185201287269592,0.0662083700299263,-0.5825311541557312,0.09441608190536499,-0.5006834268569946
closed_fist,0.0,0.0,-0.19883272051811218,-0.14588569104671478,-0.3772951066493988,-0.40879884362220764,-0.35453006625175476,-0.6504791975021362,-0.19005246460437775,-0.7113915085792542,-0.29790085554122925,-0.8227638602256775,-0.36950621008872986,-0.9888636469841003,-0.3552846908569336,-0.6938310265541077,-0.3111180067062378,-0.6184977293014526,-0.14184127748012543,-0.8248302340507507,-0.21867705881595612,-1.0,-0.21093802154064178,-0.6625202894210815,-0.17309090495109558,-0.6120147109031677,0.01491415873169899,-0.7866033315658569,-0.04679863527417183,-0.9318640828132629,-0.07904120534658432,-0.5933611989021301,-0.05481177568435669,-0.5135546326637268,0.17497500777244568,-0.6984329223632812,0.09640825539827347,-0.8010029196739197,0.05407419055700302,-0.5763815641403198,0.07552128285169601,-0.5055917501449585
closed_fist,0.0,0.0,-0.1963924914598465,-0.14000862836837769,-0.3730887770652771,-0.41424915194511414,-0.35395529866218567,-0.6642724871635437,-0.19398634135723114,-0.7287188768386841,-0.2849056124687195,-0.8186779618263245,-0.36050209403038025,-0.9910649657249451,-0.35797202587127686,-0.6809995770454407,-0.31126633286476135,-0.5877554416656494,-0.12457675486803055,-0.81757652759552,-0.20467498898506165,-1.0,-0.2053770124912262,-0.6442933678627014,-0.16503943502902985,-0.5779494047164917,0.036208778619766235,-0.783005952835083,-0.035533297806978226,-0.9431007504463196,-0.0743003860116005,-0.5899598598480225,-0.04737326130270958,-0.500408947467804,0.19571952521800995,-0.7032510042190552,0.10568743199110031,-0.810559093952179,0.06379978358745575,-0.5806453824043274,0.09364341199398041,-0.5061721801757812
closed_fist,0.0,0.0,-0.19945748150348663,-0.1287679374217987,-0.37652215361595154,-0.39488816261291504,-0.35781505703926086,-0.6421247720718384,-0.2017068862915039,-0.711294949054718,-0.305862158536911,-0.7677319645881653,-0.37130483984947205,-0.9651954770088196,-0.35555121302604675,-0.7057923674583435,-0.3170565962791443,-0.5973237752914429,-0.14959752559661865,-0.7748099565505981,-0.21480555832386017,-1.0,-0.2062525898218155,-0.6856827735900879,-0.1741555631160736,-0.5923076868057251,0.008094984106719494,-0.7472999095916748,-0.045393798500299454,-0.941239595413208,-0.07108808308839798,-0.6288833618164062,-0.0531148836016655,-0.5149992108345032,0.17399747669696808,-0.6775514483451843,0.10900069773197174,-0.8216928243637085,0.07053909450769424,-0.6073117852210999,0.08172400295734406,-0.5082252025604248
closed_fist,0.0,0.0,-0.19572190940380096,-0.13933056592941284,-0.3746911287307739,-0.411808043718338,-0.3609256148338318,-0.6621547937393188,-0.20436176657676697,-0.70274817943573,-0.3027084767818451,-0.7830994725227356,-0.36521419882774353,-0.9726173877716064,-0.3499853312969208,-0.6926464438438416,-0.3093208372592926,-0.595458984375,-0.14768892526626587,-0.7855014801025391,-0.21014291048049927,-1.0,-0.20129843056201935,-0.6741316318511963,-0.16768573224544525,-0.597193717956543,0.009708274155855179,-0.75724196434021,-0.048586610704660416,-0.9490700960159302,-0.07139188051223755,-0.6312840580940247,-0.045946888625621796,-0.5408477783203125,0.17327408492565155,-0.6916706562042236,0.09471133351325989,-0.8264792561531067,0.06315667927265167,-0.6161229014396667,0.08796451985836029,-0.5388770699501038
closed_fist,0.0,0.0,-0.1906576305627823,-0.13171538710594177,-0.3695186674594879,-0.4069487750530243,-0.3494970202445984,-0.6491016149520874,-0.18850691616535187,-0.6931599378585815,-0.28047773241996765,-0.8051432967185974,-0.35963356494903564,-0.9737375378608704,-0.3559373617172241,-0.6893297433853149,-0.3071257472038269,-0.6120848059654236,-0.12077517807483673,-0.8072042465209961,-0.1975361704826355,-1.0,-0.1990290731191635,-0.6689454317092896,-0.15523535013198853,-0.6057953834533691,0.043909329921007156,-0.7726703882217407,-0.022648638114333153,-0.9405453205108643,-0.05885760486125946,-0.6064085364341736,-0.028304167091846466,-0.5160982012748718,0.21159011125564575,-0.6955708861351013,0.12662893533706665,-0.8185285925865173,0.08470074087381363,-0.5908731818199158,0.11200367659330368,-0.5049126744270325
closed_fist,0.0,0.0,-0.19136835634708405,-0.14762355387210846,-0.365947961807251,-0.41461387276649475,-0.3529372215270996,-0.658175528049469,-0.19223269820213318,-0.7263609766960144,-0.2804229259490967,-0.809104859828949,-0.3642733097076416,-0.9784671664237976,-0.3508635461330414,-0.6898066997528076,-0.30465155839920044,-0.5988873839378357,-0.12475147843360901,-0.8153846263885498,-0.20821425318717957,-1.0,-0.19777171313762665,-0.6599856019020081,-0.1537943333387375,-0.5938260555267334,0.03523976728320122,-0.7820212244987488,-0.04319654405117035,-0.9368726015090942,-0.0630635917186737,-0.6042420268058777,-0.022613665089011192,-0.5264232754707336,0.2001902014017105,-0.705425500869751,0.10508163273334503,-0.8070818185806274,0.07855943590402603,-0.5876979827880859,0.11671935766935349,-0.5237703323364258
closed_fist,0.0,0.0,-0.1928558647632599,-0.1380051076412201,-0.3665251135826111,-0.4304374158382416,-0.3475649058818817,-0.6749557256698608,-0.19089676439762115,-0.7201286554336548,-0.26905688643455505,-0.8111477494239807,-0.35294309258461,-0.9949676990509033,-0.3508478105068207,-0.7066437602043152,-0.3036867082118988,-0.61328125,-0.11615429818630219,-0.8116866946220398,-0.19882863759994507,-1.0,-0.19611456990242004,-0.6606894731521606,-0.1493034064769745,-0.5887500643730164,0.04165205731987953,-0.7789459824562073,-0.03302948176860809,-0.9519014954566956,-0.0664067491889,-0.6178233027458191,-0.030879216268658638,-0.5303536057472229,0.2009146362543106,-0.7051801681518555,0.10900162905454636,-0.8351672291755676,0.0730324313044548,-0.6147862076759338,0.10977073758840561,-0.5377804040908813
closed_fist,0.0,0.0,-0.19370050728321075,-0.1353781521320343,-0.37163716554641724,-0.41268354654312134,-0.35258638858795166,-0.6546533703804016,-0.18920813500881195,-0.7084333896636963,-0.2748308777809143,-0.8108363747596741,-0.351257860660553,-0.9727470874786377,-0.34691861271858215,-0.691769540309906,-0.30196231603622437,-0.6082233786582947,-0.11322426795959473,-0.8165161609649658,-0.19442923367023468,-1.0,-0.19340485334396362,-0.6666513085365295,-0.1500582993030548,-0.5979218482971191,0.051371652632951736,-0.7835574746131897,-0.020328370854258537,-0.9528712630271912,-0.055235136300325394,-0.621899425983429,-0.025841746479272842,-0.5283985137939453,0.21608997881412506,-0.7049223780632019,0.12692345678806305,-0.8258245587348938,0.08517733216285706,-0.6023634672164917,0.11439958214759827,-0.5183420777320862
closed_fist,0.0,0.0,-0.19349294900894165,-0.12957142293453217,-0.37269192934036255,-0.4110676944255829,-0.3484441339969635,-0.6630686521530151,-0.17688588798046112,-0.6937041282653809,-0.2986510097980499,-0.7934162020683289,-0.36016836762428284,-0.9814444184303284,-0.35111668705940247,-0.6913737654685974,-0.3122292160987854,-0.6075857281684875,-0.1359773576259613,-0.8015696406364441,-0.20839929580688477,-1.0,-0.20415210723876953,-0.6549021005630493,-0.1666853129863739,-0.5922837853431702,0.024094630032777786,-0.7708633542060852,-0.036456845700740814,-0.9281916618347168,-0.06833330541849136,-0.5969333052635193,-0.04065042734146118,-0.5158648490905762,0.18800468742847443,-0.6980383396148682,0.10708191245794296,-0.8117693066596985,0.07299283146858215,-0.590068519115448,0.09914503991603851,-0.5164629220962524
closed_fist,0.0,0.0,-0.2009493112564087,-0.13094651699066162,-0.38175642490386963,-0.4195210933685303,-0.356627881526947,-0.6665312051773071,-0.19417263567447662,-0.7088220715522766,-0.29716670513153076,-0.8221286535263062,-0.36851224303245544,-0.9881411790847778,-0.36227720975875854,-0.6973238587379456,-0.3195055425167084,-0.6233181357383728,-0.13826675713062286,-0.8252665400505066,-0.21568694710731506,-1.0,-0.21175599098205566,-0.6582146883010864,-0.17212803661823273,-0.603527843952179,0.02618211694061756,-0.7925650477409363,-0.038503531366586685,-0.9533502459526062,-0.07356683164834976,-0.6040772199630737,-0.04947293549776077,-0.512888491153717,0.19206058979034424,-0.7146430611610413,0.10796767473220825,-0.8333593010902405,0.06367027759552002,-0.5980903506278992,0.08812190592288971,-0.5160531401634216
closed_fist,0.0,0.0,-0.19883404672145844,-0.12810376286506653,-0.3765541613101959,-0.39708706736564636,-0.34742915630340576,-0.6512035131454468,-0.1848769187927246,-0.7026553153991699,-0.30604737997055054,-0.789242148399353,-0.3651711642742157,-0.9725083708763123,-0.35140445828437805,-0.6880389451980591,-0.31580182909965515,-0.6038781404495239,-0.14911235868930817,-0.7983849048614502,-0.21330687403678894,-1.0,-0.20612840354442596,-0.6672354936599731,-0.17692066729068756,-0.5990339517593384,0.01026250422000885,-0.766846239566803,-0.045476555824279785,-0.9244937896728516,-0.07208725810050964,-0.6004277467727661,-0.05172751098871231,-0.5172956585884094,0.17343707382678986,-0.6919151544570923,0.09594690799713135,-0.8128150105476379,0.056322988122701645,-0.6009613871574402,0.07312477380037308,-0.5290272235870361
closed_fist,0.0,0.0,-0.19947069883346558,-0.12686479091644287,-0.38035908341407776,-0.4017331600189209,-0.35687899589538574,-0.651099681854248,-0.19508518278598785,-0.7053802609443665,-0.3139030337333679,-0.7838555574417114,-0.3751864433288574,-0.9677728414535522,-0.3506636619567871,-0.6919867396354675,-0.3109489381313324,-0.5997194647789001,-0.15133704245090485,-0.7919824123382568,-0.2119733989238739,-1.0,-0.1961839348077774,-0.6591768860816956,-0.16829805076122284,-0.5823201537132263,0.01301258523017168,-0.7640433311462402,-0.03642620891332626,-0.9322606921195984,-0.05948425456881523,-0.5932883620262146,-0.044247258454561234,-0.4953269362449646,0.18192894756793976,-0.6940620541572571,0.11246208101511002,-0.8158445358276367,0.07914553582668304,-0.5858868956565857,0.09394587576389313,-0.502748429775238
closed_fist,0.0,0.0,-0.1984425038099289,-0.12405522167682648,-0.37142691016197205,-0.40251725912094116,-0.3521224558353424,-0.647548258304596,-0.19947479665279388,-0.7183690667152405,-0.3067554533481598,-0.7683047652244568,-0.37407737970352173,-0.958758533000946,-0.3546218276023865,-0.6858280897140503,-0.3136110007762909,-0.5925608277320862,-0.14834359288215637,-0.782717764377594,-0.21061210334300995,-1.0,-0.1994292140007019,-0.6701716184616089,-0.16710862517356873,-0.5952631235122681,0.016022399067878723,-0.758182168006897,-0.03965023532509804,-0.9325836300849915,-0.06488054245710373,-0.6045846939086914,-0.043601635843515396,-0.5166144967079163,0.18363657593727112,-0.6905643343925476,0.10762923955917358,-0.8193086981773376,0.07550866901874542,-0.5965279936790466,0.09669876098632812,-0.5174918174743652
closed_fist,0.0,0.0,-0.20245295763015747,-0.14024008810520172,-0.3885272145271301,-0.40599337220191956,-0.3653978109359741,-0.6584925055503845,-0.1958560347557068,-0.7212027311325073,-0.31200867891311646,-0.8116172552108765,-0.380473792552948,-0.9825973510742188,-0.36294278502464294,-0.6988043189048767,-0.3238663077354431,-0.622909665107727,-0.14913427829742432,-0.8105228543281555,-0.22471123933792114,-1.0,-0.21247342228889465,-0.6635767817497253,-0.17624080181121826,-0.6028451919555664,0.016119923442602158,-0.7706261277198792,-0.044865936040878296,-0.9468757510185242,-0.07304669171571732,-0.6133195161819458,-0.049237415194511414,-0.5248905420303345,0.18609210848808289,-0.6883819103240967,0.1054282858967781,-0.8161574006080627,0.05992414802312851,-0.5957486033439636,0.07491686940193176,-0.5201193690299988
closed_fist,0.0,0.0,-0.1912413239479065,-0.12960626184940338,-0.3676895201206207,-0.4191800355911255,-0.35906627774238586,-0.6697278618812561,-0.2056347280740738,-0.7096644043922424,-0.29054495692253113,-0.8042092323303223,-0.3624379634857178,-0.9701418876647949,-0.3491232991218567,-0.6819592714309692,-0.30681538581848145,-0.6024438738822937,-0.13499273359775543,-0.8084191679954529,-0.20595192909240723,-1.0,-0.1984228491783142,-0.6539624929428101,-0.16474948823451996,-0.5935070514678955,0.023822367191314697,-0.7752560973167419,-0.042642395943403244,-0.9400993585586548,-0.06861472874879837,-0.596034586429596,-0.04239388927817345,-0.519133448600769,0.1845843493938446,-0.7019895315170288,0.09725095331668854,-0.8003634214401245,0.06399732828140259,-0.5719866156578064,0.09114773571491241,-0.5067919492721558
closed_fist,0.0,0.0,-0.19704751670360565,-0.14048132300376892,-0.38322752714157104,-0.41625654697418213,-0.3565407991409302,-0.6719778180122375,-0.18985339999198914,-0.7426053881645203,-0.2948529124259949,-0.798636257648468,-0.36536702513694763,-0.9907854795455933,-0.3563971519470215,-0.7174737453460693,-0.3122742772102356,-0.5970081686973572,-0.13398060202598572,-0.8021888732910156,-0.19212675094604492,-1.0,-0.19212932884693146,-0.6743077039718628,-0.16244876384735107,-0.5678642988204956,0.029774559661746025,-0.7661189436912537,-0.028274931013584137,-0.8851995468139648,-0.05554720386862755,-0.566712498664856,-0.036719463765621185,-0.46468305587768555,0.19556111097335815,-0.6869346499443054,0.12130504101514816,-0.7778313159942627,0.09089536219835281,-0.571207582950592,0.11551416665315628,-0.4995138645172119
closed_fist,0.0,0.0,-0.19617460668087006,-0.13981609046459198,-0.38721078634262085,-0.44284409284591675,-0.3568703532218933,-0.7118453979492188,-0.18195438385009766,-0.7788338661193848,-0.2843199074268341,-0.8828587532043457,-0.3692246973514557,-1.0,-0.34612157940864563,-0.7164837121963501,-0.28318923711776733,-0.6255428791046143,-0.1114497110247612,-0.8944007158279419,-0.17912206053733826,-0.9703313112258911,-0.18323740363121033,-0.6379497051239014,-0.1442781537771225,-0.5792092680931091,0.05555019900202751,-0.8512081503868103,-0.015440450981259346,-0.8361062407493591,-0.052713338285684586,-0.5207672119140625,-0.025037871673703194,-0.464664489030838,0.21917439997196198,-0.7617895603179932,0.12324170768260956,-0.7187685966491699,0.08031118661165237,-0.5039022564888,0.10956215858459473,-0.4689082205295563
closed_fist,0.0,0.0,-0.19204838573932648,-0.14176642894744873,-0.37402063608169556,-0.43234187364578247,-0.32843923568725586,-0.704627513885498,-0.14670102298259735,-0.7696391940116882,-0.29172438383102417,-0.8457580804824829,-0.3752060532569885,-1.0,-0.35223588347435,-0.7071158289909363,-0.28681913018226624,-0.604953408241272,-0.12109286338090897,-0.8600341081619263,-0.18455465137958527,-0.9608206152915955,-0.18758341670036316,-0.6220945119857788,-0.14359693229198456,-0.5831925868988037,0.04726327210664749,-0.8235198259353638,-0.019401242956519127,-0.8306973576545715,-0.05892961099743843,-0.5036717057228088,-0.022639382630586624,-0.4618886113166809,0.21772386133670807,-0.7409495711326599,0.12089121341705322,-0.7293452620506287,0.08045145869255066,-0.5106877088546753,0.11442295461893082,-0.477450966835022
closed_fist,0.0,0.0,-0.2084406614303589,-0.10208076238632202,-0.41442134976387024,-0.44230344891548157,-0.3775947093963623,-0.7524568438529968,-0.18360523879528046,-0.8281874060630798,-0.3188297748565674,-0.9177116751670837,-0.4292125999927521,-1.0,-0.3654524087905884,-0.6981706619262695,-0.2849051356315613,-0.6176495552062988,-0.138934925198555,-0.9586789608001709,-0.22755829989910126,-0.9518659114837646,-0.20201720297336578,-0.6057882905006409,-0.15348507463932037,-0.5842725038528442,0.030533315613865852,-0.9126890301704407,-0.04661388322710991,-0.8491761684417725,-0.06948446482419968,-0.5377740859985352,-0.035695407539606094,-0.5228744745254517,0.20256467163562775,-0.8139268755912781,0.10241696238517761,-0.7296252846717834,0.060568902641534805,-0.5188090205192566,0.08920441567897797,-0.5238761901855469
closed_fist,0.0,0.0,-0.18658490478992462,-0.14382688701152802,-0.3536001741886139,-0.4476635754108429,-0.2958984673023224,-0.7062931060791016,-0.12872490286827087,-0.7776241302490234,-0.26428255438804626,-0.87110435962677,-0.3729337453842163,-1.0,-0.3409880995750427,-0.70877605676651,-0.2696353793144226,-0.6157276630401611,-0.10097915679216385,-0.8857885599136353,-0.19411593675613403,-0.9737783670425415,-0.19365781545639038,-0.6495800018310547,-0.15058204531669617,-0.6064602136611938,0.05713849142193794,-0.8443334102630615,-0.03311903402209282,-0.8582659959793091,-0.06616221368312836,-0.5357482433319092,-0.029216663911938667,-0.479444682598114,0.215129554271698,-0.7551127672195435,0.09875396639108658,-0.7298985719680786,0.06418943405151367,-0.5172879099845886,0.10528957098722458,-0.4805279076099396
closed_fist,0.0,0.0,-0.1997288018465042,-0.13449420034885406,-0.3797486424446106,-0.4230273365974426,-0.3363058567047119,-0.6680106520652771,-0.17056763172149658,-0.7184885144233704,-0.29871517419815063,-0.8457304239273071,-0.3698250651359558,-1.0,-0.3635195195674896,-0.7058383822441101,-0.31654009222984314,-0.6220760345458984,-0.13757768273353577,-0.8506670594215393,-0.2029103934764862,-0.9643877744674683,-0.2083752304315567,-0.6266117095947266,-0.17485924065113068,-0.5876770615577698,0.019069373607635498,-0.8099144697189331,-0.039632100611925125,-0.8669138550758362,-0.07976222783327103,-0.53761225938797,-0.05580680072307587,-0.48210349678993225,0.17640934884548187,-0.7226712703704834,0.09426891058683395,-0.7641655802726746,0.05536419153213501,-0.5476378798484802,0.08094573765993118,-0.5002722144126892
closed_fist,0.0,0.0,-0.18871530890464783,-0.14533603191375732,-0.366646409034729,-0.452962726354599,-0.3349590301513672,-0.7129617929458618,-0.16580137610435486,-0.7711130380630493,-0.30508241057395935,-0.8273036479949951,-0.38474321365356445,-1.0,-0.34449324011802673,-0.7100530862808228,-0.2854231595993042,-0.6101189255714417,-0.1456291377544403,-0.836164116859436,-0.20308923721313477,-0.9852713942527771,-0.1838068664073944,-0.648904025554657,-0.15160824358463287,-0.5969609618186951,0.0175959262996912,-0.805012047290802,-0.033077407628297806,-0.8896047472953796,-0.055562589317560196,-0.5613161325454712,-0.03779808431863785,-0.49857768416404724,0.18008674681186676,-0.7360527515411377,0.11267488449811935,-0.77604079246521,0.08224454522132874,-0.5662626624107361,0.10394711792469025,-0.5274503231048584
closed_fist,0.0,0.0,-0.19577902555465698,-0.13400401175022125,-0.3782157003879547,-0.43621814250946045,-0.3331007957458496,-0.6969096064567566,-0.1607760637998581,-0.7528072595596313,-0.30852314829826355,-0.8370749950408936,-0.3777015507221222,-1.0,-0.34992527961730957,-0.7060270309448242,-0.2996077835559845,-0.6197980046272278,-0.1421128809452057,-0.846533477306366,-0.19738630950450897,-0.9867638945579529,-0.19254785776138306,-0.6452396512031555,-0.16689185798168182,-0.6033051013946533,0.024515874683856964,-0.8084843158721924,-0.018406780436635017,-0.8850700259208679,-0.05735798925161362,-0.5448802709579468,-0.045518044382333755,-0.4820822775363922,0.1895575225353241,-0.725497841835022,0.12719623744487762,-0.7739285826683044,0.08395398408174515,-0.5447770953178406,0.09759774059057236,-0.48938560485839844
closed_fist,0.0,0.0,-0.2044166922569275,-0.13796228170394897,-0.38731154799461365,-0.4162570536136627,-0.3482384979724884,-0.6669715642929077,-0.18313033878803253,-0.7362430691719055,-0.32928377389907837,-0.8120496273040771,-0.3936423361301422,-1.0,-0.36149880290031433,-0.7257761359214783,-0.31633010506629944,-0.612755298614502,-0.1607605367898941,-0.8258755207061768,-0.21575285494327545,-0.982589602470398,-0.1980970948934555,-0.6589134931564331,-0.17129674553871155,-0.5869737267494202,0.008504188619554043,-0.7937110066413879,-0.03627297654747963,-0.8950512409210205,-0.059957489371299744,-0.5658427476882935,-0.04979720711708069,-0.47547632455825806,0.1772902011871338,-0.7141500115394592,0.11103975772857666,-0.7852916121482849,0.07956497371196747,-0.5695046782493591,0.09164884686470032,-0.5015096068382263
closed_fist,0.0,0.0,-0.19670189917087555,-0.12577183544635773,-0.37749165296554565,-0.4195140600204468,-0.3491555154323578,-0.6821293830871582,-0.18835093080997467,-0.7483687400817871,-0.3131456971168518,-0.8084135055541992,-0.3955990672111511,-1.0,-0.3698585629463196,-0.713338315486908,-0.3179702162742615,-0.5876833200454712,-0.14790384471416473,-0.8183391690254211,-0.2155628651380539,-0.9838637709617615,-0.19948555529117584,-0.6446583271026611,-0.1654452532529831,-0.5552064776420593,0.018111832439899445,-0.7877475023269653,-0.04351894184947014,-0.8903204798698425,-0.06754206120967865,-0.55600905418396,-0.04877500608563423,-0.4563296139240265,0.18357431888580322,-0.7167285084724426,0.10331068933010101,-0.7902502417564392,0.07905199378728867,-0.5725888013839722,0.10685547441244125,-0.5001676678657532
closed_fist,0.0,0.0,-0.19501033425331116,-0.1392630934715271,-0.37471142411231995,-0.42772555351257324,-0.3364218473434448,-0.6789147853851318,-0.1724863201379776,-0.7317248582839966,-0.2928226888179779,-0.8488505482673645,-0.37097176909446716,-1.0,-0.354037880897522,-0.7000879645347595,-0.3009483814239502,-0.6099995970726013,-0.12994219362735748,-0.8483694791793823,-0.1984637826681137,-0.9689470529556274,-0.19416743516921997,-0.6294572949409485,-0.1548905372619629,-0.5847907662391663,0.0348036102950573,-0.8070601224899292,-0.028439750894904137,-0.8728915452957153,-0.06267184019088745,-0.5443692803382874,-0.03481236472725868,-0.48971059918403625,0.1992989480495453,-0.7226608395576477,0.11834793537855148,-0.7640963196754456,0.08576875925064087,-0.5502433180809021,0.11827513575553894,-0.5075457096099854
closed_fist,0.0,0.0,-0.2027558535337448,-0.14433647692203522,-0.3880515396595001,-0.43862971663475037,-0.3498443067073822,-0.6885711550712585,-0.18124523758888245,-0.7311813831329346,-0.3186802566051483,-0.826606810092926,-0.38316401839256287,-1.0,-0.36146417260169983,-0.7004600763320923,-0.31057286262512207,-0.6120892763137817,-0.1546250283718109,-0.8343415856361389,-0.21439625322818756,-0.9849994778633118,-0.2098250538110733,-0.6419041752815247,-0.1781214326620102,-0.5951840281486511,0.009876329451799393,-0.8021482825279236,-0.04411518573760986,-0.8881168365478516,-0.07785387337207794,-0.5513725280761719,-0.056028492748737335,-0.4898838698863983,0.17384926974773407,-0.7231006622314453,0.09689042717218399,-0.7747864127159119,0.055446043610572815,-0.5486286282539368,0.07577493786811829,-0.49482303857803345
closed_fist,0.0,0.0,-0.20006753504276276,-0.138544961810112,-0.37876957654953003,-0.43143099546432495,-0.3275620937347412,-0.6866652965545654,-0.15767249464988708,-0.7465035915374756,-0.31234627962112427,-0.8233375549316406,-0.3799702227115631,-1.0,-0.35500460863113403,-0.7157952189445496,-0.30462902784347534,-0.6051506996154785,-0.14750151336193085,-0.8396361470222473,-0.20120766758918762,-0.9864692687988281,-0.19760525226593018,-0.6539156436920166,-0.1680615097284317,-0.5933288931846619,0.017846575006842613,-0.8083720803260803,-0.025890573859214783,-0.8746591806411743,-0.06042494252324104,-0.5505656599998474,-0.042456090450286865,-0.48683857917785645,0.18242637813091278,-0.7281720638275146,0.11946316063404083,-0.7711078524589539,0.08479955047369003,-0.556410014629364,0.10652074962854385,-0.5051138997077942
closed_fist,0.0,0.0,-0.20714473724365234,-0.1421838104724884,-0.3877809941768646,-0.4221247732639313,-0.34614232182502747,-0.6678277254104614,-0.17684650421142578,-0.7138763070106506,-0.30243930220603943,-0.8523805737495422,-0.3888191282749176,-1.0,-0.37468987703323364,-0.7130011916160583,-0.3171026110649109,-0.6343772411346436,-0.13728564977645874,-0.8576290011405945,-0.22132883965969086,-0.9563767313957214,-0.21767744421958923,-0.6191748380661011,-0.17122554779052734,-0.5854624509811401,0.025201698765158653,-0.8111962080001831,-0.04803666099905968,-0.8486839532852173,-0.08492415398359299,-0.5160913467407227,-0.052610404789447784,-0.4715079367160797,0.18905490636825562,-0.7154107093811035,0.09548448026180267,-0.7441930770874023,0.0530412532389164,-0.5202919840812683,0.08092860877513885,-0.4760335087776184
closed_fist,0.0,0.0,-0.18841658532619476,-0.12953652441501617,-0.36563220620155334,-0.4239441454410553,-0.3383128345012665,-0.6819535493850708,-0.1791875660419464,-0.7335108518600464,-0.2919219434261322,-0.8505014777183533,-0.3811158835887909,-1.0,-0.3599768280982971,-0.698712170124054,-0.3019609749317169,-0.6186510920524597,-0.12997283041477203,-0.8606741428375244,-0.21441972255706787,-0.9716876149177551,-0.20625586807727814,-0.6366326212882996,-0.164798766374588,-0.6016424894332886,0.031681645661592484,-0.825322151184082,-0.042097341269254684,-0.8672443628311157,-0.07076361775398254,-0.5432083606719971,-0.03995441272854805,-0.49597957730293274,0.19353070855140686,-0.7463863492012024,0.10760634392499924,-0.7749388813972473,0.07752508670091629,-0.5594863891601562,0.11064180731773376,-0.5155264139175415
closed_fist,0.0,0.0,-0.19700130820274353,-0.1477881222963333,-0.3718454837799072,-0.43411490321159363,-0.3344919681549072,-0.6837571859359741,-0.17328928411006927,-0.7338400483131409,-0.3020298182964325,-0.8309217095375061,-0.3667535185813904,-1.0,-0.35488569736480713,-0.7171215415000916,-0.3071402609348297,-0.6273739337921143,-0.1410655677318573,-0.8331215381622314,-0.19957312941551208,-0.9621094465255737,-0.2004428207874298,-0.633303165435791,-0.16963912546634674,-0.5899767279624939,0.020589249208569527,-0.7950053215026855,-0.02785366401076317,-0.8705506920814514,-0.06647565960884094,-0.541888952255249,-0.04995915666222572,-0.47928479313850403,0.1815790981054306,-0.7126179933547974,0.11247550696134567,-0.7707811594009399,0.07035451382398605,-0.5531435012817383,0.08665306866168976,-0.4973732829093933
closed_fist,0.0,0.0,-0.20028449594974518,-0.1375337839126587,-0.3851222097873688,-0.43417730927467346,-0.33458536863327026,-0.6923255324363708,-0.15659868717193604,-0.7370339035987854,-0.3056708872318268,-0.8260384798049927,-0.3788243234157562,-1.0,-0.35721930861473083,-0.7053574919700623,-0.3015812337398529,-0.6139300465583801,-0.14084677398204803,-0.8386893272399902,-0.19744768738746643,-0.9772221446037292,-0.19830064475536346,-0.6400412917137146,-0.16643467545509338,-0.5973300337791443,0.02357763983309269,-0.8093405961990356,-0.028490638360381126,-0.8490079641342163,-0.07083524763584137,-0.5272998809814453,-0.05306628718972206,-0.4821302592754364,0.1884053349494934,-0.7359017133712769,0.1164475828409195,-0.7471461296081543,0.07380645722150803,-0.5329378843307495,0.09213676303625107,-0.492825448513031
closed_fist,0.0,0.0,-0.2073328047990799,-0.1295998990535736,-0.3837127387523651,-0.44020482897758484,-0.3339901268482208,-0.7022687792778015,-0.152700737118721,-0.7070318460464478,-0.28855276107788086,-0.8363908529281616,-0.35921916365623474,-1.0,-0.36313334107398987,-0.7086946368217468,-0.3055526912212372,-0.6224228143692017,-0.1225741058588028,-0.8391087651252747,-0.1877567172050476,-0.9534648656845093,-0.19653616845607758,-0.6195484399795532,-0.14235471189022064,-0.5757930874824524,0.0372965969145298,-0.7968270182609558,-0.02716231532394886,-0.8467034697532654,-0.07242562621831894,-0.5296905636787415,-0.03481876850128174,-0.4814715087413788,0.19598522782325745,-0.7120472192764282,0.10178983956575394,-0.7394888401031494,0.06202555075287819,-0.5261089205741882,0.10186745226383209,-0.4795261025428772
closed_fist,0.0,0.0,-0.19757670164108276,-0.13895705342292786,-0.3689371645450592,-0.43587228655815125,-0.32000860571861267,-0.6892189383506775,-0.15377642214298248,-0.7389953136444092,-0.28258568048477173,-0.8588993549346924,-0.3698119521141052,-1.0,-0.3593839704990387,-0.7073618173599243,-0.30206748843193054,-0.6385788917541504,-0.12187383323907852,-0.8650393486022949,-0.21113653481006622,-0.9616104364395142,-0.21281442046165466,-0.6314797401428223,-0.16530902683734894,-0.6052985787391663,0.03617105633020401,-0.8219735622406006,-0.038577284663915634,-0.8501783013343811,-0.07550087571144104,-0.5233868360519409,-0.038979094475507736,-0.4782392978668213,0.19719198346138,-0.7327501177787781,0.10440269857645035,-0.7579864263534546,0.061583586037158966,-0.5369812846183777,0.09180693328380585,-0.49108925461769104
closed_fist,0.0,0.0,-0.19516721367835999,-0.14327937364578247,-0.3672255873680115,-0.44234225153923035,-0.3192839026451111,-0.6987121105194092,-0.13815484941005707,-0.7379708290100098,-0.25602811574935913,-0.8719001412391663,-0.36264485120773315,-1.0,-0.35940995812416077,-0.7154557108879089,-0.29133105278015137,-0.6517645120620728,-0.09610962867736816,-0.8731513619422913,-0.19820305705070496,-0.9616185426712036,-0.2060701847076416,-0.6359933018684387,-0.1459813416004181,-0.6097849011421204,0.058713268488645554,-0.8219889998435974,-0.03977596014738083,-0.8533589839935303,-0.07885243743658066,-0.5275222659111023,-0.026730205863714218,-0.48326849937438965,0.21611787378787994,-0.7246636748313904,0.09478434920310974,-0.75673907995224,0.050653498619794846,-0.533050537109375,0.09465490281581879,-0.4833969175815582
closed_fist,0.0,0.0,-0.19258494675159454,-0.1452064961194992,-0.36753907799720764,-0.4518156051635742,-0.30999425053596497,-0.699123740196228,-0.13179464638233185,-0.7383400797843933,-0.27656179666519165,-0.8619446158409119,-0.37265804409980774,-1.0,-0.351846307516098,-0.7078241109848022,-0.28675535321235657,-0.6320518851280212,-0.11689629405736923,-0.8638079166412354,-0.20132078230381012,-0.9736686944961548,-0.20222289860248566,-0.6523468494415283,-0.15689384937286377,-0.6174448132514954,0.040851086378097534,-0.8201353549957275,-0.037953127175569534,-0.8562778830528259,-0.07296191900968552,-0.5430446267127991,-0.03733693063259125,-0.49684542417526245,0.20105744898319244,-0.7329205274581909,0.10191652923822403,-0.7528728246688843,0.06274225562810898,-0.5430353879928589,0.09844284504652023,-0.5057061910629272
closed_fist,0.0,0.0,-0.19976995885372162,-0.14614638686180115,-0.37996023893356323,-0.464926540851593,-0.3224150240421295,-0.7203937768936157,-0.13634634017944336,-0.7590093612670898,-0.2830781936645508,-0.8829257488250732,-0.381543904542923,-1.0,-0.36151495575904846,-0.7085807919502258,-0.29429808259010315,-0.6411052346229553,-0.11316660791635513,-0.8937163352966309,-0.1994672566652298,-0.9731727242469788,-0.1992344856262207,-0.645338237285614,-0.14906205236911774,-0.6155866384506226,0.05177631974220276,-0.8481920957565308,-0.03127550706267357,-0.8683828115463257,-0.061444759368896484,-0.5447458624839783,-0.016412556171417236,-0.4953339099884033,0.21915575861930847,-0.7570610642433167,0.11224419623613358,-0.7646254301071167,0.07617746293544769,-0.5421180725097656,0.12088838964700699,-0.4985373914241791
closed_fist,0.0,0.0,-0.19977892935276031,-0.14075201749801636,-0.3768289089202881,-0.4405669867992401,-0.332366019487381,-0.70091712474823,-0.15854346752166748,-0.7521266341209412,-0.27886828780174255,-0.8616142868995667,-0.3921726644039154,-1.0,-0.36807766556739807,-0.7270910739898682,-0.29043048620224,-0.6313779354095459,-0.11554223299026489,-0.8707172274589539,-0.20376995205879211,-0.965950608253479,-0.2040463536977768,-0.6540026068687439,-0.15464241802692413,-0.6033209562301636,0.04470052197575569,-0.8330515027046204,-0.04043969139456749,-0.8212824463844299,-0.07524160295724869,-0.5187696218490601,-0.03741130232810974,-0.46630236506462097,0.2050122320652008,-0.7514755725860596,0.10487563908100128,-0.7364444136619568,0.06504500657320023,-0.5276779532432556,0.09540127962827682,-0.4778757095336914
closed_fist,0.0,0.0,-0.19722554087638855,-0.14488287270069122,-0.36854588985443115,-0.4518962502479553,-0.3123432993888855,-0.7117587924003601,-0.1373375952243805,-0.7646329998970032,-0.27516934275627136,-0.8549473881721497,-0.37966403365135193,-1.0,-0.35680854320526123,-0.7200785279273987,-0.2908548414707184,-0.6149030923843384,-0.11519724875688553,-0.8634375333786011,-0.19712522625923157,-0.9694697260856628,-0.1885673999786377,-0.6497717499732971,-0.144595205783844,-0.5854228734970093,0.04560429975390434,-0.8264896869659424,-0.02811528742313385,-0.8537523150444031,-0.059307705610990524,-0.5374855995178223,-0.03165480121970177,-0.46039411425590515,0.20601700246334076,-0.7462510466575623,0.11618141084909439,-0.7666610479354858,0.07929597049951553,-0.5517181158065796,0.10697659850120544,-0.48721879720687866
closed_fist,0.0,0.0,-0.19555075466632843,-0.1510203629732132,-0.3773323893547058,-0.4451739192008972,-0.32879048585891724,-0.704616367816925,-0.14517933130264282,-0.7612659335136414,-0.2829459309577942,-0.8577653169631958,-0.3742402493953705,-1.0,-0.3557310104370117,-0.71397465467453,-0.28630882501602173,-0.6203088760375977,-0.11949602514505386,-0.8666014671325684,-0.1954796016216278,-0.982872486114502,-0.2015402913093567,-0.6613008975982666,-0.15556415915489197,-0.6089494824409485,0.04146089032292366,-0.8272297978401184,-0.04001409560441971,-0.8775348663330078,-0.07723943144083023,-0.5604166984558105,-0.039384402334690094,-0.4983832836151123,0.20453910529613495,-0.7416723370552063,0.09366060048341751,-0.7715950012207031,0.05611560866236687,-0.5599123239517212,0.09491674602031708,-0.510633111000061
closed_fist,0.0,0.0,-0.20618000626564026,-0.1305016726255417,-0.3849531412124634,-0.44747787714004517,-0.3313668370246887,-0.7084812521934509,-0.13672584295272827,-0.7415094971656799,-0.292167603969574,-0.8913825750350952,-0.3679925799369812,-1.0,-0.3611682653427124,-0.7122069001197815,-0.29197999835014343,-0.6404052376747131,-0.11723717302083969,-0.8944035172462463,-0.1833687275648117,-0.9802196025848389,-0.192239448428154,-0.6417160630226135,-0.13911034166812897,-0.6061367392539978,0.0556369423866272,-0.8476675152778625,-0.016001764684915543,-0.8622150421142578,-0.05801820382475853,-0.5324726104736328,-0.01830151677131653,-0.4860756993293762,0.2260769009590149,-0.7561511993408203,0.13041125237941742,-0.777249813079834,0.09338735789060593,-0.5531524419784546,0.13149386644363403,-0.5056405067443848
closed_fist,0.0,0.0,-0.1939120590686798,-0.13501721620559692,-0.3833554685115814,-0.42084801197052,-0.3542541563510895,-0.6889715194702148,-0.17333288490772247,-0.7602367401123047,-0.28928142786026,-0.8838073015213013,-0.41050437092781067,-1.0,-0.37087979912757874,-0.6959131956100464,-0.28906452655792236,-0.6104792952537537,-0.12266195565462112,-0.8982359766960144,-0.2184651792049408,-0.9590762257575989,-0.2030072957277298,-0.6277182102203369,-0.14965541660785675,-0.5892758369445801,0.03938840329647064,-0.8550021052360535,-0.04721597954630852,-0.8561615347862244,-0.07147911190986633,-0.5364686846733093,-0.030370252206921577,-0.48799368739128113,0.2047618329524994,-0.7647204399108887,0.09866337478160858,-0.7497239708900452,0.06197496876120567,-0.5355935096740723,0.09706763923168182,-0.4987756013870239
closed_fist,0.0,0.0,-0.20188289880752563,-0.13818658888339996,-0.38271307945251465,-0.44116517901420593,-0.33223310112953186,-0.7061266899108887,-0.14955034852027893,-0.7392178773880005,-0.27218788862228394,-0.863275945186615,-0.37495937943458557,-1.0,-0.35906028747558594,-0.7031212449073792,-0.28303074836730957,-0.6275619864463806,-0.10609185695648193,-0.865615963935852,-0.2065257430076599,-0.964387059211731,-0.2041430026292801,-0.6327618360519409,-0.1387999951839447,-0.5997180938720703,0.053865496069192886,-0.8210216164588928,-0.04524371027946472,-0.8578978776931763,-0.07998398691415787,-0.5344012975692749,-0.02609170228242874,-0.4866575300693512,0.2165004462003708,-0.7315737009048462,0.09311603009700775,-0.761425256729126,0.054929301142692566,-0.542435884475708,0.10238920897245407,-0.49530094861984253
closed_fist,0.0,0.0,-0.20088788866996765,-0.14793731272220612,-0.3745884299278259,-0.4494265913963318,-0.32480689883232117,-0.7005041837692261,-0.14552798867225647,-0.7552295327186584,-0.29130181670188904,-0.8861260414123535,-0.3823566436767578,-1.0,-0.3549283444881439,-0.7124000191688538,-0.2859784662723541,-0.6388340592384338,-0.12753362953662872,-0.8931373357772827,-0.20477500557899475,-0.9611591696739197,-0.2001342624425888,-0.6422186493873596,-0.15524116158485413,-0.6148362159729004,0.03104894608259201,-0.8461154699325562,-0.04633701965212822,-0.841373860836029,-0.07084070146083832,-0.5352626442909241,-0.03185061365365982,-0.4987488389015198,0.19134539365768433,-0.7563123106956482,0.09343967586755753,-0.7493131160736084,0.06482134759426117,-0.5440579056739807,0.10116510838270187,-0.5159231424331665
closed_fist,0.0,0.0,-0.19650813937187195,-0.13430505990982056,-0.3740486204624176,-0.4436688721179962,-0.32660990953445435,-0.7033862471580505,-0.13993221521377563,-0.7326993942260742,-0.27488163113594055,-0.876469612121582,-0.3576837480068207,-1.0,-0.359065979719162,-0.7135749459266663,-0.2981470227241516,-0.6427503228187561,-0.10753762722015381,-0.8765735030174255,-0.1812533587217331,-0.9659296274185181,-0.19270442426204681,-0.6404615044593811,-0.14306460320949554,-0.5988916754722595,0.058179374784231186,-0.8313487768173218,-0.020074687898159027,-0.858091413974762,-0.06398764252662659,-0.5449544191360474,-0.026713667437434196,-0.4937909245491028,0.22391314804553986,-0.7454749345779419,0.12396235764026642,-0.7674024105072021,0.08584947139024734,-0.5555699467658997,0.12392975389957428,-0.5044593811035156
closed_fist,0.0,0.0,-0.2028259038925171,-0.13241329789161682,-0.3825441300868988,-0.42978593707084656,-0.3349331319332123,-0.692395806312561,-0.15916937589645386,-0.7269173860549927,-0.2858252227306366,-0.8603699803352356,-0.3630486726760864,-1.0,-0.35619816184043884,-0.716280460357666,-0.2924650311470032,-0.6327093839645386,-0.12193867564201355,-0.8657655715942383,-0.1959308236837387,-0.9636222124099731,-0.20276501774787903,-0.6413785815238953,-0.15236417949199677,-0.5949559807777405,0.03708669915795326,-0.8250746130943298,-0.03603310137987137,-0.8573988676071167,-0.07452265173196793,-0.5476451516151428,-0.036031339317560196,-0.492117702960968,0.19662043452262878,-0.7399994730949402,0.0976586863398552,-0.7580876350402832,0.05519447848200798,-0.5488927960395813,0.0895799994468689,-0.49934592843055725
closed_fist,0.0,0.0,-0.19668275117874146,-0.14493399858474731,-0.3709792196750641,-0.4416270852088928,-0.3202282786369324,-0.6856875419616699,-0.15003375709056854,-0.7418091893196106,-0.27638137340545654,-0.8538378477096558,-0.3882836103439331,-1.0,-0.36430180072784424,-0.7024573087692261,-0.2914717495441437,-0.6146464347839355,-0.11616644263267517,-0.8657180070877075,-0.21207143366336823,-0.9719991087913513,-0.21037743985652924,-0.641656756401062,-0.16002784669399261,-0.6040016412734985,0.043096981942653656,-0.8295881152153015,-0.05008986219763756,-0.8411625623703003,-0.0800587609410286,-0.5199169516563416,-0.033764079213142395,-0.47756290435791016,0.20484639704227448,-0.7473170161247253,0.09515110403299332,-0.758137047290802,0.05999746546149254,-0.5371773838996887,0.10008317232131958,-0.491723895072937
closed_fist,0.0,0.0,-0.20473942160606384,-0.12420852482318878,-0.3819519877433777,-0.4186328649520874,-0.32984331250190735,-0.6797038316726685,-0.15512306988239288,-0.7056514024734497,-0.2844690680503845,-0.8237191438674927,-0.3610643446445465,-1.0,-0.3660522699356079,-0.7263705730438232,-0.3079211115837097,-0.6357292532920837,-0.1226033866405487,-0.8276419639587402,-0.19263547658920288,-0.961505651473999,-0.20863907039165497,-0.644274115562439,-0.15906868875026703,-0.5926961302757263,0.034833669662475586,-0.7870995402336121,-0.040634576231241226,-0.8366818428039551,-0.08518008887767792,-0.5316237211227417,-0.0450914204120636,-0.4828820526599884,0.1911226511001587,-0.7069279551506042,0.08787768334150314,-0.7364214658737183,0.05488009378314018,-0.5334596037864685,0.10032153129577637,-0.48714739084243774
closed_fist,0.0,0.0,-0.20210595428943634,-0.14631500840187073,-0.38213035464286804,-0.4648050367832184,-0.3422451317310333,-0.7308878302574158,-0.1526707410812378,-0.7494254112243652,-0.3069339394569397,-0.8780980706214905,-0.4067090153694153,-1.0,-0.3787674605846405,-0.7158326506614685,-0.30461233854293823,-0.6339033246040344,-0.13871632516384125,-0.8888558745384216,-0.2273305207490921,-0.9628103971481323,-0.21722134947776794,-0.6592363119125366,-0.16314618289470673,-0.6146040558815002,0.02116066962480545,-0.8469347357749939,-0.06157603859901428,-0.8646664619445801,-0.07998736202716827,-0.5739534497261047,-0.03342699632048607,-0.5167758464813232,0.18520501255989075,-0.766957700252533,0.08049918711185455,-0.7754645347595215,0.058868300169706345,-0.5782013535499573,0.10355180501937866,-0.5284513831138611
closed_fist,0.0,0.0,-0.1975887566804886,-0.151475727558136,-0.3713342547416687,-0.4518710672855377,-0.32299086451530457,-0.7054016590118408,-0.14661858975887299,-0.7400751113891602,-0.28679409623146057,-0.8462139368057251,-0.38602519035339355,-1.0,-0.3752022087574005,-0.7169528603553772,-0.3159037232398987,-0.6214785575866699,-0.12817996740341187,-0.8557114005088806,-0.20885704457759857,-0.9780194759368896,-0.21462637186050415,-0.6510046720504761,-0.17414486408233643,-0.588197648525238,0.03002060577273369,-0.8239449858665466,-0.04813982918858528,-0.8732412457466125,-0.08313637226819992,-0.5562939047813416,-0.04807388409972191,-0.48559635877609253,0.1905631422996521,-0.7513598203659058,0.09426521509885788,-0.784491777420044,0.062447644770145416,-0.574320912361145,0.09937986731529236,-0.5177301168441772
closed_fist,0.0,0.0,-0.19782882928848267,-0.12318519502878189,-0.37384238839149475,-0.4299919009208679,-0.3257206678390503,-0.6946888566017151,-0.1393539309501648,-0.7371437549591064,-0.2869020104408264,-0.8675805330276489,-0.3547773063182831,-1.0,-0.3501807749271393,-0.7100275754928589,-0.2924932539463043,-0.6300835609436035,-0.12189362943172455,-0.8700300455093384,-0.17344482243061066,-0.9532450437545776,-0.18877504765987396,-0.6169876456260681,-0.14993102848529816,-0.5813929438591003,0.03679359704256058,-0.8243396282196045,-0.01509126741439104,-0.8314612507820129,-0.065595842897892,-0.5148841142654419,-0.04145772382616997,-0.46960869431495667,0.19499953091144562,-0.7397700548171997,0.12319136410951614,-0.7500327825546265,0.07813155651092529,-0.5360683798789978,0.09864478558301926,-0.4933624863624573
closed_fist,0.0,0.0,-0.19343820214271545,-0.13707521557807922,-0.3685670495033264,-0.44006580114364624,-0.3175605833530426,-0.7012242674827576,-0.13157032430171967,-0.7481912970542908,-0.2904624938964844,-0.8585997819900513,-0.39209675788879395,-1.0,-0.3672751188278198,-0.6994907259941101,-0.2995949685573578,-0.5924491286277771,-0.11981979012489319,-0.8664984703063965,-0.20001626014709473,-0.962888240814209,-0.19116517901420593,-0.6227325797080994,-0.14546887576580048,-0.567989706993103,0.049329400062561035,-0.8279447555541992,-0.019793571904301643,-0.8686025142669678,-0.05551857873797417,-0.5391940474510193,-0.027933280915021896,-0.46824586391448975,0.216061532497406,-0.7486257553100586,0.1365489661693573,-0.7835347056388855,0.09597219526767731,-0.5614304542541504,0.11902881413698196,-0.5017977952957153
closed_fist,0.0,0.0,-0.19823668897151947,-0.14940117299556732,-0.37164661288261414,-0.4347028434276581,-0.3199440538883209,-0.6864151954650879,-0.1516120284795761,-0.7424904704093933,-0.2973841428756714,-0.8556806445121765,-0.3780648708343506,-1.0,-0.35700514912605286,-0.708095133304596,-0.29673922061920166,-0.6200235486030579,-0.13383230566978455,-0.8695428371429443,-0.2063632607460022,-0.9616824388504028,-0.20592458546161652,-0.6370068192481995,-0.16628871858119965,-0.6045036911964417,0.029585059732198715,-0.8360351920127869,-0.04276295378804207,-0.8291723728179932,-0.07923368364572525,-0.5159652233123779,-0.049908675253391266,-0.48247411847114563,0.19452929496765137,-0.7567058205604553,0.09957655519247055,-0.75006103515625,0.056639671325683594,-0.5368896722793579,0.08197028189897537,-0.4995266795158386
closed_fist,0.0,0.0,-0.198873832821846,-0.13237212598323822,-0.3767681419849396,-0.4238458573818207,-0.32993659377098083,-0.6838049292564392,-0.15263622999191284,-0.740203857421875,-0.29752203822135925,-0.8403022885322571,-0.37323081493377686,-1.0,-0.35355108976364136,-0.7125066518783569,-0.2959637939929962,-0.5998892784118652,-0.13089963793754578,-0.8473817706108093,-0.1961512565612793,-0.97337806224823,-0.19247405230998993,-0.6452349424362183,-0.1531282216310501,-0.5752718448638916,0.03349412605166435,-0.8106507658958435,-0.03374626487493515,-0.8508344292640686,-0.06738615781068802,-0.5362204909324646,-0.04077189415693283,-0.4634345471858978,0.196913480758667,-0.7306442856788635,0.10813047736883163,-0.7612159252166748,0.06996222585439682,-0.5530150532722473,0.09400380402803421,-0.49496960639953613
closed_fist,0.0,0.0,-0.19734811782836914,-0.12092355638742447,-0.37415561079978943,-0.4442291855812073,-0.3295013904571533,-0.7071548104286194,-0.15632912516593933,-0.7402427196502686,-0.2732900083065033,-0.8745953440666199,-0.3785187304019928,-1.0,-0.36710235476493835,-0.7166242003440857,-0.30079185962677,-0.6526999473571777,-0.10809286683797836,-0.8839256763458252,-0.1989186406135559,-0.9626172184944153,-0.20607109367847443,-0.6348152160644531,-0.1567363142967224,-0.6211139559745789,0.05263524502515793,-0.8412277102470398,-0.03871004283428192,-0.8444746732711792,-0.07881604135036469,-0.5294409394264221,-0.03640042245388031,-0.5091044902801514,0.21265147626399994,-0.7565300464630127,0.10340109467506409,-0.7521817684173584,0.06366726011037827,-0.5340541005134583,0.10399427264928818,-0.5042145848274231
closed_fist,0.0,0.0,-0.19900868833065033,-0.14993607997894287,-0.37965109944343567,-0.44319069385528564,-0.3270668089389801,-0.6975578665733337,-0.14575868844985962,-0.7532210946083069,-0.30158713459968567,-0.8602687120437622,-0.38939106464385986,-1.0,-0.37063872814178467,-0.7116081118583679,-0.3122665584087372,-0.6191161274909973,-0.13191652297973633,-0.8767538666725159,-0.2080058455467224,-0.9753028750419617,-0.20839084684848785,-0.6599543690681458,-0.17043250799179077,-0.6119824647903442,0.03415640816092491,-0.8425440192222595,-0.03999680280685425,-0.8673248291015625,-0.07745696604251862,-0.5649213194847107,-0.05235525593161583,-0.510570228099823,0.19951380789279938,-0.7618178129196167,0.10481934249401093,-0.7676053047180176,0.06470280885696411,-0.559704601764679,0.09063352644443512,-0.5084614753723145
closed_fist,0.0,0.0,-0.1942935734987259,-0.14347904920578003,-0.35642221570014954,-0.43859705328941345,-0.3069472014904022,-0.6842802166938782,-0.13243317604064941,-0.7172228097915649,-0.26597529649734497,-0.825547993183136,-0.35178396105766296,-1.0,-0.3554651737213135,-0.7266901135444641,-0.2965543270111084,-0.644295334815979,-0.11131386458873749,-0.8267616629600525,-0.18746252357959747,-0.9698708057403564,-0.20702700316905975,-0.6579265594482422,-0.1623554527759552,-0.6126214861869812,0.04020237177610397,-0.7833699584007263,-0.03521299734711647,-0.8278045058250427,-0.08019477128982544,-0.5203657746315002,-0.040332239121198654,-0.4657748341560364,0.1920088529586792,-0.7002575993537903,0.09121719747781754,-0.7295095920562744,0.05523967370390892,-0.5224655270576477,0.09449601173400879,-0.46786901354789734
closed_fist,0.0,0.0,-0.19878891110420227,-0.14100590348243713,-0.3761008083820343,-0.4353681206703186,-0.32527121901512146,-0.6908788084983826,-0.14162851870059967,-0.7496671080589294,-0.2852987051010132,-0.8421707153320312,-0.39014187455177307,-1.0,-0.3732168972492218,-0.7157922983169556,-0.3102532923221588,-0.6112677454948425,-0.12259861081838608,-0.8541951179504395,-0.19676026701927185,-0.9681179523468018,-0.19648393988609314,-0.6377137303352356,-0.1563166081905365,-0.5721122026443481,0.04005187004804611,-0.8198013305664062,-0.02764248102903366,-0.841521143913269,-0.06629282236099243,-0.5186434984207153,-0.03875089809298515,-0.4522072672843933,0.2035840004682541,-0.7398631572723389,0.11866949498653412,-0.7578937411308289,0.07454102486371994,-0.5379582047462463,0.09702042490243912,-0.4807983338832855
thumbs_up,0.0,0.0,-0.013172276318073273,-0.2741161584854126,-0.08322640508413315,-0.5813287496566772,-0.13163897395133972,-0.8141639232635498,-0.15099842846393585,-1.0,-0.16499708592891693,-0.5012017488479614,-0.4315997064113617,-0.5666080117225647,-0.4266964793205261,-0.5199518799781799,-0.36510586738586426,-0.49744895100593567,-0.19163569808006287,-0.32627761363983154,-0.4843428432941437,-0.3797091543674469,-0.45944473147392273,-0.3576025664806366,-0.39960435032844543,-0.34258347749710083,-0.22064237296581268,-0.14412875473499298,-0.47461798787117004,-0.1969120055437088,-0.44728097319602966,-0.19090299308300018,-0.3905690312385559,-0.17934684455394745,-0.2456306517124176,0.022003725171089172,-0.439918577671051,-0.03636704757809639,-0.42539820075035095,-0.04297025501728058,-0.38019564747810364,-0.035016853362321854
thumbs_up,0.0,0.0,-0.012356465682387352,-0.26633724570274353,-0.08377455919981003,-0.5773943066596985,-0.12687870860099792,-0.8121669292449951,-0.1368451863527298,-1.0,-0.18550118803977966,-0.5004066824913025,-0.4757387638092041,-0.5525994896888733,-0.4309648275375366,-0.49303150177001953,-0.3402957618236542,-0.4792754054069519,-0.21332751214504242,-0.32798606157302856,-0.5066850781440735,-0.37737858295440674,-0.4401438534259796,-0.3458723723888397,-0.35886162519454956,-0.3259161114692688,-0.23929397761821747,-0.14512299001216888,-0.4908430278301239,-0.20112726092338562,-0.4249259829521179,-0.1786758154630661,-0.3468424379825592,-0.15490616858005524,-0.2628750801086426,0.024045953527092934,-0.45960214734077454,-0.04159129783511162,-0.41331931948661804,-0.034346070140600204,-0.3440870940685272,-0.011471688747406006
thumbs_up,0.0,0.0,-0.014123384840786457,-0.26858240365982056,-0.0908367857336998,-0.5791083574295044,-0.13847015798091888,-0.8073633909225464,-0.14019544422626495,-1.0,-0.18271653354167938,-0.5013328790664673,-0.4695419669151306,-0.5489967465400696,-0.4163380563259125,-0.48878535628318787,-0.3232228755950928,-0.47389793395996094,-0.21608954668045044,-0.3293713331222534,-0.501649796962738,-0.3773217499256134,-0.4241515100002289,-0.3427465260028839,-0.3373085558414459,-0.3178793787956238,-0.24678252637386322,-0.14937593042850494,-0.48723304271698,-0.20462357997894287,-0.4114852845668793,-0.1834377497434616,-0.330110102891922,-0.16156169772148132,-0.2774675190448761,0.015911176800727844,-0.4642747938632965,-0.0508350133895874,-0.40210527181625366,-0.04191741719841957,-0.3259972631931305,-0.018449842929840088
thumbs_up,0.0,0.0,-0.01972830295562744,-0.2808772623538971,-0.09120719134807587,-0.5830665826797485,-0.1403503566980362,-0.8083287477493286,-0.1478218287229538,-1.0,-0.16860772669315338,-0.5136889219284058,-0.4640669524669647,-0.5514888167381287,-0.4017821252346039,-0.4855560064315796,-0.30500897765159607,-0.47407588362693787,-0.1980663686990738,-0.3380987048149109,-0.4828477203845978,-0.37880709767341614,-0.39440640807151794,-0.3433310389518738,-0.310660719871521,-0.32017865777015686,-0.22577574849128723,-0.15970619022846222,-0.4673677384853363,-0.20600654184818268,-0.38464438915252686,-0.18443259596824646,-0.30548861622810364,-0.16370820999145508,-0.25094184279441833,0.004944986663758755,-0.4445301592350006,-0.05263647064566612,-0.37736064195632935,-0.043075043708086014,-0.2983531951904297,-0.020493246614933014
thumbs_up,0.0,0.0,-0.01972830295562744,-0.2808772623538971,-0.09120719134807587,-0.5830665826797485,-0.1403503566980362,-0.8083287477493286,-0.1478218287229538,-1.0,-0.16860772669315338,-0.5136889219284058,-0.4640669524669647,-0.5514888167381287,-0.4017821252346039,-0.4855560064315796,-0.30500897765159607,-0.47407588362693787,-0.1980663686990738,-0.3380987048149109,-0.4828477203845978,-0.37880709767341614,-0.39440640807151794,-0.3433310389518738,-0.310660719871521,-0.32017865777015686,-0.22577574849128723,-0.15970619022846222,-0.4673677384853363,-0.20600654184818268,-0.38464438915252686,-0.18443259596824646,-0.30548861622810364,-0.16370820999145508,-0.25094184279441833,0.004944986663758755,-0.4445301592350006,-0.05263647064566612,-0.37736064195632935,-0.043075043708086014,-0.2983531951904297,-0.020493246614933014
thumbs_up,0.0,0.0,-0.038600996136665344,-0.2732000946998596,-0.11296369880437851,-0.5740746855735779,-0.16617920994758606,-0.8055896759033203,-0.17886106669902802,-1.0,-0.16627392172813416,-0.5128121972084045,-0.47783908247947693,-0.5325731635093689,-0.44473984837532043,-0.44764959812164307,-0.3533376157283783,-0.43101075291633606,-0.17563478648662567,-0.3307833969593048,-0.4961480498313904,-0.35070890188217163,-0.43740537762641907,-0.30125927925109863,-0.35647496581077576,-0.2824522852897644,-0.19803637266159058,-0.14555241167545319,-0.476685494184494,-0.18011416494846344,-0.428070604801178,-0.1488923281431198,-0.3561963737010956,-0.12760542333126068,-0.22402095794677734,0.021997181698679924,-0.43905726075172424,-0.024239301681518555,-0.4168468415737152,-0.025742866098880768,-0.36266183853149414,-0.011760027147829533
thumbs_up,0.0,0.0,-0.06836830824613571,-0.28404518961906433,-0.1431064009666443,-0.574106752872467,-0.18403759598731995,-0.8094086647033691,-0.17133864760398865,-1.0,-0.13782359659671783,-0.5289004445075989,-0.4257555305957794,-0.5429927110671997,-0.3953069746494293,-0.46190521121025085,-0.30659690499305725,-0.4422158896923065,-0.128688246011734,-0.34397369623184204,-0.45285096764564514,-0.36577320098876953,-0.3845667541027069,-0.307471364736557,-0.3013210892677307,-0.29133379459381104,-0.1361454427242279,-0.1645844727754593,-0.4294537305831909,-0.19087238609790802,-0.3602146506309509,-0.1612192988395691,-0.2745932340621948,-0.15572500228881836,-0.1496666520833969,0.0006123543134890497,-0.38814157247543335,-0.04558219388127327,-0.3350647985935211,-0.0358174666762352,-0.25149989128112793,-0.019382869824767113
thumbs_up,0.0,0.0,-0.07890857756137848,-0.27336904406547546,-0.158957377076149,-0.5544958114624023,-0.21121220290660858,-0.7963515520095825,-0.21057894825935364,-1.0,-0.15643815696239471,-0.5477196574211121,-0.4668006896972656,-0.5540021061897278,-0.4400181174278259,-0.4585104286670685,-0.3493725657463074,-0.44547516107559204,-0.13363493978977203,-0.37603774666786194,-0.4795791804790497,-0.37097254395484924,-0.4190256893634796,-0.3011811673641205,-0.33425381779670715,-0.2868492901325226,-0.13871340453624725,-0.1941838413476944,-0.4518194794654846,-0.20214366912841797,-0.3996429145336151,-0.15834449231624603,-0.3176453113555908,-0.15065379440784454,-0.14974498748779297,-0.018092982470989227,-0.4075402617454529,-0.042652908712625504,-0.3711550533771515,-0.031013334169983864,-0.2963787615299225,-0.01752978190779686
thumbs_up,0.0,0.0,-0.06589791178703308,-0.2770174741744995,-0.14913387596607208,-0.5649710893630981,-0.20087257027626038,-0.8040539026260376,-0.19073058664798737,-1.0,-0.136887326836586,-0.5543406009674072,-0.4190307557582855,-0.5490986704826355,-0.38144612312316895,-0.4524569511413574,-0.28982752561569214,-0.4418518841266632,-0.1204424649477005,-0.3720991015434265,-0.4419001340866089,-0.37526020407676697,-0.3733800947666168,-0.3064543306827545,-0.2913418412208557,-0.30158939957618713,-0.12830865383148193,-0.19019103050231934,-0.422471284866333,-0.20094335079193115,-0.35571715235710144,-0.16284717619419098,-0.26749998331069946,-0.1667109727859497,-0.14480896294116974,-0.02314259298145771,-0.3906498849391937,-0.058321867138147354,-0.3358561396598816,-0.048570554703474045,-0.2470093071460724,-0.04244605451822281
thumbs_up,0.0,0.0,-0.05214767903089523,-0.2819031774997711,-0.06953898072242737,-0.5865750312805176,-0.06914664059877396,-0.8131800293922424,-0.05054779350757599,-1.0,0.03757699206471443,-0.5190684795379639,-0.27047446370124817,-0.48180335760116577,-0.23630882799625397,-0.40959271788597107,-0.14465051889419556,-0.4001522660255432,0.06535391509532928,-0.3403800129890442,-0.30634135007858276,-0.3066418170928955,-0.22965694963932037,-0.2676651179790497,-0.13191626965999603,-0.26750996708869934,0.0652250126004219,-0.15823598206043243,-0.2810207009315491,-0.13828113675117493,-0.2108045220375061,-0.11599697917699814,-0.1182476058602333,-0.11624530702829361,0.04020025208592415,0.03067665733397007,-0.21888892352581024,0.018947921693325043,-0.17982302606105804,0.01600625552237034,-0.105535127222538,0.009546858258545399
thumbs_up,0.0,0.0,-0.05280149355530739,-0.22915035486221313,-0.036985576152801514,-0.5164726972579956,-0.012204138562083244,-0.7713802456855774,0.03395524248480797,-1.0,0.235589399933815,-0.5188456177711487,-0.06205563247203827,-0.4784803092479706,-0.06709826737642288,-0.39828160405158997,0.009646400809288025,-0.35153520107269287,0.2981316149234772,-0.29330548644065857,-0.0893433541059494,-0.24976672232151031,-0.06928513199090958,-0.2079688161611557,0.03411499783396721,-0.19154267013072968,0.29680147767066956,-0.05446924269199371,-0.07554677873849869,-0.024486327543854713,-0.0551665760576725,0.010095873847603798,0.04966358840465546,0.02189495600759983,0.2521626949310303,0.16756832599639893,-0.04945959895849228,0.17869000136852264,-0.04659039154648781,0.18808342516422272,0.05122404173016548,0.19577473402023315
thumbs_up,0.0,0.0,-0.04991511255502701,-0.26469239592552185,-0.05529153719544411,-0.5678878426551819,-0.06325945258140564,-0.8005871772766113,-0.08522915840148926,-1.0,0.3297160863876343,-0.6776721477508545,0.0072851600125432014,-0.6213330626487732,-0.12396644055843353,-0.5251621007919312,-0.08424629271030426,-0.49475541710853577,0.41944950819015503,-0.4078284800052643,-0.010045030154287815,-0.339973509311676,-0.13505345582962036,-0.28595170378685,-0.07594586908817291,-0.2878086268901825,0.4346441626548767,-0.11220092326402664,0.005130710545927286,-0.04264579713344574,-0.1006409227848053,-0.01723724976181984,-0.02607947774231434,-0.03998075798153877,0.4045778810977936,0.16851931810379028,0.04552367702126503,0.22131112217903137,-0.036218393594026566,0.23480208218097687,0.04216122254729271,0.223251074552536
thumbs_up,0.0,0.0,-0.05059321969747543,-0.2506657838821411,-0.0841066986322403,-0.5351374745368958,-0.08374112099409103,-0.7801342606544495,-0.07017210125923157,-1.0,-0.06394769251346588,-0.4143359661102295,0.03420909494161606,-0.47830459475517273,0.10701730102300644,-0.5024269819259644,0.14246766269207,-0.49533671140670776,-0.04236641898751259,-0.194405198097229,0.07251859456300735,-0.2973101735115051,0.1451234370470047,-0.3381691575050354,0.18583987653255463,-0.3182014226913452,-0.011251398362219334,0.013188282959163189,0.07984569668769836,-0.0716060921549797,0.1705133467912674,-0.11038131266832352,0.2391154021024704,-0.10777462273836136,0.027739638462662697,0.19931560754776,0.10207945108413696,0.1490035206079483,0.16391649842262268,0.10143418610095978,0.22322839498519897,0.09664430469274521
thumbs_up,0.0,0.0,-0.05208541452884674,-0.24158522486686707,-0.0426403246819973,-0.5581685900688171,-0.026611827313899994,-0.814510703086853,0.007107412442564964,-1.0,0.2878006398677826,-0.6950029730796814,0.11614962667226791,-0.6808013916015625,-0.008907395415008068,-0.57490473985672,-0.004576400388032198,-0.5308669805526733,0.414156436920166,-0.479667991399765,0.07636350393295288,-0.43661755323410034,-0.04789423570036888,-0.3429987132549286,-0.005712773185223341,-0.32222267985343933,0.4572402834892273,-0.22289958596229553,0.09864931553602219,-0.15970851480960846,-0.002461103955283761,-0.102748803794384,0.06402914971113205,-0.11531010270118713,0.4514922499656677,0.03175662085413933,0.1118217408657074,0.07383062690496445,0.04402521625161171,0.1207040399312973,0.12347111850976944,0.11996927112340927
thumbs_up,0.0,0.0,-0.03994942456483841,-0.2476397305727005,0.0026600409764796495,-0.5407335162162781,0.03651801869273186,-0.7961434125900269,0.06125415861606598,-1.0,0.31372010707855225,-0.5924186110496521,0.17075544595718384,-0.5337316393852234,0.07155134528875351,-0.46140220761299133,0.08614496886730194,-0.44575491547584534,0.4145106375217438,-0.4038691520690918,0.18673135340213776,-0.33623185753822327,0.06705258786678314,-0.2785954475402832,0.09320103377103806,-0.26861485838890076,0.4500599205493927,-0.1935700923204422,0.19297845661640167,-0.13166989386081696,0.08591576665639877,-0.07392645627260208,0.12019883096218109,-0.0581289567053318,0.44697463512420654,0.01310019101947546,0.2231568694114685,0.04888773709535599,0.128057599067688,0.07563456892967224,0.15277807414531708,0.0841936320066452
thumbs_up,0.0,0.0,-0.013817365281283855,-0.23974986374378204,0.03592074662446976,-0.523131251335144,0.0709570124745369,-0.7973382472991943,0.1022038459777832,-1.0,0.36451295018196106,-0.5976139307022095,0.22795604169368744,-0.5703731775283813,0.13174885511398315,-0.4598851799964905,0.14758536219596863,-0.42808797955513,0.4616266191005707,-0.4242274761199951,0.26182910799980164,-0.3745962977409363,0.1601218730211258,-0.28573015332221985,0.1938166618347168,-0.278018981218338,0.4967481195926666,-0.2233155369758606,0.26926618814468384,-0.17244423925876617,0.17638930678367615,-0.11081386357545853,0.2216050773859024,-0.11158475279808044,0.49013280868530273,-0.02461586892604828,0.2778524160385132,0.008567809127271175,0.19565913081169128,0.03906591981649399,0.22905419766902924,0.0362408384680748
thumbs_up,0.0,0.0,-0.017012741416692734,-0.2545398473739624,0.024482911452651024,-0.5418758988380432,0.06592856347560883,-0.7976095676422119,0.09447414427995682,-1.0,0.33098575472831726,-0.6264452338218689,0.22855868935585022,-0.5635288953781128,0.13980065286159515,-0.461244136095047,0.13231684267520905,-0.42834293842315674,0.43130749464035034,-0.4553833603858948,0.24596890807151794,-0.3785017430782318,0.14765231311321259,-0.29616451263427734,0.14999587833881378,-0.27800318598747253,0.4719541072845459,-0.25612369179725647,0.2504391074180603,-0.1849157065153122,0.1569013148546219,-0.11404313892126083,0.16464343667030334,-0.09794073551893234,0.4771884083747864,-0.05492424592375755,0.2830285429954529,-0.024925541132688522,0.1988682895898819,0.011261838488280773,0.2043345421552658,0.01982557401061058
thumbs_up,0.0,0.0,-0.02988279238343239,-0.2533230483531952,0.006208250764757395,-0.5399249196052551,0.04311870038509369,-0.7897771000862122,0.06546119600534439,-1.0,0.31194546818733215,-0.6350547075271606,0.23868615925312042,-0.5560324788093567,0.13588906824588776,-0.4479053318500519,0.11429797112941742,-0.4218265116214752,0.4131717383861542,-0.4663962721824646,0.2732067108154297,-0.400386244058609,0.14688977599143982,-0.31298181414604187,0.13232946395874023,-0.29526862502098083,0.4598339796066284,-0.27474603056907654,0.28426262736320496,-0.22851578891277313,0.16999661922454834,-0.1572602540254593,0.1672152578830719,-0.14453043043613434,0.4724491834640503,-0.08293575793504715,0.3098556101322174,-0.06165798753499985,0.2212432622909546,-0.01787521503865719,0.2241760790348053,-0.00857695285230875
thumbs_up,0.0,0.0,-0.02753393165767193,-0.2785843014717102,0.0018866799073293805,-0.5658506751060486,0.03609952703118324,-0.8043549060821533,0.05869213864207268,-1.0,0.2795632779598236,-0.6446672081947327,0.24123075604438782,-0.5761144161224365,0.16694946587085724,-0.4785591661930084,0.145464688539505,-0.46174532175064087,0.38051408529281616,-0.480964720249176,0.26544424891471863,-0.42121827602386475,0.17055226862430573,-0.3497186005115509,0.1467682272195816,-0.3458305299282074,0.42854735255241394,-0.2896069586277008,0.2718147337436676,-0.24696135520935059,0.1812407523393631,-0.18953609466552734,0.15845197439193726,-0.18426179885864258,0.43975239992141724,-0.10179512947797775,0.3117775022983551,-0.08538449555635452,0.2352427989244461,-0.054286565631628036,0.21517935395240784,-0.052471816539764404
thumbs_up,0.0,0.0,-0.03782190382480621,-0.2860066890716553,0.004385786131024361,-0.5893875360488892,0.0473405085504055,-0.8154304623603821,0.04577482491731644,-1.0,0.2648387849330902,-0.6224679350852966,0.2899317741394043,-0.5566787123680115,0.20027321577072144,-0.46885427832603455,0.15366576611995697,-0.4607854187488556,0.3646170198917389,-0.456891804933548,0.33009880781173706,-0.40963274240493774,0.22875723242759705,-0.3429858684539795,0.18212024867534637,-0.3298046886920929,0.4152451753616333,-0.27050915360450745,0.3383764624595642,-0.23913228511810303,0.2571667730808258,-0.1900528371334076,0.22114846110343933,-0.18432720005512238,0.43143177032470703,-0.0877566933631897,0.34144288301467896,-0.06379915773868561,0.2798486053943634,-0.041246745735406876,0.25944533944129944,-0.04646357148885727
thumbs_up,0.0,0.0,-0.05541252717375755,-0.25368282198905945,-0.028261132538318634,-0.553510844707489,0.005394869949668646,-0.7975438833236694,0.021262386813759804,-1.0,0.26672208309173584,-0.6475614309310913,0.23274366557598114,-0.6118188500404358,0.1388709843158722,-0.5032439827919006,0.125314861536026,-0.47374334931373596,0.38216131925582886,-0.4907240867614746,0.2685350179672241,-0.4456453025341034,0.12612858414649963,-0.3484756052494049,0.1169992983341217,-0.34683340787887573,0.43566665053367615,-0.2967807352542877,0.29079216718673706,-0.25083863735198975,0.1602274477481842,-0.1807919442653656,0.15134207904338837,-0.188167005777359,0.44979870319366455,-0.10236728936433792,0.31462761759757996,-0.07528194040060043,0.21284323930740356,-0.03872133791446686,0.2029382288455963,-0.04628739506006241
thumbs_up,0.0,0.0,0.004086200147867203,-0.2871367037296295,0.06377185136079788,-0.5762048959732056,0.12647591531276703,-0.8097012639045715,0.17814038693904877,-1.0,0.0825372263789177,-0.4327522814273834,0.15216730535030365,-0.5705455541610718,0.19926759600639343,-0.6399880647659302,0.24426038563251495,-0.7017183899879456,0.13052436709403992,-0.2589051127433777,0.2822648882865906,-0.308621346950531,0.3725231885910034,-0.34501221776008606,0.42838025093078613,-0.3843134641647339,0.16232429444789886,-0.08253557980060577,0.29574933648109436,-0.08448714017868042,0.3628953695297241,-0.10695888102054596,0.4022592604160309,-0.15274743735790253,0.17487260699272156,0.07161537557840347,0.24099519848823547,0.10383571684360504,0.2783365249633789,0.09749432653188705,0.30141857266426086,0.0792342945933342
thumbs_up,0.0,0.0,-0.03159545361995697,-0.28481394052505493,0.009228682145476341,-0.5595162510871887,0.05518813803792,-0.8069289326667786,0.08691603690385818,-1.0,0.027222035452723503,-0.40668007731437683,0.10807964205741882,-0.5455001592636108,0.1628120243549347,-0.5740602612495422,0.21439465880393982,-0.6154569983482361,0.1053910180926323,-0.24409639835357666,0.24315878748893738,-0.34433403611183167,0.3082278072834015,-0.36479103565216064,0.34882739186286926,-0.3813367187976837,0.16377481818199158,-0.08683019131422043,0.30953556299209595,-0.16975677013397217,0.3729514479637146,-0.1892881989479065,0.39813438057899475,-0.21023285388946533,0.20977574586868286,0.040691688656806946,0.3313711881637573,-0.033896103501319885,0.4027394652366638,-0.06046214699745178,0.4433867931365967,-0.08541207760572433
thumbs_up,0.0,0.0,-0.06376185268163681,-0.28866100311279297,-0.01652170531451702,-0.5905512571334839,0.03360099345445633,-0.8193032741546631,0.03658534586429596,-1.0,0.2688705623149872,-0.6270577311515808,0.28276094794273376,-0.5822982788085938,0.19011351466178894,-0.4951048791408539,0.13445448875427246,-0.47130733728408813,0.3715221881866455,-0.47206932306289673,0.3323090374469757,-0.42840775847435,0.2180994749069214,-0.36602136492729187,0.16046229004859924,-0.3373430669307709,0.41966530680656433,-0.2891373336315155,0.34574568271636963,-0.25494450330734253,0.25246021151542664,-0.21855048835277557,0.20423951745033264,-0.20042835175991058,0.4351317286491394,-0.10287592560052872,0.3747585713863373,-0.08268626779317856,0.30178144574165344,-0.06608714163303375,0.2625228762626648,-0.0605495311319828
thumbs_up,0.0,0.0,-0.06564297527074814,-0.2806568145751953,-0.005956683307886124,-0.58134526014328,0.04826797917485237,-0.8086519241333008,0.05706934258341789,-1.0,0.32078874111175537,-0.6117187738418579,0.2693943977355957,-0.5761565566062927,0.16625431180000305,-0.4866526126861572,0.1297341287136078,-0.4543250799179077,0.4242636561393738,-0.4403720200061798,0.31615832448005676,-0.4046001732349396,0.18529275059700012,-0.33605170249938965,0.14604566991329193,-0.3054417371749878,0.4600580334663391,-0.2446265071630478,0.3291425108909607,-0.22403942048549652,0.2167517989873886,-0.18913371860980988,0.18639111518859863,-0.1780615895986557,0.4565199911594391,-0.053608812391757965,0.3436283767223358,-0.04359278827905655,0.2539210915565491,-0.03572773560881615,0.22421035170555115,-0.03734906390309334
thumbs_up,0.0,0.0,-0.02078407257795334,-0.30475032329559326,0.033236224204301834,-0.5987390279769897,0.07860513776540756,-0.8143225908279419,0.11611476540565491,-1.0,0.34495651721954346,-0.5846737027168274,0.22235338389873505,-0.5564621090888977,0.14530830085277557,-0.48933348059654236,0.1758420467376709,-0.4817140996456146,0.42246416211128235,-0.40362292528152466,0.2176700234413147,-0.3785504400730133,0.14161689579486847,-0.34529006481170654,0.18081609904766083,-0.3577265441417694,0.4406229853630066,-0.2049901783466339,0.21537333726882935,-0.1951373815536499,0.14827077090740204,-0.16876831650733948,0.188224658370018,-0.18183620274066925,0.422637015581131,-0.02379242144525051,0.21724647283554077,-0.022370990365743637,0.16454847157001495,-0.007069101091474295,0.1999771147966385,-0.02011364884674549
thumbs_up,0.0,0.0,-0.036128975450992584,-0.3300323784351349,0.02752457931637764,-0.6092991232872009,0.07121387869119644,-0.8099327683448792,0.09422261267900467,-1.0,0.3399266004562378,-0.6008204817771912,0.1566922515630722,-0.6225573420524597,0.03079569712281227,-0.516383945941925,0.011358145624399185,-0.45871955156326294,0.38868847489356995,-0.4119759798049927,0.10550951212644577,-0.42867082357406616,-0.007213132921606302,-0.34801721572875977,-0.016834843903779984,-0.3044780194759369,0.3774918019771576,-0.2103806436061859,0.0793483555316925,-0.2301838994026184,-0.021328916773200035,-0.16449026763439178,-0.028012393042445183,-0.13275253772735596,0.328179270029068,-0.01977805607020855,0.0961667075753212,-0.0170173067599535,-0.011073950678110123,-0.0014231514651328325,-0.042657520622015,-0.002999055664986372
thumbs_up,0.0,0.0,-0.013016165234148502,-0.27251186966896057,-0.03434060513973236,-0.5888329744338989,-0.028134994208812714,-0.8251784443855286,0.0012995004653930664,-1.0,-0.083528533577919,-0.49846625328063965,-0.3616279363632202,-0.6216042041778564,-0.3464623689651489,-0.5543380975723267,-0.2774284780025482,-0.5415776968002319,-0.11127065867185593,-0.3087293803691864,-0.38141053915023804,-0.4273836314678192,-0.3790554404258728,-0.41439470648765564,-0.3592963218688965,-0.41909778118133545,-0.1519959717988968,-0.12337785959243774,-0.38501420617103577,-0.2234174609184265,-0.41368910670280457,-0.25616246461868286,-0.42322608828544617,-0.2862820327281952,-0.19361764192581177,0.031615886837244034,-0.3831614851951599,-0.039776042103767395,-0.423496812582016,-0.07830844074487686,-0.4403912425041199,-0.11444519460201263
thumbs_up,0.0,0.0,-0.008935720659792423,-0.2688129246234894,-0.0360737107694149,-0.5833215713500977,-0.04196570813655853,-0.8171842694282532,-0.04369682818651199,-1.0,-0.06453166902065277,-0.48899319767951965,-0.28844743967056274,-0.5919875502586365,-0.3970252573490143,-0.5938015580177307,-0.45676711201667786,-0.6057071089744568,-0.09051787108182907,-0.29271426796913147,-0.30120426416397095,-0.3786264657974243,-0.4359692633152008,-0.4283478260040283,-0.539020299911499,-0.48205333948135376,-0.13922230899333954,-0.0990825966000557,-0.33207106590270996,-0.16385623812675476,-0.44766178727149963,-0.24056263267993927,-0.5267693996429443,-0.3130243122577667,-0.19141140580177307,0.06106625124812126,-0.36711421608924866,0.012395448982715607,-0.46576207876205444,-0.05313305929303169,-0.5350517630577087,-0.10980834066867828
thumbs_up,0.0,0.0,0.008161555975675583,-0.2736557722091675,-0.05211090296506882,-0.5922717452049255,-0.09772736579179764,-0.8255624771118164,-0.11690397560596466,-1.0,-0.13029666244983673,-0.503243088722229,-0.3851335942745209,-0.6630517840385437,-0.35412275791168213,-0.649129331111908,-0.27727529406547546,-0.6497622728347778,-0.18374721705913544,-0.3209124803543091,-0.48096296191215515,-0.47469690442085266,-0.44524362683296204,-0.46191227436065674,-0.37196120619773865,-0.4342188239097595,-0.2324804663658142,-0.14183998107910156,-0.48825687170028687,-0.2751339077949524,-0.4604225158691406,-0.274697870016098,-0.3964308500289917,-0.24711328744888306,-0.26753976941108704,0.017368901520967484,-0.4766969382762909,-0.10602985322475433,-0.4751511812210083,-0.12435047328472137,-0.44280368089675903,-0.10979173332452774
thumbs_up,0.0,0.0,0.0051886895671486855,-0.2822287380695343,-0.037738241255283356,-0.5923267006874084,-0.059037867933511734,-0.8247742056846619,-0.0502149723470211,-1.0,-0.09582505375146866,-0.4751684367656708,-0.2707500159740448,-0.5607908368110657,-0.33887428045272827,-0.6026274561882019,-0.37786611914634705,-0.65290766954422,-0.14234977960586548,-0.2948107421398163,-0.34548014402389526,-0.35683673620224,-0.4475439786911011,-0.4103914797306061,-0.5226320624351501,-0.4584571421146393,-0.18622004985809326,-0.11398117244243622,-0.36830994486808777,-0.15160439908504486,-0.46511322259902954,-0.21912257373332977,-0.5312463641166687,-0.2807939648628235,-0.22073650360107422,0.040466491132974625,-0.36867013573646545,0.009500620886683464,-0.4526687562465668,-0.045835234224796295,-0.5152285695075989,-0.0969681665301323
thumbs_up,0.0,0.0,0.001250017317943275,-0.2729564905166626,-0.06239118427038193,-0.5891653299331665,-0.10242059081792831,-0.8231508731842041,-0.09316746145486832,-1.0,-0.13567690551280975,-0.46827641129493713,-0.31162333488464355,-0.5724886059761047,-0.3356802761554718,-0.6014553904533386,-0.32830628752708435,-0.6465727090835571,-0.19585111737251282,-0.2848993241786957,-0.4012577533721924,-0.35692381858825684,-0.4612579047679901,-0.3817969262599945,-0.49265724420547485,-0.4033146798610687,-0.23758167028427124,-0.09473183751106262,-0.4062051773071289,-0.1478261947631836,-0.46817415952682495,-0.18884390592575073,-0.49554285407066345,-0.2223075032234192,-0.2543272376060486,0.07032157480716705,-0.40581318736076355,0.03136264532804489,-0.46807190775871277,0.007020716555416584,-0.5090961456298828,-0.007071844767779112
thumbs_up,0.0,0.0,0.02350126951932907,-0.2593383491039276,-0.03287934511899948,-0.5875419974327087,-0.06112920492887497,-0.8191323280334473,-0.047977861016988754,-1.0,-0.18849579989910126,-0.47555792331695557,-0.43489667773246765,-0.6029959917068481,-0.3882986903190613,-0.5629124045372009,-0.30079153180122375,-0.524343729019165,-0.253632128238678,-0.30331215262413025,-0.48832541704177856,-0.42624425888061523,-0.4253407418727875,-0.407092422246933,-0.34200167655944824,-0.3638646602630615,-0.2890172600746155,-0.1311848759651184,-0.4771261513233185,-0.24781565368175507,-0.42059436440467834,-0.2382311224937439,-0.34519365429878235,-0.19865837693214417,-0.29900601506233215,0.01689049042761326,-0.45694392919540405,-0.09037736803293228,-0.4177756607532501,-0.08417270332574844,-0.3608672022819519,-0.04450424388051033
thumbs_up,0.0,0.0,0.03230717033147812,-0.2553512454032898,-0.022493960335850716,-0.5853642821311951,-0.05658181756734848,-0.8145815134048462,-0.04981958866119385,-1.0,-0.1874062716960907,-0.4669128656387329,-0.41036856174468994,-0.5749549269676208,-0.35339635610580444,-0.5440518856048584,-0.27327460050582886,-0.5194355249404907,-0.2603074312210083,-0.2885178029537201,-0.46801793575286865,-0.41350358724594116,-0.39180031418800354,-0.39488694071769714,-0.3027905821800232,-0.35015255212783813,-0.29758551716804504,-0.11551427096128464,-0.46595725417137146,-0.23712491989135742,-0.40178215503692627,-0.22318239510059357,-0.32285770773887634,-0.1849646270275116,-0.31200262904167175,0.03627776354551315,-0.4549753963947296,-0.07180579006671906,-0.3973577618598938,-0.0670093223452568,-0.32663029432296753,-0.033704616129398346
thumbs_up,0.0,0.0,0.021567024290561676,-0.26909011602401733,-0.032736167311668396,-0.5922894477844238,-0.06165385618805885,-0.8180814385414124,-0.05605100467801094,-1.0,-0.20443327724933624,-0.48601233959198,-0.42215684056282043,-0.591681718826294,-0.3499636948108673,-0.5495064854621887,-0.26568758487701416,-0.5116659998893738,-0.2734719514846802,-0.3059614598751068,-0.4691319465637207,-0.42383429408073425,-0.3921269476413727,-0.39859843254089355,-0.308537095785141,-0.35621169209480286,-0.31244924664497375,-0.1348140835762024,-0.4674074351787567,-0.2539229691028595,-0.3986373245716095,-0.23941539227962494,-0.32129964232444763,-0.20159810781478882,-0.33191314339637756,0.014828055165708065,-0.45791199803352356,-0.10757733881473541,-0.3896786868572235,-0.09531683474779129,-0.31794050335884094,-0.04964651167392731
thumbs_up,0.0,0.0,0.019067898392677307,-0.27697131037712097,-0.036517124623060226,-0.587419331073761,-0.06643779575824738,-0.8154554963111877,-0.060349032282829285,-1.0,-0.21811948716640472,-0.5027758479118347,-0.4338456094264984,-0.5859102606773376,-0.37416571378707886,-0.5410796999931335,-0.29149773716926575,-0.508465588092804,-0.2812276780605316,-0.3272952735424042,-0.4824984073638916,-0.41037294268608093,-0.41670316457748413,-0.39659279584884644,-0.3338792622089386,-0.36257728934288025,-0.31378933787345886,-0.15211457014083862,-0.47079259157180786,-0.22855724394321442,-0.4048452079296112,-0.2264229655265808,-0.32326140999794006,-0.2037157416343689,-0.3274421691894531,0.0030878752004355192,-0.4565783441066742,-0.07637372612953186,-0.39295482635498047,-0.07675547152757645,-0.3170115351676941,-0.05037040263414383
thumbs_up,0.0,0.0,0.01885969191789627,-0.2784956991672516,-0.038154106587171555,-0.5987756848335266,-0.05953352153301239,-0.8261180520057678,-0.05243370682001114,-1.0,-0.22497151792049408,-0.49940788745880127,-0.4304274022579193,-0.5811838507652283,-0.37715426087379456,-0.5358385443687439,-0.30008745193481445,-0.5074595808982849,-0.2914801836013794,-0.31588879227638245,-0.4804930090904236,-0.40487703680992126,-0.4203070104122162,-0.3843564987182617,-0.3373021185398102,-0.3436601459980011,-0.3203279972076416,-0.13538174331188202,-0.46874698996543884,-0.20900309085845947,-0.4107833802700043,-0.19788265228271484,-0.33074700832366943,-0.16714760661125183,-0.3252648413181305,0.02377166412770748,-0.4522828161716461,-0.04343554377555847,-0.40197616815567017,-0.04127984866499901,-0.33080729842185974,-0.016272954642772675
thumbs_up,0.0,0.0,0.0191023126244545,-0.2739012539386749,-0.0429529994726181,-0.5930872559547424,-0.07397563010454178,-0.8234694600105286,-0.07069753855466843,-1.0,-0.23923136293888092,-0.5044734477996826,-0.44711077213287354,-0.5875858664512634,-0.37360498309135437,-0.5400789380073547,-0.2887188792228699,-0.5056551098823547,-0.3144255578517914,-0.31601303815841675,-0.5029632449150085,-0.4186071753501892,-0.416119784116745,-0.39267614483833313,-0.32269877195358276,-0.3527754545211792,-0.3542248606681824,-0.13674120604991913,-0.48083576560020447,-0.2238970845937729,-0.39835384488105774,-0.21012434363365173,-0.315753310918808,-0.18351127207279205,-0.37085235118865967,0.02296089567244053,-0.4684908390045166,-0.07014472782611847,-0.38936862349510193,-0.05816818028688431,-0.3168770372867584,-0.023900272324681282
thumbs_up,0.0,0.0,0.019108321517705917,-0.26989272236824036,-0.04628332704305649,-0.5875962972640991,-0.08355981856584549,-0.8199642300605774,-0.07338707149028778,-1.0,-0.22990861535072327,-0.49443623423576355,-0.4522145390510559,-0.5678368210792542,-0.3982738256454468,-0.5208154916763306,-0.3146091401576996,-0.493687242269516,-0.2950490117073059,-0.31300118565559387,-0.4986879527568817,-0.3936081528663635,-0.4315725266933441,-0.36846283078193665,-0.3439216911792755,-0.33889421820640564,-0.32691487669944763,-0.13666076958179474,-0.4842907190322876,-0.20998919010162354,-0.42017993330955505,-0.1975306123495102,-0.33987894654273987,-0.1774580478668213,-0.3380080759525299,0.01847698539495468,-0.46252885460853577,-0.05236103758215904,-0.3997787833213806,-0.043564826250076294,-0.32649070024490356,-0.02078280784189701
thumbs_up,0.0,0.0,0.018137158825993538,-0.277538925409317,-0.04071240499615669,-0.5981258153915405,-0.06292431056499481,-0.8280329704284668,-0.04963192343711853,-1.0,-0.23400013148784637,-0.5126837491989136,-0.46308088302612305,-0.5980122089385986,-0.39584410190582275,-0.5500771403312683,-0.3052121698856354,-0.5172461271286011,-0.3000539243221283,-0.329989492893219,-0.5046907663345337,-0.41904395818710327,-0.42500168085098267,-0.38795870542526245,-0.33611875772476196,-0.3533175587654114,-0.3347494304180145,-0.14893847703933716,-0.4965376555919647,-0.23520588874816895,-0.4227736294269562,-0.21469447016716003,-0.34007567167282104,-0.18450605869293213,-0.3502436578273773,0.01742873340845108,-0.48372650146484375,-0.07131417840719223,-0.4173612594604492,-0.060182370245456696,-0.34381401538848877,-0.026796920225024223
thumbs_up,0.0,0.0,0.01305781863629818,-0.27402162551879883,-0.05066470056772232,-0.5894827246665955,-0.08372927457094193,-0.8237976431846619,-0.07612189650535583,-1.0,-0.22970661520957947,-0.5198147892951965,-0.456642210483551,-0.6052625775337219,-0.3941558003425598,-0.5503031015396118,-0.3102681040763855,-0.5197357535362244,-0.2950228154659271,-0.3506176471710205,-0.5043695569038391,-0.42483818531036377,-0.4285864233970642,-0.3951681852340698,-0.34475263953208923,-0.3607215881347656,-0.33245134353637695,-0.17728692293167114,-0.49124670028686523,-0.23603257536888123,-0.41547757387161255,-0.21969430148601532,-0.3343178629875183,-0.19348406791687012,-0.35318654775619507,-0.018628589808940887,-0.48000892996788025,-0.08944100886583328,-0.4111415445804596,-0.07910814136266708,-0.3362339735031128,-0.04920075461268425
thumbs_up,0.0,0.0,0.01266250666230917,-0.2799588441848755,-0.04677833244204521,-0.5956882238388062,-0.07729755342006683,-0.828856348991394,-0.07883980870246887,-1.0,-0.2221144288778305,-0.5011274218559265,-0.4472292959690094,-0.5915911793708801,-0.3849421441555023,-0.5405980348587036,-0.3042636811733246,-0.5109092593193054,-0.28841376304626465,-0.3260974586009979,-0.4925229549407959,-0.41381463408470154,-0.4212173819541931,-0.388012170791626,-0.3391392230987549,-0.35342535376548767,-0.32554569840431213,-0.15486225485801697,-0.47960057854652405,-0.23656697571277618,-0.41306614875793457,-0.22461171448230743,-0.33543694019317627,-0.19537240266799927,-0.3437088429927826,-0.005396703723818064,-0.4649847745895386,-0.09777754545211792,-0.4040693938732147,-0.08877959102392197,-0.3360775113105774,-0.051319606602191925
thumbs_up,0.0,0.0,0.019236933439970016,-0.2703380882740021,-0.0421423502266407,-0.5903993844985962,-0.07200976461172104,-0.8203290104866028,-0.06733589619398117,-1.0,-0.22399082779884338,-0.5156800150871277,-0.45021724700927734,-0.5984744429588318,-0.3844805657863617,-0.5439373254776001,-0.29379239678382874,-0.5105240345001221,-0.2878018319606781,-0.34392890334129333,-0.4898430109024048,-0.4220542907714844,-0.415206640958786,-0.3916836678981781,-0.32878926396369934,-0.35824158787727356,-0.32117903232574463,-0.16894188523292542,-0.47887319326400757,-0.24130502343177795,-0.4075567424297333,-0.2200898826122284,-0.3250424563884735,-0.1894257813692093,-0.33632704615592957,-0.008877872489392757,-0.4658825099468231,-0.08853430300951004,-0.3993677496910095,-0.07188786566257477,-0.3219914436340332,-0.036477137356996536
thumbs_up,0.0,0.0,0.0025444775819778442,-0.2782955765724182,-0.06661571562290192,-0.5845381617546082,-0.10851548612117767,-0.8187066912651062,-0.10952380299568176,-1.0,-0.22916249930858612,-0.4966987073421478,-0.45081597566604614,-0.5881850123405457,-0.3793727159500122,-0.5362136960029602,-0.2985532581806183,-0.4996627867221832,-0.2961076498031616,-0.3176206946372986,-0.5007557272911072,-0.42026689648628235,-0.4215795695781708,-0.3954615294933319,-0.3375687301158905,-0.3558555841445923,-0.33766189217567444,-0.14693395793437958,-0.48799681663513184,-0.23686426877975464,-0.4138663709163666,-0.22398382425308228,-0.3370181620121002,-0.19282028079032898,-0.36157333850860596,0.0010339937871322036,-0.47542455792427063,-0.09599526226520538,-0.4056791365146637,-0.08257916569709778,-0.33743420243263245,-0.043948203325271606
thumbs_up,0.0,0.0,0.011885086074471474,-0.27275484800338745,-0.05124128237366676,-0.5881554484367371,-0.07615439593791962,-0.8183385729789734,-0.06278597563505173,-1.0,-0.21800655126571655,-0.5124115943908691,-0.44760647416114807,-0.5912945866584778,-0.38351932168006897,-0.5441741943359375,-0.2949432134628296,-0.5199785828590393,-0.27865976095199585,-0.33670899271965027,-0.4890751540660858,-0.41563305258750916,-0.4193990230560303,-0.39634793996810913,-0.33743026852607727,-0.3641281723976135,-0.3133443295955658,-0.1575031280517578,-0.48475924134254456,-0.23880641162395477,-0.4228687882423401,-0.23012349009513855,-0.3462558090686798,-0.2027026265859604,-0.33269137144088745,0.003467380069196224,-0.4752575159072876,-0.08349566161632538,-0.41508424282073975,-0.07928649336099625,-0.34143444895744324,-0.048091378062963486
thumbs_up,0.0,0.0,0.00867419596761465,-0.26904118061065674,-0.060358595103025436,-0.5870146751403809,-0.10025110095739365,-0.8207287192344666,-0.10749209672212601,-1.0,-0.2239353507757187,-0.49142804741859436,-0.4496587812900543,-0.5850077271461487,-0.38255202770233154,-0.5389437079429626,-0.2990490198135376,-0.5082017183303833,-0.2888888418674469,-0.31578266620635986,-0.4922466278076172,-0.408781498670578,-0.4162576198577881,-0.3837178945541382,-0.33168548345565796,-0.34867793321609497,-0.32913219928741455,-0.14632128179073334,-0.4834636151790619,-0.23422597348690033,-0.4133835434913635,-0.2207263708114624,-0.33527714014053345,-0.19177177548408508,-0.35201650857925415,0.0018129905220121145,-0.46754664182662964,-0.09277601540088654,-0.3986813426017761,-0.07843957841396332,-0.32839274406433105,-0.04029638320207596
thumbs_up,0.0,0.0,0.012929909862577915,-0.26991981267929077,-0.04387104883790016,-0.590337336063385,-0.0611482672393322,-0.8228187561035156,-0.04795213043689728,-1.0,-0.2203940451145172,-0.5154838562011719,-0.4572444558143616,-0.6010135412216187,-0.39554694294929504,-0.5429301261901855,-0.3027312755584717,-0.5145393013954163,-0.28227585554122925,-0.3421509265899658,-0.4990963339805603,-0.42203375697135925,-0.4246131479740143,-0.3903414011001587,-0.33566024899482727,-0.3554179072380066,-0.31399455666542053,-0.16229811310768127,-0.4851071238517761,-0.23188482224941254,-0.4147774577140808,-0.2089385688304901,-0.33013036847114563,-0.17709709703922272,-0.32664674520492554,0.0011211251839995384,-0.47065237164497375,-0.07731742411851883,-0.41182130575180054,-0.06618106365203857,-0.3362754285335541,-0.03604826703667641
thumbs_up,0.0,0.0,0.012412751093506813,-0.2785220444202423,-0.051614802330732346,-0.5960057973861694,-0.08584783226251602,-0.8273334503173828,-0.09202675521373749,-1.0,-0.21640075743198395,-0.5101784467697144,-0.4395042061805725,-0.5909304022789001,-0.37374943494796753,-0.5411074161529541,-0.29172515869140625,-0.5143522620201111,-0.2852623164653778,-0.33032476902008057,-0.48640841245651245,-0.41916993260383606,-0.408692330121994,-0.39088553190231323,-0.32330942153930664,-0.3552500307559967,-0.32563555240631104,-0.15508107841014862,-0.48002132773399353,-0.24251672625541687,-0.40878722071647644,-0.2268894761800766,-0.3304433524608612,-0.1958913505077362,-0.3476139008998871,-0.0011492177145555615,-0.46398231387138367,-0.09514952450990677,-0.3963059186935425,-0.08307193219661713,-0.3261736333370209,-0.04610958322882652
thumbs_up,0.0,0.0,0.005020680371671915,-0.28403130173683167,-0.058358509093523026,-0.6003724932670593,-0.07991848140954971,-0.8333755135536194,-0.0795140415430069,-1.0,-0.2291012853384018,-0.5109421610832214,-0.45820868015289307,-0.6004942655563354,-0.38559553027153015,-0.5534685850143433,-0.2997458577156067,-0.5204026699066162,-0.29904139041900635,-0.32458966970443726,-0.5142205357551575,-0.4309801459312439,-0.4346176087856293,-0.40174004435539246,-0.3465981185436249,-0.3618859350681305,-0.34189340472221375,-0.14892984926700592,-0.5082845091819763,-0.25365787744522095,-0.43480396270751953,-0.23718644678592682,-0.35449686646461487,-0.20144766569137573,-0.3665177822113037,0.00664307689294219,-0.4922289252281189,-0.10069168359041214,-0.4224960207939148,-0.08671490103006363,-0.3518688380718231,-0.045171283185482025
thumbs_up,0.0,0.0,0.004775958135724068,-0.2807828485965729,-0.06228170171380043,-0.5908795595169067,-0.10175402462482452,-0.8245090842247009,-0.10517100989818573,-1.0,-0.22611506283283234,-0.5011283755302429,-0.4420366585254669,-0.5888406038284302,-0.3786372244358063,-0.5418208241462708,-0.30037999153137207,-0.5117772221565247,-0.29097941517829895,-0.3271837532520294,-0.4904521107673645,-0.4236639738082886,-0.42229828238487244,-0.3996601998806,-0.34134387969970703,-0.36524662375450134,-0.3310290277004242,-0.15926021337509155,-0.4758665859699249,-0.2426072210073471,-0.4106713831424713,-0.2276042252779007,-0.3358577489852905,-0.1985902339220047,-0.35376349091529846,-0.01300890278071165,-0.46667414903640747,-0.1063794270157814,-0.40164896845817566,-0.0878993570804596,-0.33372318744659424,-0.04750024527311325
thumbs_up,0.0,0.0,0.005869229324162006,-0.28161290287971497,-0.0654505044221878,-0.5930814146995544,-0.10318794846534729,-0.8239808082580566,-0.10478484630584717,-1.0,-0.22544150054454803,-0.5019059777259827,-0.44390952587127686,-0.5917746424674988,-0.37497228384017944,-0.5443017482757568,-0.29362010955810547,-0.5123739838600159,-0.2931532561779022,-0.32199016213417053,-0.48631614446640015,-0.4259282052516937,-0.4102853536605835,-0.3971465528011322,-0.3287171423435211,-0.3554682731628418,-0.3355543613433838,-0.14891445636749268,-0.4850844740867615,-0.2491435557603836,-0.41498085856437683,-0.23355968296527863,-0.3382245600223541,-0.198273703455925,-0.36027052998542786,0.0016011007828637958,-0.4752507507801056,-0.10569137334823608,-0.40778371691703796,-0.09304248541593552,-0.3378048539161682,-0.05101163685321808
thumbs_up,0.0,0.0,0.0004555857740342617,-0.28747403621673584,-0.06343025714159012,-0.596136212348938,-0.09755821526050568,-0.8283801674842834,-0.10815829783678055,-1.0,-0.22604559361934662,-0.4962631165981293,-0.443541556596756,-0.5899410247802734,-0.36755359172821045,-0.5421547889709473,-0.28620803356170654,-0.5093144774436951,-0.28923314809799194,-0.3180345594882965,-0.4894419014453888,-0.4153723418712616,-0.41193312406539917,-0.39569947123527527,-0.3315669596195221,-0.3621642589569092,-0.32925716042518616,-0.14930817484855652,-0.48165163397789,-0.24071554839611053,-0.41263097524642944,-0.22922383248806,-0.33810898661613464,-0.1998504400253296,-0.3530043065547943,-0.003410724923014641,-0.4668753445148468,-0.1033913865685463,-0.40160152316093445,-0.09133128821849823,-0.33360424637794495,-0.05227002501487732
thumbs_up,0.0,0.0,-0.0016716234385967255,-0.28368693590164185,-0.06847705692052841,-0.591762125492096,-0.10224347561597824,-0.8270431160926819,-0.10511990636587143,-1.0,-0.2399219572544098,-0.508924126625061,-0.46031469106674194,-0.5854201912879944,-0.3912219703197479,-0.5274848341941833,-0.31115642189979553,-0.4976757764816284,-0.30538806319236755,-0.32983219623565674,-0.5101621747016907,-0.41613733768463135,-0.43368613719940186,-0.37963584065437317,-0.3512360453605652,-0.34571126103401184,-0.3475611209869385,-0.15757201611995697,-0.5058088898658752,-0.23721502721309662,-0.4334562122821808,-0.21445460617542267,-0.35629260540008545,-0.18332697451114655,-0.3745024800300598,-0.0037302642595022917,-0.49766865372657776,-0.09121476858854294,-0.42808762192726135,-0.07260342687368393,-0.35690221190452576,-0.03605210408568382
thumbs_up,0.0,0.0,0.003728967159986496,-0.28580841422080994,-0.06802108883857727,-0.5889952778816223,-0.11206374317407608,-0.8205977082252502,-0.10761311650276184,-1.0,-0.22927656769752502,-0.5063342452049255,-0.44446372985839844,-0.5872573852539062,-0.3673825263977051,-0.5359877347946167,-0.28604406118392944,-0.5035659670829773,-0.2926958501338959,-0.3335060477256775,-0.48683422803878784,-0.4224781095981598,-0.4070809483528137,-0.3972935080528259,-0.32912468910217285,-0.360425740480423,-0.33281609416007996,-0.16550558805465698,-0.4816908538341522,-0.25185367465019226,-0.4104453921318054,-0.23881855607032776,-0.3369472324848175,-0.20875374972820282,-0.35631701350212097,-0.02021268755197525,-0.4725869596004486,-0.11661512404680252,-0.40585485100746155,-0.10449876636266708,-0.33712881803512573,-0.06579363346099854
thumbs_up,0.0,0.0,0.010849728249013424,-0.2792072594165802,-0.05801331624388695,-0.5950543284416199,-0.1010902002453804,-0.8212802410125732,-0.09601134061813354,-1.0,-0.22966855764389038,-0.5118016600608826,-0.44812071323394775,-0.5959041118621826,-0.37851589918136597,-0.540396511554718,-0.29115960001945496,-0.5065556764602661,-0.29299795627593994,-0.3372628390789032,-0.48788225650787354,-0.430512011051178,-0.4118442237377167,-0.3937024474143982,-0.3275788724422455,-0.3540739119052887,-0.32963788509368896,-0.16592033207416534,-0.4829607903957367,-0.2457035481929779,-0.4126412272453308,-0.22088001668453217,-0.3330673575401306,-0.18898238241672516,-0.3495909869670868,-0.010732995346188545,-0.476701557636261,-0.1033935472369194,-0.40839529037475586,-0.07927685976028442,-0.33430346846580505,-0.03627714887261391
thumbs_up,0.0,0.0,0.01896231435239315,-0.26505789160728455,-0.04616812244057655,-0.590521514415741,-0.06415333598852158,-0.825491189956665,-0.034502990543842316,-1.0,-0.22997400164604187,-0.5033576488494873,-0.4473613202571869,-0.6018377542495728,-0.39415639638900757,-0.5623725056648254,-0.31029608845710754,-0.5376240611076355,-0.30368050932884216,-0.3284270465373993,-0.5098680853843689,-0.4289472699165344,-0.4458734393119812,-0.40697625279426575,-0.35914114117622375,-0.3726862370967865,-0.33756759762763977,-0.15110273659229279,-0.5013198256492615,-0.23712891340255737,-0.44416508078575134,-0.22382625937461853,-0.3629513084888458,-0.1926005482673645,-0.34379398822784424,0.007633726578205824,-0.47941887378692627,-0.07265283912420273,-0.4292244613170624,-0.06476020812988281,-0.3602501153945923,-0.036257967352867126
thumbs_up,0.0,0.0,0.019273666664958,-0.26854535937309265,-0.04389629513025284,-0.5936288237571716,-0.06331359595060349,-0.8264274597167969,-0.04849526286125183,-1.0,-0.21543967723846436,-0.507357656955719,-0.44018319249153137,-0.5858814716339111,-0.3847065269947052,-0.5416617393493652,-0.2986173927783966,-0.5138103365898132,-0.27980324625968933,-0.3262946903705597,-0.4875712990760803,-0.405719131231308,-0.4215086102485657,-0.3867482542991638,-0.33537688851356506,-0.35421639680862427,-0.31440314650535583,-0.14434072375297546,-0.4766724705696106,-0.21791543066501617,-0.41626086831092834,-0.20512986183166504,-0.33620375394821167,-0.17737211287021637,-0.3301503658294678,0.01897440478205681,-0.4663776755332947,-0.060727402567863464,-0.4110497236251831,-0.054224420338869095,-0.33754515647888184,-0.027463294565677643
thumbs_up,0.0,0.0,0.002852012636139989,-0.27736765146255493,-0.06057172641158104,-0.5907086730003357,-0.10002481937408447,-0.8212147951126099,-0.11100829392671585,-1.0,-0.2229139357805252,-0.5038869976997375,-0.451332688331604,-0.5938586592674255,-0.3869721293449402,-0.54300457239151,-0.3020232915878296,-0.5115418434143066,-0.2861051857471466,-0.3335765302181244,-0.4908108413219452,-0.42792949080467224,-0.4198929965496063,-0.40077364444732666,-0.3370691239833832,-0.3599805235862732,-0.32334578037261963,-0.1663752645254135,-0.47798439860343933,-0.2438744604587555,-0.40952935814857483,-0.23113659024238586,-0.33136168122291565,-0.2016921043395996,-0.3463863432407379,-0.01779109053313732,-0.46521592140197754,-0.09892697632312775,-0.39725127816200256,-0.08905872702598572,-0.32391804456710815,-0.05571192130446434
thumbs_up,0.0,0.0,0.008149671368300915,-0.2770114243030548,-0.06007925048470497,-0.5885284543037415,-0.09956654906272888,-0.8205507397651672,-0.10853646695613861,-1.0,-0.24457335472106934,-0.5091751217842102,-0.4534050226211548,-0.5754819512367249,-0.37776148319244385,-0.5214102864265442,-0.29329031705856323,-0.4918150007724762,-0.3100517690181732,-0.3264907896518707,-0.4969116747379303,-0.4116353690624237,-0.41932833194732666,-0.37707147002220154,-0.33347681164741516,-0.3431823253631592,-0.3502180278301239,-0.1498744785785675,-0.48375454545021057,-0.22450433671474457,-0.41241195797920227,-0.20356088876724243,-0.33505478501319885,-0.1777840256690979,-0.3721260726451874,0.007575512398034334,-0.4765021502971649,-0.08033236861228943,-0.4031274616718292,-0.05943059176206589,-0.33118367195129395,-0.02386416867375374
thumbs_up,0.0,0.0,0.006829651538282633,-0.27356618642807007,-0.06717553734779358,-0.5912502408027649,-0.10525256395339966,-0.8232821822166443,-0.1038849949836731,-1.0,-0.2259618043899536,-0.5083767175674438,-0.4692785143852234,-0.5734278559684753,-0.39497241377830505,-0.5334736108779907,-0.2999611794948578,-0.5080769062042236,-0.2920093536376953,-0.3139986991882324,-0.5179129242897034,-0.4039331376552582,-0.43292808532714844,-0.3798731863498688,-0.33862313628196716,-0.3454649746417999,-0.3322301208972931,-0.1273893266916275,-0.509131908416748,-0.21023070812225342,-0.42888349294662476,-0.19541849195957184,-0.341114342212677,-0.16804170608520508,-0.35551247000694275,0.04181109368801117,-0.49424201250076294,-0.04702281579375267,-0.41675612330436707,-0.03819528594613075,-0.33660370111465454,-0.006901049520820379
thumbs_up,0.0,0.0,0.02239421010017395,-0.27468425035476685,-0.04198717698454857,-0.604534924030304,-0.06903574615716934,-0.830005943775177,-0.06767003983259201,-1.0,-0.21662724018096924,-0.523714005947113,-0.4576895833015442,-0.5988648533821106,-0.3881511688232422,-0.5508071184158325,-0.2948688566684723,-0.5223428606987,-0.29192915558815,-0.3311837911605835,-0.5039656162261963,-0.4219091832637787,-0.41992199420928955,-0.3943547308444977,-0.3283636271953583,-0.359184205532074,-0.33406150341033936,-0.1459440141916275,-0.4931553602218628,-0.23385737836360931,-0.41504913568496704,-0.21679717302322388,-0.33098912239074707,-0.18691442906856537,-0.35614660382270813,0.018312271684408188,-0.4826856553554535,-0.08210697025060654,-0.40779411792755127,-0.06635203212499619,-0.33323878049850464,-0.028313850983977318
thumbs_up,0.0,0.0,0.020681090652942657,-0.2798157334327698,-0.04518968611955643,-0.6037132143974304,-0.07258442044258118,-0.8270615935325623,-0.06672234833240509,-1.0,-0.2266593873500824,-0.527100682258606,-0.4583720564842224,-0.5976394414901733,-0.38561880588531494,-0.5524227619171143,-0.29271960258483887,-0.5220984816551208,-0.2945515811443329,-0.3372631072998047,-0.5013745427131653,-0.4290072023868561,-0.41554659605026245,-0.40038302540779114,-0.32338640093803406,-0.36117395758628845,-0.32922935485839844,-0.15165719389915466,-0.4892629384994507,-0.24069000780582428,-0.4095793664455414,-0.2219163328409195,-0.32531771063804626,-0.1898912787437439,-0.34386688470840454,0.016210902482271194,-0.4722726345062256,-0.07945206761360168,-0.39707884192466736,-0.0655227079987526,-0.3207651674747467,-0.028939824551343918
thumbs_up,0.0,0.0,0.02498597279191017,-0.2694670557975769,-0.041378725320100784,-0.5951488018035889,-0.06612202525138855,-0.8261088132858276,-0.061629243195056915,-1.0,-0.22842183709144592,-0.512877345085144,-0.47199341654777527,-0.6030482649803162,-0.4112308621406555,-0.5516830086708069,-0.3170415163040161,-0.5144363045692444,-0.29662057757377625,-0.33086180686950684,-0.5199432969093323,-0.4105486571788788,-0.4426308274269104,-0.38205376267433167,-0.34938719868659973,-0.3512958288192749,-0.3266942799091339,-0.14657574892044067,-0.502798855304718,-0.2116495817899704,-0.4291958212852478,-0.19535300135612488,-0.3402768671512604,-0.17205889523029327,-0.33244550228118896,0.02086336724460125,-0.48074671626091003,-0.04483398050069809,-0.4201260805130005,-0.03136630356311798,-0.3452945947647095,-0.0012131977127864957
thumbs_up,0.0,0.0,0.014745480380952358,-0.27491524815559387,-0.0533611923456192,-0.595209538936615,-0.08649259805679321,-0.8244616389274597,-0.08259646594524384,-1.0,-0.2264701873064041,-0.505495011806488,-0.45786798000335693,-0.5895599126815796,-0.3826983869075775,-0.5457661151885986,-0.2939280867576599,-0.518285870552063,-0.2978604733943939,-0.31910958886146545,-0.5124975442886353,-0.4206012189388275,-0.4251493513584137,-0.38605794310569763,-0.33231568336486816,-0.34532472491264343,-0.3386496901512146,-0.13799601793289185,-0.5068127512931824,-0.2331886738538742,-0.4255119264125824,-0.21228407323360443,-0.3392942547798157,-0.179687961935997,-0.3589107096195221,0.027533795684576035,-0.48716962337493896,-0.06596008688211441,-0.41045141220092773,-0.0539378859102726,-0.334011435508728,-0.01867951638996601
thumbs_up,0.0,0.0,0.015536418184638023,-0.2559416890144348,-0.0529058501124382,-0.5769732594490051,-0.07791070640087128,-0.8181450963020325,-0.06222768500447273,-1.0,-0.2173832356929779,-0.48510074615478516,-0.45298027992248535,-0.5909367203712463,-0.4155169725418091,-0.5520464181900024,-0.33443841338157654,-0.522922694683075,-0.2788533568382263,-0.30971622467041016,-0.5130356550216675,-0.40900295972824097,-0.46138325333595276,-0.38858112692832947,-0.3767642378807068,-0.3537001609802246,-0.30848342180252075,-0.13104119896888733,-0.4947383403778076,-0.2142004519701004,-0.44749152660369873,-0.20053109526634216,-0.3683331608772278,-0.1685054898262024,-0.3137339651584625,0.031039170920848846,-0.46677690744400024,-0.04501151666045189,-0.4327390491962433,-0.04054534062743187,-0.3719947338104248,-0.015820011496543884
thumbs_up,0.0,0.0,0.01632997952401638,-0.2701583206653595,-0.043942999094724655,-0.5918565988540649,-0.059425562620162964,-0.8264012336730957,-0.03363773971796036,-1.0,-0.2067912071943283,-0.5139716863632202,-0.45185431838035583,-0.604928731918335,-0.3982558250427246,-0.554526686668396,-0.31302616000175476,-0.52904212474823,-0.28186318278312683,-0.3348741829395294,-0.5086184740066528,-0.4247622787952423,-0.43655264377593994,-0.39778321981430054,-0.3503957986831665,-0.3622126579284668,-0.324354887008667,-0.15241391956806183,-0.49336183071136475,-0.2252277284860611,-0.4219558835029602,-0.2134321928024292,-0.34078463912010193,-0.18306198716163635,-0.3388386368751526,0.014272218570113182,-0.46843421459198,-0.06705812364816666,-0.40769678354263306,-0.05583241581916809,-0.3400788903236389,-0.021922642365098
thumbs_up,0.0,0.0,0.010382737033069134,-0.2791355550289154,-0.05788331478834152,-0.5935996174812317,-0.09132716804742813,-0.8272201418876648,-0.09462686628103256,-1.0,-0.21900010108947754,-0.502868115901947,-0.4497857689857483,-0.5837510824203491,-0.3873036205768585,-0.5347362756729126,-0.30381789803504944,-0.5040344595909119,-0.2878645360469818,-0.319968581199646,-0.5020548105239868,-0.40636375546455383,-0.4244265556335449,-0.3795800507068634,-0.3351958096027374,-0.3444024920463562,-0.3311271369457245,-0.1437767595052719,-0.4845263957977295,-0.21834774315357208,-0.4100930690765381,-0.2056223601102829,-0.3310416042804718,-0.1797989010810852,-0.3574617803096771,0.010722306556999683,-0.4716007709503174,-0.07211799174547195,-0.398991197347641,-0.058902557939291,-0.32867568731307983,-0.025537606328725815
thumbs_up,0.0,0.0,0.00032510151504538953,-0.2777850925922394,-0.06550818681716919,-0.598294198513031,-0.09203309565782547,-0.8293331861495972,-0.08996336162090302,-1.0,-0.22731199860572815,-0.5141320824623108,-0.46249309182167053,-0.5923429131507874,-0.3907772898674011,-0.5506953597068787,-0.3022867739200592,-0.5267314910888672,-0.29199880361557007,-0.32494649291038513,-0.5155483484268188,-0.4308689832687378,-0.43394267559051514,-0.4059394896030426,-0.3430280387401581,-0.36396950483322144,-0.3304765224456787,-0.14477241039276123,-0.5077902674674988,-0.23801670968532562,-0.43095794320106506,-0.22340504825115204,-0.3486576974391937,-0.18927818536758423,-0.35376855731010437,0.017916705459356308,-0.49487289786338806,-0.08539050072431564,-0.42040345072746277,-0.0728965550661087,-0.34572136402130127,-0.03345593065023422
thumbs_up,0.0,0.0,-0.0004721999866887927,-0.28458869457244873,-0.06940141320228577,-0.5989653468132019,-0.10786309093236923,-0.8288404941558838,-0.10991660505533218,-1.0,-0.23672673106193542,-0.5149033069610596,-0.45553532242774963,-0.5853722095489502,-0.3829652667045593,-0.5328145027160645,-0.29932737350463867,-0.5063117742538452,-0.2983853816986084,-0.3366442024707794,-0.5030438899993896,-0.4112982451915741,-0.4262489676475525,-0.38430625200271606,-0.3430041968822479,-0.3526771366596222,-0.3342062532901764,-0.16126352548599243,-0.4916963279247284,-0.22679831087589264,-0.41991084814071655,-0.2118309885263443,-0.3410389721393585,-0.18766571581363678,-0.3536198139190674,-0.004774466622620821,-0.4765966236591339,-0.08008568733930588,-0.4083905518054962,-0.06700867414474487,-0.3352651596069336,-0.03403789922595024
thumbs_up,0.0,0.0,-0.0006613404839299619,-0.2846001386642456,-0.07143457233905792,-0.592248797416687,-0.11654731631278992,-0.8229138851165771,-0.12667573988437653,-1.0,-0.24096527695655823,-0.508267879486084,-0.4694208800792694,-0.5799675583839417,-0.3953532576560974,-0.5333457589149475,-0.3079315721988678,-0.5046008825302124,-0.3044239580631256,-0.32330185174942017,-0.5172798037528992,-0.4167426824569702,-0.4387672543525696,-0.3899674415588379,-0.3505686819553375,-0.3575109839439392,-0.3428710699081421,-0.14803341031074524,-0.5020138621330261,-0.23216304183006287,-0.42851945757865906,-0.2156067192554474,-0.34818512201309204,-0.18724143505096436,-0.3651130795478821,0.008484948426485062,-0.4873083829879761,-0.08390314877033234,-0.4152374565601349,-0.06917460262775421,-0.3412335216999054,-0.033124327659606934
thumbs_up,0.0,0.0,0.00878783967345953,-0.28129324316978455,-0.06097675859928131,-0.5913543105125427,-0.10915950685739517,-0.8164441585540771,-0.11161733418703079,-1.0,-0.21598152816295624,-0.5049484372138977,-0.43897897005081177,-0.5810751914978027,-0.37160736322402954,-0.5319826006889343,-0.2862015664577484,-0.5008809566497803,-0.2773420512676239,-0.3284394145011902,-0.4816446304321289,-0.4109423756599426,-0.40641099214553833,-0.3834250867366791,-0.32273679971694946,-0.347813218832016,-0.31360724568367004,-0.15561777353286743,-0.4749685823917389,-0.23454870283603668,-0.4054160416126251,-0.21715393662452698,-0.32702118158340454,-0.18750709295272827,-0.33458012342453003,-0.0003947214863728732,-0.46475106477737427,-0.08920617401599884,-0.3970069885253906,-0.07337047159671783,-0.3240119218826294,-0.03636253997683525
thumbs_up,0.0,0.0,-0.009204485453665257,-0.28055253624916077,-0.08298017829656601,-0.5861022472381592,-0.1294344663619995,-0.8227691054344177,-0.13626596331596375,-1.0,-0.2512047290802002,-0.49837496876716614,-0.48318272829055786,-0.5703722238540649,-0.4129767417907715,-0.5190865993499756,-0.3278030753135681,-0.48881155252456665,-0.31154865026474,-0.3164983093738556,-0.5176024436950684,-0.3991154134273529,-0.442580908536911,-0.3688131272792816,-0.35965201258659363,-0.3380088806152344,-0.3504432439804077,-0.13836701214313507,-0.5043827891349792,-0.2091086059808731,-0.43410947918891907,-0.19062623381614685,-0.35711389780044556,-0.16184042394161224,-0.3758583664894104,0.024009298533201218,-0.4948878884315491,-0.05871882662177086,-0.425653874874115,-0.04457428306341171,-0.35616809129714966,-0.0095925098285079
thumbs_up,0.0,0.0,0.01736496016383171,-0.2720085680484772,-0.045819804072380066,-0.595628559589386,-0.07251141220331192,-0.823360800743103,-0.06082358583807945,-1.0,-0.22233569622039795,-0.5241120457649231,-0.4532204866409302,-0.5941795706748962,-0.38487106561660767,-0.534629225730896,-0.29270151257514954,-0.5051045417785645,-0.2880471646785736,-0.34588423371315,-0.49115049839019775,-0.4138570725917816,-0.4108718931674957,-0.37946727871894836,-0.3230917453765869,-0.3464090824127197,-0.3233015537261963,-0.16709546744823456,-0.4747121334075928,-0.23001599311828613,-0.3999059200286865,-0.2068605273962021,-0.31806114315986633,-0.1803203970193863,-0.33954793214797974,-0.005579843185842037,-0.4588792026042938,-0.08166831731796265,-0.3928721249103546,-0.06444390118122101,-0.320448637008667,-0.03352309763431549
thumbs_up,0.0,0.0,0.000317755009746179,-0.28041040897369385,-0.06853224337100983,-0.5907454490661621,-0.10812646895647049,-0.8201836347579956,-0.11956171691417694,-1.0,-0.2360125035047531,-0.5132879614830017,-0.4550989270210266,-0.575198769569397,-0.3820638954639435,-0.5245058536529541,-0.2944168746471405,-0.49986326694488525,-0.29310518503189087,-0.33024245500564575,-0.5009541511535645,-0.409993976354599,-0.42080700397491455,-0.3815377354621887,-0.3334178626537323,-0.34897351264953613,-0.3270995318889618,-0.1474599540233612,-0.4880511462688446,-0.22255510091781616,-0.4137638509273529,-0.20478637516498566,-0.3334277868270874,-0.17429672181606293,-0.34701576828956604,0.018556680530309677,-0.4768887162208557,-0.06725773960351944,-0.4043719172477722,-0.054953016340732574,-0.32866448163986206,-0.019290799275040627
thumbs_up,0.0,0.0,0.000317755009746179,-0.28041040897369385,-0.06853224337100983,-0.5907454490661621,-0.10812646895647049,-0.8201836347579956,-0.11956171691417694,-1.0,-0.2360125035047531,-0.5132879614830017,-0.4550989270210266,-0.575198769569397,-0.3820638954639435,-0.5245058536529541,-0.2944168746471405,-0.49986326694488525,-0.29310518503189087,-0.33024245500564575,-0.5009541511535645,-0.409993976354599,-0.42080700397491455,-0.3815377354621887,-0.3334178626537323,-0.34897351264953613,-0.3270995318889618,-0.1474599540233612,-0.4880511462688446,-0.22255510091781616,-0.4137638509273529,-0.20478637516498566,-0.3334277868270874,-0.17429672181606293,-0.34701576828956604,0.018556680530309677,-0.4768887162208557,-0.06725773960351944,-0.4043719172477722,-0.054953016340732574,-0.32866448163986206,-0.019290799275040627
thumbs_up,0.0,0.0,0.015952374786138535,-0.2803281247615814,-0.04785095527768135,-0.5991912484169006,-0.0817539393901825,-0.829208493232727,-0.07321536540985107,-1.0,-0.225963294506073,-0.5150244832038879,-0.4476303160190582,-0.5970579385757446,-0.3770644962787628,-0.5424153208732605,-0.2893569767475128,-0.5097575783729553,-0.29313644766807556,-0.33427268266677856,-0.4960523545742035,-0.4264170229434967,-0.4183498024940491,-0.3900846242904663,-0.33224475383758545,-0.35128918290138245,-0.3293536901473999,-0.15581007301807404,-0.4803680181503296,-0.2328788936138153,-0.40576377511024475,-0.21196725964546204,-0.324874609708786,-0.18163233995437622,-0.3468644618988037,0.005778719205409288,-0.4711596965789795,-0.08183446526527405,-0.4037379324436188,-0.06526964902877808,-0.3325642943382263,-0.028248140588402748
thumbs_up,0.0,0.0,0.017948932945728302,-0.27098992466926575,-0.049662839621305466,-0.5938495397567749,-0.07702159881591797,-0.8234810829162598,-0.06349717825651169,-1.0,-0.22752079367637634,-0.5195568203926086,-0.45676833391189575,-0.5896264314651489,-0.3881848156452179,-0.5440835952758789,-0.29737699031829834,-0.5206103324890137,-0.2933916747570038,-0.3422470986843109,-0.504667341709137,-0.4167810082435608,-0.41978877782821655,-0.3872027099132538,-0.327404648065567,-0.3561227321624756,-0.3279009461402893,-0.16061270236968994,-0.4896875321865082,-0.22349180281162262,-0.4086073637008667,-0.20180445909500122,-0.3230181038379669,-0.17526502907276154,-0.34502506256103516,0.010015822015702724,-0.47822871804237366,-0.06610473990440369,-0.40331315994262695,-0.050996292382478714,-0.32541486620903015,-0.018346669152379036
thumbs_up,0.0,0.0,0.022388551384210587,-0.28076308965682983,-0.04163945093750954,-0.6005387902259827,-0.07226923853158951,-0.8246744275093079,-0.06206878647208214,-1.0,-0.20897319912910461,-0.5120595693588257,-0.4372197687625885,-0.5849652886390686,-0.3671402931213379,-0.5405447483062744,-0.2786960303783417,-0.5120322108268738,-0.2807258367538452,-0.3263782858848572,-0.48713013529777527,-0.41715872287750244,-0.4046463966369629,-0.3872937858104706,-0.31403908133506775,-0.3468168377876282,-0.3229740262031555,-0.14771689474582672,-0.4775600731372833,-0.2338074892759323,-0.3997862935066223,-0.2151487022638321,-0.31710106134414673,-0.1833357810974121,-0.34589868783950806,0.012715074233710766,-0.46599289774894714,-0.07938530296087265,-0.3922041654586792,-0.06474880874156952,-0.3191339373588562,-0.02823418378829956
thumbs_up,0.0,0.0,0.013960443437099457,-0.2746288478374481,-0.056408680975437164,-0.5895525813102722,-0.0904882550239563,-0.8216869235038757,-0.08412661403417587,-1.0,-0.2265847772359848,-0.509709894657135,-0.45354557037353516,-0.5795875191688538,-0.3798806667327881,-0.5298404097557068,-0.29153120517730713,-0.5052621960639954,-0.29200252890586853,-0.3230662941932678,-0.5036474466323853,-0.4078257083892822,-0.42155545949935913,-0.3793550133705139,-0.33198460936546326,-0.34816399216651917,-0.3309704661369324,-0.1417827159166336,-0.48946571350097656,-0.22348923981189728,-0.4145420491695404,-0.20540207624435425,-0.33334073424339294,-0.17789611220359802,-0.35138237476348877,0.020295122638344765,-0.4770905375480652,-0.07229145616292953,-0.40670245885849,-0.05741693452000618,-0.33359163999557495,-0.02123577520251274
thumbs_up,0.0,0.0,0.012706656940281391,-0.2701561450958252,-0.05080706626176834,-0.5913102626800537,-0.08315789699554443,-0.8202918171882629,-0.06926307082176208,-1.0,-0.2117902934551239,-0.5234357714653015,-0.44011038541793823,-0.5985175967216492,-0.3693006634712219,-0.5395466685295105,-0.28139325976371765,-0.51015704870224,-0.27532222867012024,-0.35065412521362305,-0.48402079939842224,-0.42910557985305786,-0.39911413192749023,-0.39212003350257874,-0.3118719458580017,-0.351571261882782,-0.3111705482006073,-0.1768188178539276,-0.4732953906059265,-0.2487453669309616,-0.3941046893596649,-0.22237414121627808,-0.3133186101913452,-0.19019284844398499,-0.33004462718963623,-0.017504388466477394,-0.46045416593551636,-0.09623076766729355,-0.38807839155197144,-0.0773211345076561,-0.31153666973114014,-0.043502576649188995
thumbs_up,0.0,0.0,0.011109957471489906,-0.2751041352748871,-0.05553704500198364,-0.595492959022522,-0.09483819454908371,-0.8216183185577393,-0.09261483699083328,-1.0,-0.22057335078716278,-0.5083218216896057,-0.444034218788147,-0.5855700969696045,-0.37392422556877136,-0.5332000851631165,-0.28738632798194885,-0.5016112327575684,-0.2820886969566345,-0.3298060894012451,-0.4858436584472656,-0.41419318318367004,-0.40475529432296753,-0.38029348850250244,-0.3183979392051697,-0.34076952934265137,-0.31666889786720276,-0.1538705825805664,-0.47687414288520813,-0.23272523283958435,-0.4018423855304718,-0.2097877413034439,-0.3212599754333496,-0.17759288847446442,-0.3351614773273468,0.005756307393312454,-0.46650293469429016,-0.08200296014547348,-0.39805489778518677,-0.06473584473133087,-0.32585442066192627,-0.028422748669981956
thumbs_up,0.0,0.0,0.016827354207634926,-0.26376909017562866,-0.04805498570203781,-0.5855268836021423,-0.07296674698591232,-0.8180093169212341,-0.056435152888298035,-1.0,-0.23535960912704468,-0.520163357257843,-0.46014103293418884,-0.5861978530883789,-0.3914967477321625,-0.5296947956085205,-0.30325958132743835,-0.5084280371665955,-0.2971419394016266,-0.3436172902584076,-0.49996015429496765,-0.40905749797821045,-0.4222888648509979,-0.37796786427497864,-0.33581632375717163,-0.34862953424453735,-0.3244888484477997,-0.1618652045726776,-0.4799342453479767,-0.21827775239944458,-0.40520885586738586,-0.19537147879600525,-0.322103887796402,-0.17261047661304474,-0.32971858978271484,0.004748085979372263,-0.458404004573822,-0.050193578004837036,-0.39110249280929565,-0.035478733479976654,-0.3147278130054474,-0.011769600212574005
thumbs_up,0.0,0.0,0.010815281420946121,-0.2747974097728729,-0.05388651788234711,-0.5921052694320679,-0.08226841688156128,-0.8226661682128906,-0.07336752116680145,-1.0,-0.2283353954553604,-0.5234965682029724,-0.45058509707450867,-0.5991575717926025,-0.38295114040374756,-0.5409774780273438,-0.295534610748291,-0.507977306842804,-0.2923632562160492,-0.3489612936973572,-0.4888688623905182,-0.4353097975254059,-0.41580429673194885,-0.3972187936306,-0.3315369486808777,-0.3563143014907837,-0.3284365236759186,-0.1718032956123352,-0.47374022006988525,-0.2444070726633072,-0.4045987129211426,-0.22056734561920166,-0.3265689015388489,-0.18984097242355347,-0.34609147906303406,-0.01089890580624342,-0.46580880880355835,-0.09414885938167572,-0.40070852637290955,-0.07341667264699936,-0.3292911648750305,-0.0371980220079422
thumbs_up,0.0,0.0,0.01477131713181734,-0.28045523166656494,-0.05317690968513489,-0.5923518538475037,-0.0913139283657074,-0.8206349611282349,-0.08707553148269653,-1.0,-0.23207208514213562,-0.5153794884681702,-0.45034998655319214,-0.5861408114433289,-0.37610238790512085,-0.5327560901641846,-0.2879072427749634,-0.5012789964675903,-0.2936154305934906,-0.33297863602638245,-0.49149760603904724,-0.41226890683174133,-0.40856316685676575,-0.3836958110332489,-0.3205684423446655,-0.3504449427127838,-0.32569247484207153,-0.15393467247486115,-0.4733700454235077,-0.2242582142353058,-0.3949167728424072,-0.206941157579422,-0.31343820691108704,-0.18305538594722748,-0.3401479423046112,0.008346081711351871,-0.4633355736732483,-0.07180123031139374,-0.3897518813610077,-0.05755247920751572,-0.3147905766963959,-0.02630382776260376
thumbs_up,0.0,0.0,0.027937212958931923,-0.2745281159877777,-0.03282569721341133,-0.5950786471366882,-0.07486005872488022,-0.8212811946868896,-0.07399675250053406,-1.0,-0.21092882752418518,-0.5060929656028748,-0.4309089481830597,-0.5758596658706665,-0.36737677454948425,-0.5309578776359558,-0.28037792444229126,-0.5028676390647888,-0.2806965708732605,-0.32391417026519775,-0.4777347445487976,-0.4057570695877075,-0.4010877311229706,-0.38017168641090393,-0.3125969469547272,-0.34539610147476196,-0.31800758838653564,-0.14775031805038452,-0.4646284580230713,-0.2245732992887497,-0.39133915305137634,-0.20965634286403656,-0.30993348360061646,-0.18415303528308868,-0.33505484461784363,0.009477482177317142,-0.45018237829208374,-0.07555866241455078,-0.3805057108402252,-0.06289374083280563,-0.3081512749195099,-0.030214432626962662
thumbs_up,0.0,0.0,0.01897835172712803,-0.2799689471721649,-0.04440052807331085,-0.5994270443916321,-0.07598644495010376,-0.8249362111091614,-0.07133757323026657,-1.0,-0.23245252668857574,-0.5151987075805664,-0.443557471036911,-0.5895786881446838,-0.37010031938552856,-0.5354171395301819,-0.2816562056541443,-0.5035992860794067,-0.29796066880226135,-0.3345327377319336,-0.4849696159362793,-0.41411909461021423,-0.40688902139663696,-0.3776552379131317,-0.3209911584854126,-0.3408631980419159,-0.3320329487323761,-0.15386828780174255,-0.470825731754303,-0.22779811918735504,-0.3971428871154785,-0.20398984849452972,-0.31705647706985474,-0.17528173327445984,-0.3440711796283722,0.008539844304323196,-0.4564226567745209,-0.07507824152708054,-0.3887881338596344,-0.05704805254936218,-0.31771525740623474,-0.021579042077064514
thumbs_up,0.0,0.0,0.012133782729506493,-0.26537829637527466,-0.055999401956796646,-0.5846591591835022,-0.08039878308773041,-0.8173269629478455,-0.06425794214010239,-1.0,-0.22049923241138458,-0.5141922831535339,-0.4615226984024048,-0.5940437316894531,-0.40179765224456787,-0.5377389192581177,-0.30977195501327515,-0.5115612149238586,-0.27645015716552734,-0.3391331732273102,-0.5016252994537354,-0.4200596809387207,-0.4294169843196869,-0.3850901126861572,-0.3400106430053711,-0.3495215177536011,-0.30579856038093567,-0.15688155591487885,-0.490751177072525,-0.23008888959884644,-0.4243159890174866,-0.2040480226278305,-0.3394571840763092,-0.17536410689353943,-0.3174408972263336,0.010329155251383781,-0.4700436592102051,-0.05869210138916969,-0.4140481948852539,-0.04398201033473015,-0.3381507694721222,-0.017574893310666084
thumbs_up,0.0,0.0,0.019210245460271835,-0.27557796239852905,-0.047480013221502304,-0.5970202684402466,-0.08770719915628433,-0.8225963115692139,-0.08469898998737335,-1.0,-0.22079437971115112,-0.5082169771194458,-0.4390844702720642,-0.5727165937423706,-0.36960187554359436,-0.5269976258277893,-0.28252536058425903,-0.502291202545166,-0.28734880685806274,-0.32448676228523254,-0.47960853576660156,-0.40708670020103455,-0.40100201964378357,-0.378889799118042,-0.3152257800102234,-0.346875935792923,-0.3260168731212616,-0.14767037332057953,-0.4660552442073822,-0.2281191647052765,-0.3920523524284363,-0.20684263110160828,-0.314055472612381,-0.17987315356731415,-0.34652039408683777,0.009159263223409653,-0.458516925573349,-0.08499088883399963,-0.3865872621536255,-0.06464051455259323,-0.3166731595993042,-0.02627544105052948
thumbs_up,0.0,0.0,0.0013506949180737138,-0.28048691153526306,-0.0708530992269516,-0.5961113572120667,-0.10469048470258713,-0.8259449005126953,-0.10737264156341553,-1.0,-0.22618705034255981,-0.5080645680427551,-0.4515814483165741,-0.5775534510612488,-0.37886080145835876,-0.5356813073158264,-0.29319390654563904,-0.5138615965843201,-0.28723734617233276,-0.3213849663734436,-0.4984886646270752,-0.41741642355918884,-0.42233845591545105,-0.3940456211566925,-0.3382584750652313,-0.3593868613243103,-0.32597655057907104,-0.14167001843452454,-0.48429542779922485,-0.22866547107696533,-0.41413775086402893,-0.21491602063179016,-0.337348610162735,-0.18446320295333862,-0.35118600726127625,0.01888023316860199,-0.4819273054599762,-0.0831904336810112,-0.41514310240745544,-0.0702454075217247,-0.34604761004447937,-0.029275141656398773
thumbs_up,0.0,0.0,0.008969799615442753,-0.2686103880405426,-0.06454392522573471,-0.5902009606361389,-0.07901507616043091,-0.8196668028831482,-0.05812673270702362,-1.0,-0.19552022218704224,-0.5047900080680847,-0.46597787737846375,-0.5883206725120544,-0.39625084400177,-0.54290771484375,-0.2955462336540222,-0.5171314477920532,-0.2467775195837021,-0.30781975388526917,-0.5063508749008179,-0.40623602271080017,-0.42014944553375244,-0.38207849860191345,-0.32474324107170105,-0.3434559404850006,-0.280487596988678,-0.1157291904091835,-0.4964233636856079,-0.2143896371126175,-0.41401609778404236,-0.20014575123786926,-0.3253202736377716,-0.1651168167591095,-0.3033088147640228,0.05702126771211624,-0.48007380962371826,-0.04995894059538841,-0.4093417525291443,-0.04122057184576988,-0.33053749799728394,-0.0011125686578452587
thumbs_up,0.0,0.0,-0.006003370508551598,-0.2719177007675171,-0.07680945098400116,-0.5924999117851257,-0.11906887590885162,-0.8113918304443359,-0.12398359179496765,-1.0,-0.17549166083335876,-0.5183901190757751,-0.45702511072158813,-0.5651824474334717,-0.39871081709861755,-0.500767707824707,-0.2973574995994568,-0.48286280035972595,-0.20623889565467834,-0.3362171947956085,-0.4950876533985138,-0.39260703325271606,-0.4125072956085205,-0.35398760437965393,-0.3182128667831421,-0.32308340072631836,-0.23378488421440125,-0.14491090178489685,-0.4842538833618164,-0.21105794608592987,-0.4016858637332916,-0.18077370524406433,-0.310484915971756,-0.15220347046852112,-0.25994813442230225,0.031210530549287796,-0.44937121868133545,-0.04221387207508087,-0.38459861278533936,-0.029527243226766586,-0.3025801479816437,0.0005425392300821841
thumbs_up,0.0,0.0,-0.0523720309138298,-0.2513308823108673,-0.05994880571961403,-0.5615856051445007,-0.05888540297746658,-0.7917381525039673,-0.02907818742096424,-1.0,0.1050441563129425,-0.4924317002296448,-0.20685140788555145,-0.4985910952091217,-0.18986313045024872,-0.4426572620868683,-0.10922655463218689,-0.4025256931781769,0.15615463256835938,-0.26504024863243103,-0.2611498236656189,-0.2783742845058441,-0.21533210575580597,-0.23087255656719208,-0.12338937073945999,-0.19284406304359436,0.1627754271030426,-0.03199019283056259,-0.22977176308631897,-0.0740501657128334,-0.18600033223628998,-0.04181067273020744,-0.09538735449314117,-0.021661991253495216,0.1408834606409073,0.1784818321466446,-0.1429365873336792,0.13170629739761353,-0.11277484893798828,0.13227036595344543,-0.026485878974199295,0.14112555980682373
thumbs_up,0.0,0.0,-0.07400915771722794,-0.2529831826686859,-0.06282147765159607,-0.5577133297920227,-0.049284908920526505,-0.8084849715232849,-0.060740694403648376,-1.0,0.23206014931201935,-0.602684736251831,0.34531325101852417,-0.6927095055580139,0.22289001941680908,-0.5506353974342346,0.15889106690883636,-0.49084022641181946,0.3244403004646301,-0.4447295367717743,0.4190512001514435,-0.5343941450119019,0.2714329659938812,-0.4049782156944275,0.22045215964317322,-0.368861585855484,0.37992799282073975,-0.27380239963531494,0.46030956506729126,-0.34515413641929626,0.3150205612182617,-0.244037464261055,0.2606671452522278,-0.22403275966644287,0.4113808870315552,-0.0987480953335762,0.4718146026134491,-0.1470262110233307,0.3574868142604828,-0.10047024488449097,0.30635571479797363,-0.0926501676440239
thumbs_up,0.0,0.0,-0.08472629636526108,-0.2538905441761017,-0.06974726915359497,-0.5580478310585022,-0.05859269201755524,-0.8020386099815369,-0.08127005398273468,-1.0,0.2014382779598236,-0.5401034355163574,0.3364652991294861,-0.6889500021934509,0.23608054220676422,-0.5987656116485596,0.17272044718265533,-0.5379751324653625,0.27568522095680237,-0.38016459345817566,0.39683976769447327,-0.5188987255096436,0.3008328974246979,-0.4426671862602234,0.25721973180770874,-0.39502984285354614,0.30979031324386597,-0.2101033478975296,0.4283551871776581,-0.3316154181957245,0.34830576181411743,-0.2801074981689453,0.3074924945831299,-0.24988767504692078,0.32223594188690186,-0.04174505174160004,0.411130428314209,-0.11426860094070435,0.3859579563140869,-0.10770999640226364,0.38369351625442505,-0.10211846232414246
thumbs_up,0.0,0.0,-0.09947232902050018,-0.28214436769485474,-0.08717580884695053,-0.5856224298477173,-0.06039635092020035,-0.8194075226783752,-0.07172534614801407,-1.0,0.13546310365200043,-0.4845171868801117,0.28363215923309326,-0.6477149724960327,0.24825289845466614,-0.6103914976119995,0.21104702353477478,-0.5927096009254456,0.20139825344085693,-0.31878066062927246,0.322022408246994,-0.4411056637763977,0.31803804636001587,-0.44691476225852966,0.3263304531574249,-0.45927107334136963,0.23618164658546448,-0.16239289939403534,0.3487480878829956,-0.24990753829479218,0.36452534794807434,-0.27752479910850525,0.3849010467529297,-0.3060987591743469,0.2466733604669571,-0.02429974265396595,0.36066195368766785,-0.07951758801937103,0.3851182162761688,-0.11419856548309326,0.4125438928604126,-0.1527932733297348
thumbs_up,0.0,0.0,-0.09609316289424896,-0.23673677444458008,-0.07638175040483475,-0.5579144954681396,-0.05202801898121834,-0.804266631603241,-0.07238170504570007,-1.0,0.20311562716960907,-0.5572444796562195,0.32735925912857056,-0.6492998600006104,0.24210810661315918,-0.55122309923172,0.1897134780883789,-0.5087099671363831,0.29502543807029724,-0.4002360701560974,0.42171698808670044,-0.4801267981529236,0.2885114252567291,-0.3735852539539337,0.23467618227005005,-0.33871889114379883,0.3455146849155426,-0.23009251058101654,0.45720174908638,-0.29195472598075867,0.3274227976799011,-0.2105884552001953,0.26905354857444763,-0.18474598228931427,0.3693300783634186,-0.058109208941459656,0.46053844690322876,-0.1093694195151329,0.35977840423583984,-0.06566772609949112,0.3032904863357544,-0.0473969392478466
thumbs_up,0.0,0.0,-0.08553564548492432,-0.2731724679470062,-0.09162715822458267,-0.567269504070282,-0.07940448820590973,-0.8131606578826904,-0.07469061762094498,-1.0,0.27351006865501404,-0.6661317944526672,0.3894677758216858,-0.7371194362640381,0.2589798867702484,-0.5881941914558411,0.17890170216560364,-0.5241385698318481,0.3646834194660187,-0.4952867031097412,0.4899052083492279,-0.5742083191871643,0.332559198141098,-0.41974079608917236,0.25246483087539673,-0.3626309335231781,0.4179111123085022,-0.3063913881778717,0.516631543636322,-0.35760051012039185,0.34985992312431335,-0.23367339372634888,0.26474547386169434,-0.2088904231786728,0.43663808703422546,-0.11288643628358841,0.5250089168548584,-0.13845694065093994,0.39200064539909363,-0.08609490096569061,0.31607532501220703,-0.08663678169250488
thumbs_up,0.0,0.0,-0.06734661757946014,-0.26658332347869873,-0.06473739445209503,-0.5561541318893433,-0.04518481716513634,-0.8081201314926147,-0.04355769231915474,-1.0,0.282846063375473,-0.6441501379013062,0.402991384267807,-0.7197074294090271,0.26982736587524414,-0.577431857585907,0.19228729605674744,-0.5222556591033936,0.3685056269168854,-0.475714772939682,0.49861395359039307,-0.5580650568008423,0.330472856760025,-0.4002010226249695,0.26092174649238586,-0.35307759046554565,0.4206821024417877,-0.28897225856781006,0.5192541480064392,-0.34860727190971375,0.34915459156036377,-0.22049780189990997,0.2776133418083191,-0.20106202363967896,0.43749624490737915,-0.10038695484399796,0.5186619162559509,-0.1402168571949005,0.39423391222953796,-0.07749427855014801,0.3322327435016632,-0.07418403029441833
thumbs_up,0.0,0.0,-0.06455503404140472,-0.2629684805870056,-0.06435568630695343,-0.5544289350509644,-0.046454817056655884,-0.8136951923370361,-0.04735740274190903,-1.0,0.2936539351940155,-0.6526994109153748,0.3815140724182129,-0.7183132171630859,0.2410009205341339,-0.5672354698181152,0.1673952043056488,-0.5076519250869751,0.38750988245010376,-0.47663024067878723,0.49525880813598633,-0.5554003119468689,0.3142121434211731,-0.3891468346118927,0.23971129953861237,-0.3406248688697815,0.4441266655921936,-0.2834239900112152,0.5312089323997498,-0.34137946367263794,0.34990447759628296,-0.21236085891723633,0.27322039008140564,-0.19536009430885315,0.4600314199924469,-0.08540844917297363,0.5413374304771423,-0.1163083165884018,0.4080791771411896,-0.0607791431248188,0.3392355740070343,-0.0643274262547493
thumbs_up,0.0,0.0,-0.08375120908021927,-0.2609567940235138,-0.06684117019176483,-0.5844694972038269,-0.031377751380205154,-0.8294492959976196,-0.00602175947278738,-1.0,0.27806636691093445,-0.6854209303855896,0.42041152715682983,-0.777043879032135,0.2720300555229187,-0.6239088773727417,0.19450852274894714,-0.554205596446991,0.3649292290210724,-0.5027537941932678,0.5142552256584167,-0.5968616604804993,0.31999823451042175,-0.42848947644233704,0.25318193435668945,-0.38585522770881653,0.42226576805114746,-0.31496959924697876,0.5376273393630981,-0.3735806941986084,0.35634344816207886,-0.24207162857055664,0.29388487339019775,-0.22867590188980103,0.4510761499404907,-0.12013328075408936,0.5428863763809204,-0.1688719391822815,0.40562596917152405,-0.09718655049800873,0.3460908532142639,-0.09259366244077682
thumbs_up,0.0,0.0,-0.0868837833404541,-0.2530556619167328,-0.07268687337636948,-0.5806224942207336,-0.041075773537158966,-0.8260263204574585,-0.018158556893467903,-1.0,0.2570681571960449,-0.6606931686401367,0.4049966633319855,-0.7785301804542542,0.25171053409576416,-0.6124783158302307,0.17444738745689392,-0.5346656441688538,0.3575238883495331,-0.4859512746334076,0.4982406795024872,-0.5971410870552063,0.3007161617279053,-0.4238099753856659,0.24995599687099457,-0.37506937980651855,0.41811603307724,-0.30066928267478943,0.5343213677406311,-0.36877885460853577,0.3406369388103485,-0.23123881220817566,0.29191461205482483,-0.20795367658138275,0.4508064389228821,-0.10605271905660629,0.5311796069145203,-0.15668077766895294,0.3840026557445526,-0.0836462527513504,0.3315475285053253,-0.07263879477977753
thumbs_up,0.0,0.0,0.11752789467573166,-0.3763367533683777,0.30453991889953613,-0.7250463366508484,0.5123869180679321,-0.9148455858230591,0.6320046782493591,-0.9451261162757874,0.33697906136512756,-0.5441843271255493,0.7000563144683838,-0.9122167825698853,0.5550482273101807,-0.8272783160209656,0.4201067388057709,-0.6389545798301697,0.4308958649635315,-0.15043243765830994,0.8674722909927368,-0.5160210132598877,0.6564576029777527,-0.3708527684211731,0.4558793604373932,-0.19788502156734467,0.5314239859580994,0.21917779743671417,0.9867303371429443,-0.15358348190784454,0.7293944358825684,-0.06331845372915268,0.5124768614768982,0.06876001507043839,0.618964433670044,0.5537202954292297,1.0,0.30904412269592285,0.8341847658157349,0.3331640660762787,0.6461631655693054,0.41190624237060547
thumbs_up,0.0,0.0,-0.04864467307925224,-0.26985469460487366,-0.04233447462320328,-0.5501776933670044,-0.010567559860646725,-0.8037436008453369,-0.004451617132872343,-1.0,0.30419841408729553,-0.6308673620223999,0.42770254611968994,-0.7307832837104797,0.284031480550766,-0.6034424304962158,0.19316105544567108,-0.5463059544563293,0.40051549673080444,-0.45626693964004517,0.5344417095184326,-0.564781665802002,0.3494805693626404,-0.41520828008651733,0.2594839334487915,-0.3677399754524231,0.46561363339424133,-0.26816773414611816,0.5573986172676086,-0.37355196475982666,0.3803717792034149,-0.24591314792633057,0.2949230968952179,-0.20816050469875336,0.4923212230205536,-0.08114449679851532,0.5673482418060303,-0.17018477618694305,0.4406423568725586,-0.09755886346101761,0.36445680260658264,-0.06183912977576256
thumbs_up,0.0,0.0,-0.08529531955718994,-0.2447463423013687,-0.07349294424057007,-0.5728204846382141,-0.04675443097949028,-0.8203287124633789,-0.04097968339920044,-1.0,0.2535151541233063,-0.6371415257453918,0.39369040727615356,-0.7247812151908875,0.2521155774593353,-0.5732801556587219,0.16907887160778046,-0.499091237783432,0.35107162594795227,-0.456670343875885,0.4880015254020691,-0.5453512072563171,0.31099697947502136,-0.3935577869415283,0.2500927448272705,-0.3484988510608673,0.40607714653015137,-0.26523441076278687,0.5252031683921814,-0.3290332853794098,0.3566505014896393,-0.2101137638092041,0.2955307066440582,-0.18376626074314117,0.43554604053497314,-0.06782253086566925,0.5244969725608826,-0.11712559312582016,0.39583152532577515,-0.05953550338745117,0.33899930119514465,-0.048171885311603546
thumbs_up,0.0,0.0,-0.06191696226596832,-0.2592836916446686,-0.06066121533513069,-0.5430124402046204,-0.04471452906727791,-0.8084089756011963,-0.050784725695848465,-1.0,0.2775191068649292,-0.6004436612129211,0.3724125027656555,-0.6949471831321716,0.2539433538913727,-0.5602335333824158,0.18432849645614624,-0.5021992325782776,0.3734678626060486,-0.42759156227111816,0.4849246144294739,-0.5276925563812256,0.3282604217529297,-0.3739389479160309,0.2597610354423523,-0.31921523809432983,0.435981422662735,-0.24407729506492615,0.5277159214019775,-0.3328199088573456,0.3682079017162323,-0.20649515092372894,0.2980552315711975,-0.17015187442302704,0.4602218270301819,-0.0692969337105751,0.5368945598602295,-0.13224290311336517,0.423761785030365,-0.06402579694986343,0.3581315875053406,-0.03860016167163849
thumbs_up,0.0,0.0,-0.08568494021892548,-0.24830672144889832,-0.07089179009199142,-0.5686982870101929,-0.047468893229961395,-0.8193855881690979,-0.04671379178762436,-1.0,0.2511404752731323,-0.6421011686325073,0.3625403940677643,-0.726801872253418,0.22689194977283478,-0.5618550777435303,0.17251527309417725,-0.507011890411377,0.33784377574920654,-0.4815806746482849,0.4501381814479828,-0.5537008047103882,0.27799585461616516,-0.39166513085365295,0.23474444448947906,-0.37193113565444946,0.3920871615409851,-0.3067120313644409,0.481784850358963,-0.3467910885810852,0.31337204575538635,-0.21917182207107544,0.27122727036476135,-0.2214687019586563,0.4233141839504242,-0.12046407163143158,0.4849304258823395,-0.14570309221744537,0.3537422716617584,-0.07371483743190765,0.3111918568611145,-0.07911814749240875
thumbs_up,0.0,0.0,-0.08890406042337418,-0.27023330330848694,-0.08722531795501709,-0.5747885704040527,-0.06777344644069672,-0.8149465918540955,-0.07263731956481934,-1.0,0.2530885636806488,-0.6584013104438782,0.3662596642971039,-0.7497212290763855,0.2236439287662506,-0.6004455089569092,0.1590145081281662,-0.5445722937583923,0.3461070954799652,-0.49096909165382385,0.4590301215648651,-0.5839170813560486,0.28884920477867126,-0.4257461130619049,0.22735907137393951,-0.3793022632598877,0.4067167639732361,-0.308918833732605,0.4932463467121124,-0.3759463131427765,0.3161221742630005,-0.24221932888031006,0.2436787188053131,-0.2145904153585434,0.43867191672325134,-0.11962354183197021,0.5156529545783997,-0.1696234792470932,0.37822964787483215,-0.10174501687288284,0.31436046957969666,-0.08862744271755219
thumbs_up,0.0,0.0,-0.07491865754127502,-0.2508457899093628,-0.06034010648727417,-0.5758058428764343,-0.050537608563899994,-0.8192088603973389,-0.08025447279214859,-1.0,0.1780548393726349,-0.5395283102989197,0.32450371980667114,-0.670609712600708,0.2230217307806015,-0.5747213363647461,0.15422210097312927,-0.5246422290802002,0.273937463760376,-0.3930903673171997,0.41275450587272644,-0.513094961643219,0.2854342460632324,-0.41844502091407776,0.23004628717899323,-0.37567490339279175,0.3285634517669678,-0.23324261605739594,0.44592517614364624,-0.32303184270858765,0.3272761106491089,-0.2533610463142395,0.2679862678050995,-0.2161506861448288,0.35520800948143005,-0.07817042618989944,0.45482027530670166,-0.14759403467178345,0.3607679307460785,-0.11690489947795868,0.30618104338645935,-0.09206417948007584
thumbs_up,0.0,0.0,-0.08653432875871658,-0.22633500397205353,-0.060349754989147186,-0.5537804961204529,-0.0461762361228466,-0.8047422766685486,-0.06895637512207031,-1.0,0.2105574607849121,-0.5663565397262573,0.3444103002548218,-0.6572083830833435,0.2333245426416397,-0.519131064414978,0.16509616374969482,-0.4508983790874481,0.3090132176876068,-0.4116246700286865,0.43533167243003845,-0.49249762296676636,0.2737405002117157,-0.348394513130188,0.21661044657230377,-0.31257927417755127,0.36649033427238464,-0.2433573454618454,0.47316452860832214,-0.29937970638275146,0.31857597827911377,-0.18873944878578186,0.25960758328437805,-0.1727595329284668,0.3982248604297638,-0.07325766235589981,0.47183239459991455,-0.10278208553791046,0.3615201711654663,-0.053022682666778564,0.3122318387031555,-0.05481444299221039
thumbs_up,0.0,0.0,-0.10522190481424332,-0.23385141789913177,-0.08199050277471542,-0.5711827278137207,-0.06032100319862366,-0.810594916343689,-0.08089764416217804,-1.0,0.16732078790664673,-0.5490015745162964,0.2948230504989624,-0.6484081149101257,0.2527792155742645,-0.5805878639221191,0.2343006432056427,-0.5487829446792603,0.2686033844947815,-0.3938632309436798,0.39591991901397705,-0.48115119338035583,0.2827475965023041,-0.3786567747592926,0.24749237298965454,-0.3473973870277405,0.3322499394416809,-0.22889573872089386,0.4462982714176178,-0.2927473187446594,0.3190551698207855,-0.20406877994537354,0.26997828483581543,-0.18245957791805267,0.3673816919326782,-0.0622977651655674,0.45700278878211975,-0.10503634065389633,0.36157992482185364,-0.05723554268479347,0.3136574625968933,-0.04319879412651062
thumbs_up,0.0,0.0,-0.10707100480794907,-0.23318025469779968,-0.08889864385128021,-0.5764889121055603,-0.056572433561086655,-0.8161090612411499,-0.06478819251060486,-1.0,0.22934390604496002,-0.5979403853416443,0.37788307666778564,-0.7115408778190613,0.26686498522758484,-0.5764466524124146,0.17857682704925537,-0.49307382106781006,0.336640864610672,-0.42171186208724976,0.47995713353157043,-0.521049976348877,0.31288689374923706,-0.366816908121109,0.22033610939979553,-0.2990114390850067,0.3940023183822632,-0.2321721464395523,0.5291234254837036,-0.3088829219341278,0.3799563944339752,-0.19525688886642456,0.29514625668525696,-0.14558567106723785,0.41933876276016235,-0.0385872907936573,0.5357468128204346,-0.10046454519033432,0.4295618534088135,-0.04069913178682327,0.3584728240966797,-0.006601619999855757
thumbs_up,0.0,0.0,-0.10917395353317261,-0.2422633022069931,-0.09873047471046448,-0.5633755922317505,-0.07824818789958954,-0.8159840106964111,-0.07094496488571167,-1.0,0.21957720816135406,-0.6465746760368347,0.37106695771217346,-0.7439678907394409,0.24587129056453705,-0.5842519402503967,0.16387850046157837,-0.5061765313148499,0.322440505027771,-0.4732265770435333,0.47257524728775024,-0.5524591207504272,0.30006271600723267,-0.38285374641418457,0.23705781996250153,-0.3466764986515045,0.3918728232383728,-0.2871435880661011,0.5105266571044922,-0.3302130401134491,0.3321971595287323,-0.20237000286579132,0.26876458525657654,-0.196941077709198,0.43279141187667847,-0.09825322777032852,0.5104713439941406,-0.12517069280147552,0.3792457580566406,-0.05015198513865471,0.3230428397655487,-0.04943720996379852
thumbs_up,0.0,0.0,-0.08348814398050308,-0.25966939330101013,-0.10015559941530228,-0.5580118298530579,-0.0890350490808487,-0.8174149394035339,-0.0811966210603714,-1.0,0.2605568468570709,-0.6822235584259033,0.3639984428882599,-0.7521980404853821,0.2222050577402115,-0.5997548699378967,0.15708816051483154,-0.5484382510185242,0.35717177391052246,-0.5084594488143921,0.4795284569263458,-0.5865393280982971,0.29468268156051636,-0.42015451192855835,0.23256413638591766,-0.38070744276046753,0.4149302542209625,-0.3141297698020935,0.5081651210784912,-0.3612551987171173,0.3222788870334625,-0.23003368079662323,0.25413939356803894,-0.21490530669689178,0.4353935122489929,-0.11827943474054337,0.5107676982879639,-0.15192332863807678,0.3721400797367096,-0.0903259664773941,0.31143173575401306,-0.08765409141778946
thumbs_up,0.0,0.0,-0.09077468514442444,-0.2565793991088867,-0.0829625204205513,-0.575563371181488,-0.06713932007551193,-0.8170978426933289,-0.0946091040968895,-1.0,0.184467151761055,-0.55767422914505,0.310232549905777,-0.670470654964447,0.20100505650043488,-0.5696781277656555,0.13562028110027313,-0.5139322280883789,0.27812978625297546,-0.40293458104133606,0.3988321125507355,-0.505882740020752,0.26729488372802734,-0.4163970649242401,0.2157120555639267,-0.37515872716903687,0.3270402252674103,-0.23894797265529633,0.43204304575920105,-0.3186171352863312,0.3105628192424774,-0.2538857161998749,0.25653883814811707,-0.2189977616071701,0.34902071952819824,-0.0825238823890686,0.4332979619503021,-0.14395850896835327,0.33878564834594727,-0.11400207877159119,0.29180189967155457,-0.09151290357112885
thumbs_up,0.0,0.0,-0.1071418896317482,-0.28381744027137756,-0.09086333215236664,-0.5836887955665588,-0.07187680900096893,-0.8141911029815674,-0.09330131858587265,-1.0,0.20277391374111176,-0.5363392233848572,0.2833790183067322,-0.6476144790649414,0.22873255610466003,-0.6158281564712524,0.19201788306236267,-0.5882856249809265,0.27459442615509033,-0.36320820450782776,0.34418508410453796,-0.4538500905036926,0.30978143215179443,-0.4618857502937317,0.2979896664619446,-0.4656815826892853,0.3042941391468048,-0.1865641176700592,0.3772541582584381,-0.2557877004146576,0.3530714213848114,-0.28552767634391785,0.3443616032600403,-0.3113047778606415,0.3076363801956177,-0.02808413840830326,0.3889044523239136,-0.08994162082672119,0.3727395534515381,-0.12278184294700623,0.373058944940567,-0.15428751707077026
thumbs_up,0.0,0.0,-0.1008673757314682,-0.2698201835155487,-0.08329673856496811,-0.5962019562721252,-0.039785370230674744,-0.8244898915290833,-0.027923451736569405,-1.0,0.17586678266525269,-0.5673873424530029,0.31292375922203064,-0.7074331045150757,0.32725057005882263,-0.7286365628242493,0.3128528296947479,-0.7174502611160278,0.27313777804374695,-0.4021611213684082,0.42883673310279846,-0.5410824418067932,0.4287264943122864,-0.5415171384811401,0.4052584171295166,-0.5107319951057434,0.33122357726097107,-0.22416998445987701,0.4924898147583008,-0.33785995841026306,0.46392157673835754,-0.3287831246852875,0.4160231053829193,-0.3048051595687866,0.3618454933166504,-0.03448811173439026,0.5134467482566833,-0.13716091215610504,0.48525550961494446,-0.13487330079078674,0.42968514561653137,-0.10349857807159424
thumbs_up,0.0,0.0,-0.07340461760759354,-0.2760041356086731,-0.05456479266285896,-0.5929309129714966,-0.03576061129570007,-0.8232470750808716,-0.06292931735515594,-1.0,0.14402619004249573,-0.504970133304596,0.350442498922348,-0.6877055764198303,0.28830623626708984,-0.6358737349510193,0.20140379667282104,-0.5628834366798401,0.2154615819454193,-0.3382139503955841,0.43577441573143005,-0.5116574168205261,0.3639379143714905,-0.47596579790115356,0.2811770737171173,-0.41104960441589355,0.26926636695861816,-0.1702435165643692,0.47625717520713806,-0.32891982793807983,0.4157572090625763,-0.31304630637168884,0.33790454268455505,-0.2585155963897705,0.3039657175540924,-0.015487128868699074,0.4732779264450073,-0.14268165826797485,0.42811262607574463,-0.144496351480484,0.36606720089912415,-0.11102664470672607
thumbs_up,0.0,0.0,-0.07036442309617996,-0.264450341463089,-0.0522925890982151,-0.5888305306434631,-0.03571176528930664,-0.8239545226097107,-0.07379783689975739,-1.0,0.1713019162416458,-0.5450080633163452,0.33915799856185913,-0.6804190874099731,0.22945596277713776,-0.5713477730751038,0.1492675393819809,-0.5069576501846313,0.26222583651542664,-0.3925471603870392,0.41900116205215454,-0.5211094617843628,0.28710976243019104,-0.4235623776912689,0.2188420444726944,-0.37880730628967285,0.31413859128952026,-0.23244957625865936,0.4593735635280609,-0.344049334526062,0.34095683693885803,-0.27023422718048096,0.2683158218860626,-0.22565042972564697,0.33609873056411743,-0.0806792676448822,0.4543137848377228,-0.15179818868637085,0.3736763298511505,-0.12418564409017563,0.3179526627063751,-0.10105521231889725
thumbs_up,0.0,0.0,-0.10315736383199692,-0.25442031025886536,-0.09187538176774979,-0.5698854327201843,-0.07046777009963989,-0.8068838715553284,-0.10068454593420029,-1.0,0.1613377332687378,-0.5186314582824707,0.2790691554546356,-0.6536911129951477,0.22613660991191864,-0.5884064435958862,0.17989858984947205,-0.5343436002731323,0.252676397562027,-0.35993143916130066,0.36985495686531067,-0.48567819595336914,0.2854231894016266,-0.4153054356575012,0.22985027730464935,-0.36040830612182617,0.3048073947429657,-0.19253724813461304,0.4292290508747101,-0.30401507019996643,0.3396594524383545,-0.2490730881690979,0.27242353558540344,-0.19941510260105133,0.3269646465778351,-0.029389366507530212,0.43408772349357605,-0.09951084107160568,0.37930217385292053,-0.08569687604904175,0.33395904302597046,-0.06331767141819
thumbs_up,0.0,0.0,-0.08500843495130539,-0.2359595000743866,-0.07250004261732101,-0.5582621097564697,-0.06050211563706398,-0.8118817806243896,-0.07112835347652435,-1.0,0.225809246301651,-0.6170019507408142,0.3622828423976898,-0.6945181488990784,0.22934889793395996,-0.5485677123069763,0.1633502095937729,-0.4901903569698334,0.329361230134964,-0.4525555670261383,0.45059338212013245,-0.5242992043495178,0.2828916609287262,-0.37946051359176636,0.2260240912437439,-0.34921932220458984,0.3942851126194,-0.280720591545105,0.48599687218666077,-0.322439968585968,0.31902244687080383,-0.20565789937973022,0.25778576731681824,-0.19261981546878815,0.4321058988571167,-0.10594461858272552,0.49004608392715454,-0.13143067061901093,0.3584286868572235,-0.06665795296430588,0.3022802770137787,-0.06225869804620743
thumbs_up,0.0,0.0,-0.14546912908554077,-0.2800469398498535,-0.16693392395973206,-0.6337255835533142,-0.09316744655370712,-0.8519896864891052,-0.016538506373763084,-1.0,-0.2561400532722473,-0.5435351133346558,0.06701162457466125,-0.857978105545044,0.2014905959367752,-0.8882704973220825,0.2796960175037384,-0.8894436955451965,-0.13123968243598938,-0.29418352246284485,0.3327983319759369,-0.6321460008621216,0.3273565173149109,-0.5985813736915588,0.22394229471683502,-0.5397304892539978,0.017155716195702553,-0.059508830308914185,0.45441585779190063,-0.3488708734512329,0.40470007061958313,-0.3426554799079895,0.2788395583629608,-0.2737235724925995,0.15748949348926544,0.17009317874908447,0.4844398498535156,-0.03778114169836044,0.45375877618789673,-0.07145969569683075,0.3398892879486084,-0.0562421977519989
thumbs_up,0.0,0.0,-0.11969754844903946,-0.2470136284828186,-0.12587092816829681,-0.5601411461830139,-0.10927009582519531,-0.8022505640983582,-0.1125798225402832,-1.0,0.023313090205192566,-0.40756094455718994,0.12513141334056854,-0.5369079113006592,0.21244493126869202,-0.626895546913147,0.27989721298217773,-0.7069108486175537,0.1027606651186943,-0.24656447768211365,0.18375761806964874,-0.3373728096485138,0.2761571705341339,-0.4396322965621948,0.36222347617149353,-0.5246638059616089,0.14445379376411438,-0.09429295361042023,0.2207181602716446,-0.16935649514198303,0.3151825964450836,-0.2719772458076477,0.408090204000473,-0.3505159914493561,0.17482678592205048,0.04144662246108055,0.2632003128528595,-0.02104993350803852,0.341839462518692,-0.09604768455028534,0.4212069511413574,-0.1609092652797699
thumbs_up,0.0,0.0,-0.0937592163681984,-0.26905977725982666,-0.08325560390949249,-0.5787783265113831,-0.07066462934017181,-0.8174933195114136,-0.11291283369064331,-1.0,0.18299175798892975,-0.5374999046325684,0.29759806394577026,-0.6616331338882446,0.22694531083106995,-0.5935736894607544,0.17364469170570374,-0.5305514335632324,0.27511346340179443,-0.37845736742019653,0.3878820538520813,-0.4991293251514435,0.2933942973613739,-0.43826502561569214,0.24215830862522125,-0.3739224672317505,0.3260892927646637,-0.21068383753299713,0.44112062454223633,-0.31080445647239685,0.3402368426322937,-0.271202027797699,0.27826470136642456,-0.21878363192081451,0.3471388518810272,-0.05182798579335213,0.44017091393470764,-0.11839446425437927,0.358721524477005,-0.10513333976268768,0.30703532695770264,-0.07713914662599564
thumbs_up,0.0,0.0,-0.08208189904689789,-0.2327980101108551,-0.06410955637693405,-0.5587015748023987,-0.04985461384057999,-0.8071175813674927,-0.07575611770153046,-1.0,0.21333850920200348,-0.5962549448013306,0.31570467352867126,-0.670780599117279,0.19373394548892975,-0.5204269289970398,0.13600459694862366,-0.4623522162437439,0.31501054763793945,-0.44535157084465027,0.4087297320365906,-0.5171141624450684,0.251077264547348,-0.369798868894577,0.20356377959251404,-0.3328697681427002,0.37235385179519653,-0.27926942706108093,0.4501148462295532,-0.321663498878479,0.3054661750793457,-0.21395283937454224,0.2560827136039734,-0.1914544552564621,0.4024372398853302,-0.11331464350223541,0.4602242708206177,-0.14077025651931763,0.35176265239715576,-0.08666922152042389,0.30733078718185425,-0.07644288241863251
thumbs_up,0.0,0.0,-0.11261133849620819,-0.24412840604782104,-0.10114919394254684,-0.5455697774887085,-0.08801797032356262,-0.7914832234382629,-0.0999881848692894,-1.0,0.14134842157363892,-0.5179654359817505,0.2330740988254547,-0.6210942268371582,0.2537394165992737,-0.6213328242301941,0.26981595158576965,-0.6180017590522766,0.2395741492509842,-0.36719098687171936,0.3336509168148041,-0.47114479541778564,0.318230003118515,-0.45034167170524597,0.32366225123405457,-0.4284519553184509,0.30068397521972656,-0.20677697658538818,0.39985594153404236,-0.2885455787181854,0.3492760956287384,-0.25363337993621826,0.3246547281742096,-0.2254466414451599,0.33662912249565125,-0.048927731812000275,0.4375818073749542,-0.11685909330844879,0.38726529479026794,-0.09684382379055023,0.3486267924308777,-0.07179909199476242
thumbs_up,0.0,0.0,-0.09570951014757156,-0.3725966215133667,-0.048459891229867935,-0.6967381238937378,0.08212963491678238,-0.8183765411376953,0.1975720375776291,-0.7924309372901917,0.1879027783870697,-0.8159807920455933,0.30653098225593567,-1.0,0.22037345170974731,-0.8249242305755615,0.16022422909736633,-0.7043206691741943,0.31766822934150696,-0.541936993598938,0.43443921208381653,-0.6304882168769836,0.3580594062805176,-0.5164984464645386,0.3301527500152588,-0.47523289918899536,0.4035823345184326,-0.22805087268352509,0.5094292759895325,-0.25021928548812866,0.4196609556674957,-0.16902726888656616,0.36985310912132263,-0.16070833802223206,0.4652212858200073,0.09432993829250336,0.5762978792190552,0.09180671721696854,0.47822222113609314,0.14110088348388672,0.4030040502548218,0.13644541800022125
thumbs_up,0.0,0.0,-0.07376082986593246,-0.22486399114131927,-0.053708940744400024,-0.5605025887489319,-0.04259495437145233,-0.8102672100067139,-0.06610121577978134,-1.0,0.2124171108007431,-0.5799446702003479,0.3150308132171631,-0.6662291884422302,0.20304611325263977,-0.52898770570755,0.14974287152290344,-0.4760778546333313,0.31227171421051025,-0.4395430386066437,0.4033246636390686,-0.5126010179519653,0.2484828233718872,-0.369083434343338,0.20956504344940186,-0.3377138376235962,0.3700166940689087,-0.27826881408691406,0.4490756392478943,-0.334181547164917,0.29939699172973633,-0.22634056210517883,0.2539420425891876,-0.20141266286373138,0.4004056751728058,-0.11536655575037003,0.45884761214256287,-0.15714149177074432,0.33985257148742676,-0.10364216566085815,0.2910495698451996,-0.09129738807678223
thumbs_up,0.0,0.0,-0.11252188682556152,-0.22868189215660095,-0.12456399202346802,-0.5648013949394226,-0.10306692868471146,-0.8103871941566467,-0.10991761833429337,-1.0,0.0293134693056345,-0.40668827295303345,0.13175460696220398,-0.5307469367980957,0.21242329478263855,-0.6309833526611328,0.26551419496536255,-0.7052724361419678,0.12386827170848846,-0.254764586687088,0.19126759469509125,-0.3024263381958008,0.2903229594230652,-0.4282267689704895,0.3676341474056244,-0.5109751224517822,0.17418619990348816,-0.09741050004959106,0.23549798130989075,-0.12773871421813965,0.33839115500450134,-0.25520059466362,0.425007700920105,-0.3492352068424225,0.2095118910074234,0.05023971199989319,0.29395657777786255,0.020951297134160995,0.37286755442619324,-0.05916116386651993,0.4481573700904846,-0.12884466350078583
thumbs_up,0.0,0.0,-0.0893954485654831,-0.26763662695884705,-0.07940173894166946,-0.5886343121528625,-0.06609973311424255,-0.8210156559944153,-0.09687304496765137,-1.0,0.18377085030078888,-0.5449591875076294,0.30342352390289307,-0.6804376244544983,0.2299373596906662,-0.6012426018714905,0.1764959692955017,-0.5402294397354126,0.26782870292663574,-0.3894946575164795,0.3731330931186676,-0.5042446255683899,0.2920912206172943,-0.43397101759910583,0.25716307759284973,-0.38983017206192017,0.317194402217865,-0.21777263283729553,0.4263543486595154,-0.31746751070022583,0.3440139889717102,-0.2636794447898865,0.29844167828559875,-0.22192224860191345,0.34199899435043335,-0.05107517167925835,0.44576138257980347,-0.13389483094215393,0.37659892439842224,-0.1066548228263855,0.3325445353984833,-0.07577797025442123
thumbs_up,0.0,0.0,-0.09976159781217575,-0.20388202369213104,-0.12511877715587616,-0.5041196942329407,-0.1344406008720398,-0.7818792462348938,-0.16667459905147552,-1.0,-0.11068818718194962,-0.2998831272125244,-0.03812327980995178,-0.3345986306667328,0.04584948718547821,-0.3570058345794678,0.10539484024047852,-0.37640517950057983,-0.046135082840919495,-0.1367868185043335,0.0029706000350415707,-0.19283099472522736,0.09564580768346786,-0.2324753999710083,0.17673376202583313,-0.25203949213027954,-0.0011853731703013182,-0.014680340886116028,0.048865046352148056,-0.07396290451288223,0.12485533207654953,-0.09728638827800751,0.20080174505710602,-0.1027793288230896,0.05191079154610634,0.06944683939218521,0.09147702157497406,-0.024696506559848785,0.14537805318832397,-0.06307367235422134,0.1996936947107315,-0.08283669501543045
thumbs_up,0.0,0.0,-0.0805177390575409,-0.2655010223388672,-0.07549051940441132,-0.5893345475196838,-0.06501274555921555,-0.8167139291763306,-0.09311491996049881,-1.0,0.1694077104330063,-0.5531614422798157,0.30768322944641113,-0.6825809478759766,0.21944870054721832,-0.5827390551567078,0.14975179731845856,-0.5172902941703796,0.25890564918518066,-0.3932049572467804,0.3959924578666687,-0.5130575895309448,0.2812662124633789,-0.4170452654361725,0.21557115018367767,-0.3667007386684418,0.3164777457714081,-0.22739794850349426,0.4514715075492859,-0.3369929790496826,0.33894214034080505,-0.2633313238620758,0.26548418402671814,-0.2087583988904953,0.34640011191368103,-0.06611093133687973,0.4718298614025116,-0.16061492264270782,0.38232535123825073,-0.12432843446731567,0.31280285120010376,-0.08155231177806854
open_palm,0.0,0.0,-0.14118757843971252,-0.070290707051754,-0.26815542578697205,-0.20295317471027374,-0.3698209226131439,-0.3056444227695465,-0.45651665329933167,-0.3671020567417145,-0.16906404495239258,-0.48541882634162903,-0.23086035251617432,-0.6772454380989075,-0.27112409472465515,-0.7955302596092224,-0.31006181240081787,-0.9015486240386963,-0.07963791489601135,-0.5171013474464417,-0.11399092525243759,-0.7375703454017639,-0.14432251453399658,-0.8776838183403015,-0.17460983991622925,-1.0,0.007042095996439457,-0.4923892319202423,-0.00589054636657238,-0.6960024237632751,-0.024326302111148834,-0.8281376361846924,-0.04432439059019089,-0.9438090324401855,0.09138024598360062,-0.4297758936882019,0.11052611470222473,-0.5874671339988708,0.11305689066648483,-0.6953451037406921,0.10560740530490875,-0.7961918115615845
open_palm,0.0,0.0,-0.14523383975028992,-0.0720287337899208,-0.2727053165435791,-0.20927084982395172,-0.37254276871681213,-0.31557703018188477,-0.4613572061061859,-0.37793657183647156,-0.1703120917081833,-0.48863229155540466,-0.23205366730690002,-0.6785750389099121,-0.2717936038970947,-0.7956268191337585,-0.309587299823761,-0.9002857208251953,-0.08193780481815338,-0.520776629447937,-0.11615224182605743,-0.7419577240943909,-0.14517302811145782,-0.880838930606842,-0.174417644739151,-1.0,0.004618117585778236,-0.4972969591617584,-0.009008609689772129,-0.7008457183837891,-0.02722165361046791,-0.8319129347801208,-0.047768160700798035,-0.9456800818443298,0.0887712687253952,-0.4352758824825287,0.10807933658361435,-0.5923982858657837,0.11083471775054932,-0.6992748975753784,0.10323617607355118,-0.7980625033378601
open_palm,0.0,0.0,-0.1444142758846283,-0.07450852543115616,-0.2720986008644104,-0.2072155624628067,-0.37358197569847107,-0.3105429708957672,-0.46101024746894836,-0.37553074955940247,-0.1625594049692154,-0.4819689393043518,-0.22927521169185638,-0.6753285527229309,-0.27070996165275574,-0.7935909032821655,-0.3101445138454437,-0.8981139659881592,-0.0748520940542221,-0.5140116810798645,-0.11156486719846725,-0.7357076406478882,-0.14247098565101624,-0.8780251145362854,-0.17212234437465668,-1.0,0.010410073213279247,-0.4909496307373047,-0.0035720677115023136,-0.6975439190864563,-0.02251751534640789,-0.8320936560630798,-0.04271068051457405,-0.9482058882713318,0.0936521515250206,-0.4301227927207947,0.11504466831684113,-0.589266836643219,0.11813370138406754,-0.6981402635574341,0.11052364856004715,-0.7982819676399231
open_palm,0.0,0.0,-0.14320459961891174,-0.07699943333864212,-0.2690298855304718,-0.21511651575565338,-0.37251579761505127,-0.3237713873386383,-0.4594058394432068,-0.39349231123924255,-0.16469192504882812,-0.4915149211883545,-0.22908993065357208,-0.6822794675827026,-0.27015990018844604,-0.7990221977233887,-0.30882149934768677,-0.9015353322029114,-0.0763920322060585,-0.5225042700767517,-0.11177936941385269,-0.7427172660827637,-0.14292173087596893,-0.8819183707237244,-0.17360444366931915,-1.0,0.00994521751999855,-0.4977136552333832,-0.004032045602798462,-0.7011802792549133,-0.022654712200164795,-0.8331679105758667,-0.04248744621872902,-0.9469451904296875,0.09377485513687134,-0.43499457836151123,0.11248241364955902,-0.5942213535308838,0.11474836617708206,-0.7021418809890747,0.10731818526983261,-0.8013585805892944
open_palm,0.0,0.0,-0.1442362517118454,-0.06952053308486938,-0.27442213892936707,-0.20361711084842682,-0.3755231499671936,-0.3095909059047699,-0.4594652056694031,-0.37775126099586487,-0.16928964853286743,-0.48355865478515625,-0.23419877886772156,-0.6763871312141418,-0.272535115480423,-0.7961375117301941,-0.30836182832717896,-0.9027304649353027,-0.07991372048854828,-0.5154687166213989,-0.11414648592472076,-0.7371617555618286,-0.14226607978343964,-0.879289448261261,-0.17087022960186005,-1.0,0.007598730269819498,-0.4923779368400574,-0.006978870835155249,-0.6976301074028015,-0.026047855615615845,-0.8315852880477905,-0.04651036858558655,-0.946556568145752,0.09369703382253647,-0.4323829710483551,0.11151707917451859,-0.5936991572380066,0.112730473279953,-0.7037554383277893,0.10429460555315018,-0.8038843274116516
open_palm,0.0,0.0,-0.14481277763843536,-0.06758653372526169,-0.2759181261062622,-0.19999189674854279,-0.3749474585056305,-0.3055878281593323,-0.45892471075057983,-0.37176311016082764,-0.17134156823158264,-0.48017075657844543,-0.23795855045318604,-0.6727511286735535,-0.2786818742752075,-0.7907771468162537,-0.31655198335647583,-0.8965283632278442,-0.08211842179298401,-0.5136512517929077,-0.12013175338506699,-0.7350013852119446,-0.15123251080513,-0.8774344325065613,-0.18073031306266785,-1.0,0.004697461146861315,-0.49105215072631836,-0.01036675926297903,-0.6956921219825745,-0.029454102739691734,-0.8286588191986084,-0.049424026161432266,-0.9444650411605835,0.08943112194538116,-0.4301415979862213,0.10872633755207062,-0.5886698961257935,0.11107051372528076,-0.6963391304016113,0.10317379236221313,-0.7962489724159241
open_palm,0.0,0.0,-0.14421014487743378,-0.06851699948310852,-0.2732356786727905,-0.20103776454925537,-0.3757312297821045,-0.30274447798728943,-0.4643635153770447,-0.3589021861553192,-0.1682508885860443,-0.4829004108905792,-0.23490938544273376,-0.6763298511505127,-0.2767699062824249,-0.7947826385498047,-0.31605273485183716,-0.9002660512924194,-0.07979032397270203,-0.5153942704200745,-0.11726116389036179,-0.7366905808448792,-0.14799822866916656,-0.8785152435302734,-0.17856068909168243,-1.0,0.0059220134280622005,-0.4910764992237091,-0.00939267035573721,-0.6981765031814575,-0.029148558154702187,-0.8340327143669128,-0.04999794065952301,-0.9508781433105469,0.08898808807134628,-0.4288504421710968,0.10692136734724045,-0.5900474190711975,0.10925949364900589,-0.7003043293952942,0.10232646763324738,-0.8009764552116394
open_palm,0.0,0.0,-0.14512090384960175,-0.07114682346582413,-0.2744189202785492,-0.21130633354187012,-0.37567198276519775,-0.31921806931495667,-0.46500128507614136,-0.3785603642463684,-0.1674049198627472,-0.4901260733604431,-0.23058903217315674,-0.6814895868301392,-0.27092674374580383,-0.7987156510353088,-0.3102991282939911,-0.9021297097206116,-0.08011078834533691,-0.520858108997345,-0.11578183621168137,-0.7431018948554993,-0.14660459756851196,-0.8821913003921509,-0.17782741785049438,-1.0,0.005266925320029259,-0.4967077076435089,-0.008915149606764317,-0.7033225893974304,-0.02845587767660618,-0.8356223702430725,-0.05040686950087547,-0.9495593309402466,0.0891631618142128,-0.43474262952804565,0.10848866403102875,-0.5917778611183167,0.11078566312789917,-0.6992174386978149,0.10292575508356094,-0.7986708283424377
open_palm,0.0,0.0,-0.14397203922271729,-0.07194290310144424,-0.27269184589385986,-0.2103794366121292,-0.37513789534568787,-0.3148014545440674,-0.4636562764644623,-0.37611567974090576,-0.16700126230716705,-0.48752570152282715,-0.23140543699264526,-0.6797376871109009,-0.27188315987586975,-0.7973387241363525,-0.3108956813812256,-0.9021164178848267,-0.07943723350763321,-0.5185151100158691,-0.11697530001401901,-0.7374452948570251,-0.14699938893318176,-0.8780699372291565,-0.17629674077033997,-1.0,0.006729586515575647,-0.49404338002204895,-0.008930225856602192,-0.6988800764083862,-0.02621324732899666,-0.8324185609817505,-0.044496823102235794,-0.9489704370498657,0.09066149592399597,-0.4324089288711548,0.10825882107019424,-0.5925909876823425,0.11059223860502243,-0.7014049291610718,0.10429009050130844,-0.8017140626907349
open_palm,0.0,0.0,-0.14179906249046326,-0.07361103594303131,-0.2687767744064331,-0.20653773844242096,-0.36829322576522827,-0.31020697951316833,-0.4528684914112091,-0.38023996353149414,-0.16676276922225952,-0.4832007586956024,-0.23072147369384766,-0.6811421513557434,-0.2708628475666046,-0.8008046746253967,-0.309064656496048,-0.906710684299469,-0.07877948135137558,-0.5129961371421814,-0.11406286060810089,-0.7331594228744507,-0.14587372541427612,-0.8768390417098999,-0.17690181732177734,-1.0,0.0064690858125686646,-0.48954156041145325,-0.00777325639501214,-0.6956945657730103,-0.02689213678240776,-0.830170214176178,-0.04736806079745293,-0.9452956318855286,0.08984220772981644,-0.42894306778907776,0.10941334813833237,-0.5877158045768738,0.11423264443874359,-0.6961079239845276,0.1092667356133461,-0.7949987053871155
open_palm,0.0,0.0,-0.1448664665222168,-0.0741666927933693,-0.2739948332309723,-0.21011599898338318,-0.3749590516090393,-0.3174475133419037,-0.4620441794395447,-0.38401663303375244,-0.168645977973938,-0.48539260029792786,-0.2300150990486145,-0.6803889274597168,-0.2686392664909363,-0.7996787428855896,-0.3059331476688385,-0.903944194316864,-0.07975633442401886,-0.516227126121521,-0.11490906774997711,-0.739326536655426,-0.1446564942598343,-0.880508542060852,-0.17343910038471222,-1.0,0.006735304836183786,-0.49207156896591187,-0.007785770110785961,-0.6991364359855652,-0.025665616616606712,-0.8349756598472595,-0.04464175924658775,-0.9521597623825073,0.09104117006063461,-0.42990878224372864,0.11060534417629242,-0.5898366570472717,0.11365482211112976,-0.698971688747406,0.106499582529068,-0.7991405129432678
open_palm,0.0,0.0,-0.14220216870307922,-0.06832613050937653,-0.2697112262248993,-0.20152625441551208,-0.3716445565223694,-0.3067724108695984,-0.45978906750679016,-0.37094011902809143,-0.16360117495059967,-0.4879733622074127,-0.22721920907497406,-0.6800289154052734,-0.26809367537498474,-0.7989363670349121,-0.3077717423439026,-0.90431809425354,-0.074814572930336,-0.5172240734100342,-0.1084105521440506,-0.737448513507843,-0.136594757437706,-0.8781734704971313,-0.16585366427898407,-1.0,0.012003090232610703,-0.490762323141098,-0.0021531761158257723,-0.6954367160797119,-0.02163809724152088,-0.828977108001709,-0.04328545928001404,-0.9455010294914246,0.0968896746635437,-0.42794710397720337,0.1160711944103241,-0.5899076461791992,0.11818001419305801,-0.6991535425186157,0.11067964881658554,-0.7998049259185791
open_palm,0.0,0.0,-0.1430935114622116,-0.07037126272916794,-0.26952049136161804,-0.20391489565372467,-0.36765632033348083,-0.3141932487487793,-0.4554719924926758,-0.3816782534122467,-0.165498748421669,-0.4865196645259857,-0.23030929267406464,-0.6771121025085449,-0.27105727791786194,-0.794467568397522,-0.3103700280189514,-0.8980109691619873,-0.07748079299926758,-0.5185306668281555,-0.1146300807595253,-0.738293468952179,-0.1450333446264267,-0.8794095516204834,-0.17527225613594055,-1.0,0.008317766711115837,-0.49399667978286743,-0.0066396924667060375,-0.6994323134422302,-0.02650020644068718,-0.8353040218353271,-0.04772847518324852,-0.9538215398788452,0.09262213110923767,-0.4319368004798889,0.11190807074308395,-0.5906084179878235,0.11466507613658905,-0.6996192336082458,0.10772491246461868,-0.8005191087722778
open_palm,0.0,0.0,-0.14496666193008423,-0.07105430960655212,-0.2756899893283844,-0.20402519404888153,-0.3790201246738434,-0.31180208921432495,-0.4671795964241028,-0.3839415907859802,-0.16618502140045166,-0.48522475361824036,-0.23202349245548248,-0.6810072064399719,-0.27365830540657043,-0.8000411987304688,-0.3137508034706116,-0.9046227931976318,-0.0778915286064148,-0.5166669487953186,-0.11519166827201843,-0.7383434772491455,-0.14621859788894653,-0.8796280026435852,-0.17606668174266815,-1.0,0.0082941222935915,-0.49386852979660034,-0.007195665035396814,-0.7000265717506409,-0.026063144207000732,-0.8348610401153564,-0.04605771601200104,-0.9517931342124939,0.09274153411388397,-0.43383657932281494,0.11177424341440201,-0.5941676497459412,0.11468537151813507,-0.7033330798149109,0.10730811953544617,-0.8035851120948792
open_palm,0.0,0.0,-0.14098680019378662,-0.07005796581506729,-0.26972487568855286,-0.20848135650157928,-0.37184712290763855,-0.3128312826156616,-0.45943373441696167,-0.37661221623420715,-0.16452553868293762,-0.4881116449832916,-0.23024366796016693,-0.6817529797554016,-0.27262935042381287,-0.7989553809165955,-0.314890593290329,-0.9018113017082214,-0.07755479216575623,-0.5188180208206177,-0.11520738154649734,-0.7412055134773254,-0.14703142642974854,-0.8807137608528137,-0.1797923743724823,-1.0,0.00759741710498929,-0.4934406280517578,-0.005842332728207111,-0.7014995813369751,-0.02747531421482563,-0.8349018096923828,-0.052101098001003265,-0.9506765007972717,0.09081151336431503,-0.430746465921402,0.10941731184720993,-0.5924665927886963,0.11138342320919037,-0.7046424746513367,0.1033833846449852,-0.8086172938346863
open_palm,0.0,0.0,-0.1460311859846115,-0.06880251318216324,-0.27444592118263245,-0.19512364268302917,-0.3723410367965698,-0.29103922843933105,-0.459908664226532,-0.3485112190246582,-0.17129115760326385,-0.4770275950431824,-0.2363177239894867,-0.6741122007369995,-0.27937790751457214,-0.7919953465461731,-0.3211095929145813,-0.8969141840934753,-0.08284975588321686,-0.506314218044281,-0.11744032800197601,-0.7330893278121948,-0.14809130132198334,-0.8749710917472839,-0.17865370213985443,-1.0,0.004214231390506029,-0.4819047451019287,-0.00924318190664053,-0.6905841827392578,-0.030121171846985817,-0.8259168863296509,-0.05303579941391945,-0.9438115358352661,0.08904808759689331,-0.42113766074180603,0.10765010863542557,-0.5862892270088196,0.10891985148191452,-0.6964654326438904,0.09917499870061874,-0.7970665097236633
open_palm,0.0,0.0,-0.1448412984609604,-0.0659521222114563,-0.2748406231403351,-0.20069856941699982,-0.3768499493598938,-0.30553731322288513,-0.46464112401008606,-0.3634430766105652,-0.1722446233034134,-0.4814005494117737,-0.2356216460466385,-0.6734165549278259,-0.2765839099884033,-0.7915201187133789,-0.3174254894256592,-0.8977257609367371,-0.083102747797966,-0.5130640268325806,-0.11771460622549057,-0.7351258397102356,-0.14852361381053925,-0.8764568567276001,-0.18100641667842865,-1.0,0.0035376285668462515,-0.48842698335647583,-0.009605338796973228,-0.6962761878967285,-0.03008970245718956,-0.8298829793930054,-0.054288871586322784,-0.946121096611023,0.08795907348394394,-0.4264462888240814,0.10693862289190292,-0.5907316207885742,0.10901345312595367,-0.700637698173523,0.09947486221790314,-0.8023353815078735
open_palm,0.0,0.0,-0.14463676512241364,-0.0760137066245079,-0.27461469173431396,-0.21872812509536743,-0.3800378441810608,-0.3275323510169983,-0.47140997648239136,-0.39390870928764343,-0.17041024565696716,-0.49288836121559143,-0.23535779118537903,-0.6831867694854736,-0.27681952714920044,-0.7982950210571289,-0.3171599805355072,-0.901178777217865,-0.08412709087133408,-0.5254703760147095,-0.12087251991033554,-0.7475563883781433,-0.15207642316818237,-0.8839707970619202,-0.1839831918478012,-1.0,0.0018394753569737077,-0.5019246935844421,-0.012925654649734497,-0.7081072330474854,-0.033548515290021896,-0.8405278921127319,-0.05679076910018921,-0.9555056691169739,0.08623795211315155,-0.4398977756500244,0.10365643352270126,-0.5989189147949219,0.10560664534568787,-0.707914412021637,0.09749245643615723,-0.809106707572937
open_palm,0.0,0.0,-0.14443810284137726,-0.07567765563726425,-0.27093029022216797,-0.2111736685037613,-0.37180110812187195,-0.31433847546577454,-0.4615013897418976,-0.37450191378593445,-0.17040519416332245,-0.48712971806526184,-0.23475798964500427,-0.6792169213294983,-0.2771170735359192,-0.794342041015625,-0.3182578682899475,-0.8968071341514587,-0.08368688076734543,-0.5185272693634033,-0.11965412646532059,-0.7430580258369446,-0.1514880210161209,-0.8820027112960815,-0.18359999358654022,-1.0,0.0019786921329796314,-0.4946020841598511,-0.013314684852957726,-0.7023447155952454,-0.034016210585832596,-0.8351029753684998,-0.05664445087313652,-0.9485002756118774,0.08642292767763138,-0.43259987235069275,0.10322432219982147,-0.5937581658363342,0.10420039296150208,-0.7032136917114258,0.09530068933963776,-0.8035779595375061
open_palm,0.0,0.0,-0.1448935866355896,-0.0711686983704567,-0.27243301272392273,-0.21125680208206177,-0.3721012771129608,-0.31998130679130554,-0.4594770669937134,-0.38784801959991455,-0.1695045530796051,-0.4860503375530243,-0.2335236817598343,-0.6775591373443604,-0.2751675844192505,-0.7936375141143799,-0.3154897391796112,-0.8982996940612793,-0.08202482759952545,-0.5166479349136353,-0.11777277290821075,-0.7390890717506409,-0.14815302193164825,-0.8789438009262085,-0.1797408014535904,-1.0,0.003593381494283676,-0.4928036332130432,-0.010877327062189579,-0.6998841166496277,-0.031222961843013763,-0.833159327507019,-0.054707836359739304,-0.9479604959487915,0.08762743324041367,-0.4316430687904358,0.10584938526153564,-0.5957987904548645,0.1072925254702568,-0.7061576247215271,0.097245953977108,-0.8071619272232056
open_palm,0.0,0.0,-0.14315631985664368,-0.06982658803462982,-0.27041903138160706,-0.2050330638885498,-0.3730272948741913,-0.31293317675590515,-0.4618114233016968,-0.3749646544456482,-0.16721725463867188,-0.4814679026603699,-0.23237016797065735,-0.673886239528656,-0.2746817171573639,-0.792214035987854,-0.31593629717826843,-0.8961083292961121,-0.08074972778558731,-0.5153996348381042,-0.1185004785656929,-0.7385957837104797,-0.15077322721481323,-0.8794145584106445,-0.18326009809970856,-1.0,0.004401002544909716,-0.4931035041809082,-0.011333124712109566,-0.6995551586151123,-0.03126705065369606,-0.8337224721908569,-0.05303565785288811,-0.9492443203926086,0.08845192939043045,-0.4333731532096863,0.10651379823684692,-0.5931152701377869,0.10803254693746567,-0.701950192451477,0.0990087166428566,-0.8011741042137146
open_palm,0.0,0.0,-0.14159750938415527,-0.07119721174240112,-0.26957711577415466,-0.20761770009994507,-0.3704703152179718,-0.3139474093914032,-0.4615727961063385,-0.3736087381839752,-0.16674576699733734,-0.49008554220199585,-0.23226504027843475,-0.6830924153327942,-0.2730605900287628,-0.801189661026001,-0.3117612302303314,-0.9072933197021484,-0.07967231422662735,-0.5241789221763611,-0.11611758917570114,-0.7486315369606018,-0.14827780425548553,-0.8846092224121094,-0.18106091022491455,-1.0,0.006778911221772432,-0.502020537853241,-0.006265356671065092,-0.7123948931694031,-0.027112578973174095,-0.8450857996940613,-0.05116007477045059,-0.9595179557800293,0.09143807739019394,-0.4413609802722931,0.11325473338365555,-0.6015151143074036,0.11657148599624634,-0.7111866474151611,0.10821430385112762,-0.8133469223976135
open_palm,0.0,0.0,-0.1421695202589035,-0.07057055830955505,-0.2725703716278076,-0.20891697704792023,-0.3744605481624603,-0.3100784420967102,-0.46285659074783325,-0.3660033345222473,-0.1719283014535904,-0.4890449047088623,-0.23810161650180817,-0.6802456974983215,-0.2799181640148163,-0.7967732548713684,-0.3211921751499176,-0.8999836444854736,-0.08419805765151978,-0.5215739607810974,-0.12326414883136749,-0.744046151638031,-0.155848890542984,-0.8818681240081787,-0.18852560222148895,-1.0,0.0026631569489836693,-0.49716606736183167,-0.011384664103388786,-0.7063771486282349,-0.032759640365839005,-0.8389665484428406,-0.05596821382641792,-0.9549573063850403,0.0881151631474495,-0.4340663254261017,0.1068950966000557,-0.5966967940330505,0.10896860808134079,-0.707709014415741,0.1012168601155281,-0.8118668794631958
open_palm,0.0,0.0,-0.14228573441505432,-0.0730646401643753,-0.2696967124938965,-0.20579779148101807,-0.36923864483833313,-0.3086528182029724,-0.45843902230262756,-0.3677257299423218,-0.16692356765270233,-0.4890727698802948,-0.23127655684947968,-0.6800200343132019,-0.2720300853252411,-0.7967893481254578,-0.31002339720726013,-0.9032862186431885,-0.07889039814472198,-0.5228344202041626,-0.11466125398874283,-0.7453598976135254,-0.14763988554477692,-0.883021891117096,-0.18044796586036682,-1.0,0.00736377015709877,-0.5001749992370605,-0.004498958121985197,-0.7105409502983093,-0.025735508650541306,-0.8426080942153931,-0.05035027489066124,-0.9568721652030945,0.09122667461633682,-0.4388076961040497,0.11289765685796738,-0.5977145433425903,0.11568451672792435,-0.7074216604232788,0.10715430229902267,-0.8099343180656433
open_palm,0.0,0.0,-0.1386876255273819,-0.06905390322208405,-0.2654898166656494,-0.20795853435993195,-0.3644276261329651,-0.31063148379325867,-0.45439890027046204,-0.3675498962402344,-0.16996799409389496,-0.48846736550331116,-0.23449012637138367,-0.6829455494880676,-0.27575206756591797,-0.7985508441925049,-0.31644952297210693,-0.901434063911438,-0.08170942962169647,-0.5189805030822754,-0.118395134806633,-0.7437766194343567,-0.14972366392612457,-0.8820367455482483,-0.18212324380874634,-1.0,0.0049848551861941814,-0.49239516258239746,-0.00936915259808302,-0.7010500431060791,-0.029203902930021286,-0.8339866399765015,-0.051349442452192307,-0.9490813612937927,0.08881361782550812,-0.4275924563407898,0.10792181640863419,-0.5882490873336792,0.11071256548166275,-0.6977527141571045,0.10301903635263443,-0.7989261746406555
open_palm,0.0,0.0,-0.14084939658641815,-0.06856916844844818,-0.26988157629966736,-0.2115379422903061,-0.37072452902793884,-0.3195444941520691,-0.4619653522968292,-0.3822411596775055,-0.16699807345867157,-0.4899339973926544,-0.23435598611831665,-0.6833090782165527,-0.2745245695114136,-0.8010051250457764,-0.312652051448822,-0.9060971140861511,-0.0793854296207428,-0.5233657360076904,-0.11715572327375412,-0.746093213558197,-0.1477057933807373,-0.8835178017616272,-0.17930938303470612,-1.0,0.007966194301843643,-0.5002586841583252,-0.007015477865934372,-0.7106585502624512,-0.028383713215589523,-0.8435987234115601,-0.053612060844898224,-0.9586210250854492,0.09333478659391403,-0.43944838643074036,0.11263609677553177,-0.6013197302818298,0.11404174566268921,-0.7124765515327454,0.10368003696203232,-0.8153268098831177
open_palm,0.0,0.0,-0.14695098996162415,-0.0681566372513771,-0.2764075696468353,-0.2030559778213501,-0.3805714249610901,-0.3082057237625122,-0.4700605869293213,-0.3764946460723877,-0.17204751074314117,-0.4794110357761383,-0.24069733917713165,-0.6737804412841797,-0.28326255083084106,-0.7923741340637207,-0.32297834753990173,-0.8986450433731079,-0.08469264954328537,-0.5125317573547363,-0.12521646916866302,-0.7343317866325378,-0.1577470749616623,-0.876021683216095,-0.18880954384803772,-1.0,0.0012816997477784753,-0.490350604057312,-0.015884608030319214,-0.6967788934707642,-0.036009181290864944,-0.8310757279396057,-0.05745256319642067,-0.9484807848930359,0.08609337359666824,-0.431014746427536,0.10401685535907745,-0.5934550762176514,0.10535645484924316,-0.7027360796928406,0.09556867927312851,-0.804027259349823
open_palm,0.0,0.0,-0.14220093190670013,-0.07631533592939377,-0.27247121930122375,-0.21302595734596252,-0.38079574704170227,-0.3188932240009308,-0.4745129942893982,-0.3809577226638794,-0.16783741116523743,-0.4876086413860321,-0.23364226520061493,-0.6820025444030762,-0.27572113275527954,-0.7994297742843628,-0.3152942955493927,-0.9050655364990234,-0.08177930861711502,-0.5214869379997253,-0.11928296089172363,-0.7452472448348999,-0.1523156762123108,-0.8834921717643738,-0.18502868711948395,-1.0,0.003430441487580538,-0.49852752685546875,-0.00968091655522585,-0.7135291695594788,-0.03096691519021988,-0.8463220000267029,-0.05576532706618309,-0.960124671459198,0.0869315043091774,-0.43748074769973755,0.10817667096853256,-0.5992334485054016,0.11131047457456589,-0.7128965854644775,0.10347426682710648,-0.818989634513855
open_palm,0.0,0.0,-0.1411164104938507,-0.07475771754980087,-0.26783326268196106,-0.20831076800823212,-0.371555358171463,-0.31204068660736084,-0.4625355005264282,-0.3781335949897766,-0.16657374799251556,-0.48825639486312866,-0.2331857830286026,-0.6823492646217346,-0.27493274211883545,-0.7992927432060242,-0.31494975090026855,-0.9037257432937622,-0.07868339121341705,-0.5211730003356934,-0.11796114593744278,-0.7447264790534973,-0.14958088099956512,-0.8827758431434631,-0.18019363284111023,-1.0,0.007945321500301361,-0.49651607871055603,-0.009216918610036373,-0.7058848738670349,-0.027827227488160133,-0.8377816081047058,-0.047673050314188004,-0.9526498913764954,0.09291527420282364,-0.4333762228488922,0.1097652018070221,-0.5928488969802856,0.11126582324504852,-0.7018463015556335,0.10309746861457825,-0.8037511706352234
open_palm,0.0,0.0,-0.14551623165607452,-0.07587631791830063,-0.2774975597858429,-0.21071268618106842,-0.38257813453674316,-0.3183629512786865,-0.473075270652771,-0.38642793893814087,-0.17084181308746338,-0.49351152777671814,-0.23741939663887024,-0.6845796704292297,-0.27916160225868225,-0.8019230961799622,-0.3185264468193054,-0.9079439640045166,-0.08289394527673721,-0.5272272229194641,-0.12126600742340088,-0.749096691608429,-0.15291258692741394,-0.8852086663246155,-0.1845213919878006,-1.0,0.0039459760300815105,-0.5030683875083923,-0.00946339126676321,-0.714404821395874,-0.029885318130254745,-0.8446393013000488,-0.05352819710969925,-0.9567524194717407,0.08938687294721603,-0.43910858035087585,0.10929892212152481,-0.6003507375717163,0.11159662902355194,-0.7115844488143921,0.10344960540533066,-0.8156367540359497
open_palm,0.0,0.0,-0.14378130435943604,-0.07436737418174744,-0.27335813641548157,-0.21242539584636688,-0.37601763010025024,-0.3206239938735962,-0.4672774076461792,-0.38633033633232117,-0.17490865290164948,-0.49241551756858826,-0.24222907423973083,-0.6853328943252563,-0.2830793857574463,-0.8025520443916321,-0.3211604654788971,-0.9082255959510803,-0.08646921068429947,-0.5263887643814087,-0.1252831667661667,-0.7473800778388977,-0.1575930118560791,-0.8845058679580688,-0.18975725769996643,-1.0,0.0010037709726020694,-0.5038793683052063,-0.013600261881947517,-0.7146547436714172,-0.03489351272583008,-0.8465169668197632,-0.059091076254844666,-0.9602625370025635,0.0866166278719902,-0.44290682673454285,0.10450667887926102,-0.6019408106803894,0.10557854175567627,-0.7119511365890503,0.09641741961240768,-0.8146711587905884
open_palm,0.0,0.0,-0.14378130435943604,-0.07436737418174744,-0.27335813641548157,-0.21242539584636688,-0.37601763010025024,-0.3206239938735962,-0.4672774076461792,-0.38633033633232117,-0.17490865290164948,-0.49241551756858826,-0.24222907423973083,-0.6853328943252563,-0.2830793857574463,-0.8025520443916321,-0.3211604654788971,-0.9082255959510803,-0.08646921068429947,-0.5263887643814087,-0.1252831667661667,-0.7473800778388977,-0.1575930118560791,-0.8845058679580688,-0.18975725769996643,-1.0,0.0010037709726020694,-0.5038793683052063,-0.013600261881947517,-0.7146547436714172,-0.03489351272583008,-0.8465169668197632,-0.059091076254844666,-0.9602625370025635,0.0866166278719902,-0.44290682673454285,0.10450667887926102,-0.6019408106803894,0.10557854175567627,-0.7119511365890503,0.09641741961240768,-0.8146711587905884
open_palm,0.0,0.0,-0.14053820073604584,-0.0767911896109581,-0.26772794127464294,-0.21456210315227509,-0.37187671661376953,-0.3176252245903015,-0.4644494950771332,-0.37943899631500244,-0.16331104934215546,-0.4950474202632904,-0.2310050129890442,-0.6898508071899414,-0.27255740761756897,-0.8083692193031311,-0.31180527806282043,-0.9139853119850159,-0.07631997764110565,-0.5269145369529724,-0.11463755369186401,-0.7485843896865845,-0.14564941823482513,-0.8848276138305664,-0.1773207038640976,-1.0,0.010038558393716812,-0.5030017495155334,-0.0032200936693698168,-0.7142115235328674,-0.023448467254638672,-0.8458249568939209,-0.04772672429680824,-0.9595606923103333,0.09461558610200882,-0.4411996901035309,0.11465127021074295,-0.6031694412231445,0.11661627143621445,-0.71528160572052,0.10753438621759415,-0.8194175362586975
open_palm,0.0,0.0,-0.14212936162948608,-0.07578117400407791,-0.27013179659843445,-0.21073214709758759,-0.3741829991340637,-0.3112233877182007,-0.46182140707969666,-0.37264105677604675,-0.1691054254770279,-0.4831603765487671,-0.23632794618606567,-0.6764886975288391,-0.2787003815174103,-0.7950009107589722,-0.31905773282051086,-0.9000605940818787,-0.08229468762874603,-0.5164533853530884,-0.12286773324012756,-0.7387273907661438,-0.1549389511346817,-0.879993736743927,-0.18553510308265686,-1.0,0.0035662150476127863,-0.49444380402565,-0.01171487383544445,-0.7022861242294312,-0.03176850080490112,-0.8359777331352234,-0.05284209921956062,-0.950507640838623,0.08839575201272964,-0.4357333779335022,0.1067640408873558,-0.5959516763687134,0.10927748680114746,-0.7054267525672913,0.1018761545419693,-0.8053219318389893
open_palm,0.0,0.0,-0.14138291776180267,-0.06949284672737122,-0.26981085538864136,-0.20919032394886017,-0.37152042984962463,-0.3169512450695038,-0.4606330394744873,-0.3787917494773865,-0.168233260512352,-0.48536422848701477,-0.2333928942680359,-0.6779640316963196,-0.2731762230396271,-0.7966889142990112,-0.31073319911956787,-0.9028044939041138,-0.080274298787117,-0.5200722813606262,-0.11864886432886124,-0.7421695590019226,-0.14968068897724152,-0.8817618489265442,-0.1809883415699005,-1.0,0.006404629908502102,-0.49830564856529236,-0.008435552008450031,-0.7064365148544312,-0.029375750571489334,-0.83865886926651,-0.052992936223745346,-0.9526851177215576,0.09177666157484055,-0.43886253237724304,0.11045999079942703,-0.5998996496200562,0.112517811357975,-0.7100830674171448,0.10420791059732437,-0.8120152950286865
open_palm,0.0,0.0,-0.1409549117088318,-0.07300174981355667,-0.2684791088104248,-0.2113090455532074,-0.37237128615379333,-0.3151913583278656,-0.46296557784080505,-0.3785366714000702,-0.17251808941364288,-0.4893420338630676,-0.2358861267566681,-0.6820811033248901,-0.2764938175678253,-0.8001408576965332,-0.31544020771980286,-0.9059833288192749,-0.08540037274360657,-0.5224003791809082,-0.12371378391981125,-0.7436398863792419,-0.1550062894821167,-0.8821335434913635,-0.18617196381092072,-1.0,0.0006843737792223692,-0.5000487565994263,-0.01497451588511467,-0.7052044868469238,-0.033746473491191864,-0.8373112678527832,-0.05475715547800064,-0.9517859816551208,0.08576186746358871,-0.4407040774822235,0.10344412177801132,-0.5996153950691223,0.10683548450469971,-0.7079665064811707,0.10003462433815002,-0.8078121542930603
open_palm,0.0,0.0,-0.13955053687095642,-0.0718497633934021,-0.2668898105621338,-0.20814582705497742,-0.370461642742157,-0.31005191802978516,-0.46099787950515747,-0.3669413924217224,-0.16642038524150848,-0.4823703169822693,-0.23392973840236664,-0.6757121682167053,-0.27486616373062134,-0.794779896736145,-0.3126195967197418,-0.8995127081871033,-0.08047013729810715,-0.5171821117401123,-0.12202510237693787,-0.7411704063415527,-0.15368781983852386,-0.8814223408699036,-0.18382222950458527,-1.0,0.005869569722563028,-0.4962175190448761,-0.01013355702161789,-0.705614447593689,-0.030354846268892288,-0.8385768532752991,-0.05225126072764397,-0.9528029561042786,0.09126409888267517,-0.437631756067276,0.11072008311748505,-0.6004236340522766,0.11330598592758179,-0.7116729617118835,0.10516029596328735,-0.8141709566116333
open_palm,0.0,0.0,-0.1414177417755127,-0.07128884643316269,-0.2694287598133087,-0.20989157259464264,-0.37134382128715515,-0.31117239594459534,-0.4594782292842865,-0.36795559525489807,-0.16766394674777985,-0.4870898425579071,-0.23364980518817902,-0.6794392466545105,-0.27581438422203064,-0.7976423501968384,-0.31689345836639404,-0.9022999405860901,-0.08084357529878616,-0.5194976329803467,-0.11810155212879181,-0.7414973378181458,-0.14972278475761414,-0.88187175989151,-0.18296268582344055,-1.0,0.004348032176494598,-0.4970592260360718,-0.01024042721837759,-0.7076484560966492,-0.03187118098139763,-0.8418839573860168,-0.05705404654145241,-0.9562857151031494,0.0885685533285141,-0.437578409910202,0.10656068474054337,-0.5999287962913513,0.10869983583688736,-0.7124436497688293,0.10053753852844238,-0.815197765827179
open_palm,0.0,0.0,-0.1408139318227768,-0.07054808735847473,-0.27120864391326904,-0.20183570683002472,-0.3707231879234314,-0.29625701904296875,-0.4565274119377136,-0.3533221185207367,-0.17600511014461517,-0.485111266374588,-0.2450963705778122,-0.6780535578727722,-0.2876586616039276,-0.7972040176391602,-0.326924592256546,-0.9033545851707458,-0.08750447630882263,-0.5190059542655945,-0.13138286769390106,-0.741907000541687,-0.16573040187358856,-0.8816595673561096,-0.19910433888435364,-1.0,-0.00019468937534838915,-0.49670422077178955,-0.018014151602983475,-0.7048848867416382,-0.04075172543525696,-0.8391669392585754,-0.06489773094654083,-0.9547824263572693,0.08586689829826355,-0.4362371861934662,0.10361722856760025,-0.5962454676628113,0.10326026380062103,-0.70628821849823,0.09212538599967957,-0.8074599504470825
open_palm,0.0,0.0,-0.1322312206029892,-0.077700674533844,-0.2584514319896698,-0.2298857718706131,-0.36057332158088684,-0.3407207727432251,-0.449596107006073,-0.4037715196609497,-0.15614035725593567,-0.48377740383148193,-0.21486462652683258,-0.6696256995201111,-0.25534600019454956,-0.7866588234901428,-0.2932548522949219,-0.8794419765472412,-0.07021338492631912,-0.5105234980583191,-0.10572216659784317,-0.7333139181137085,-0.13621680438518524,-0.8801422119140625,-0.16387857496738434,-1.0,0.017725490033626556,-0.4827759563922882,0.003378200111910701,-0.7010363340377808,-0.013211917132139206,-0.8434473872184753,-0.028831226751208305,-0.9602064490318298,0.10599970817565918,-0.4155201315879822,0.12783145904541016,-0.5792891383171082,0.13061781227588654,-0.6964537501335144,0.12765489518642426,-0.8005903363227844
open_palm,0.0,0.0,0.06498700380325317,-0.22263206541538239,0.15460418164730072,-0.49708616733551025,0.19784848392009735,-0.7683089375495911,0.1994478851556778,-1.0,0.5036458969116211,-0.3249515891075134,0.42191991209983826,-0.5565106868743896,0.30286622047424316,-0.7342275977134705,0.19849884510040283,-0.8792577385902405,0.4903883934020996,-0.08363096415996552,0.38845011591911316,-0.31379979848861694,0.2180035412311554,-0.4451390504837036,0.06070838123559952,-0.5272242426872253,0.40576621890068054,0.12225759774446487,0.28335702419281006,-0.07815076410770416,0.12005997449159622,-0.17361491918563843,-0.01716180145740509,-0.23105308413505554,0.2786097526550293,0.2971602976322174,0.10705985873937607,0.11919774115085602,-0.03413855656981468,0.01374420803040266,-0.14358440041542053,-0.03984147682785988
open_palm,0.0,0.0,0.05167263373732567,-0.23065690696239471,0.15599864721298218,-0.5746006965637207,0.23950538039207458,-0.8594863414764404,0.3154512047767639,-1.0,0.7070796489715576,-0.2799195647239685,0.49741649627685547,-0.5648019313812256,0.2574784457683563,-0.7346171736717224,0.09579063951969147,-0.8811990022659302,0.6815284490585327,0.07708253711462021,0.4786636531352997,-0.26020121574401855,0.15840265154838562,-0.48092660307884216,-0.05685903877019882,-0.6116229891777039,0.5668925046920776,0.371685266494751,0.3659483790397644,0.05911007151007652,0.06678904592990875,-0.14146848022937775,-0.13616876304149628,-0.26039472222328186,0.39154109358787537,0.6120076775550842,0.2313755452632904,0.39151841402053833,0.023472867906093597,0.2008129209280014,-0.11205194890499115,0.09240559488534927
open_palm,0.0,0.0,-0.0029863056261092424,-0.2591087818145752,0.011211480014026165,-0.4861695170402527,0.0009058683062903583,-0.6471182703971863,-0.031701184809207916,-0.7550105452537537,0.18664208054542542,-0.5774532556533813,0.17543886601924896,-0.7979103326797485,0.12081748247146606,-0.9171440005302429,0.05692324414849281,-1.0,0.18655695021152496,-0.4502265453338623,0.02729858085513115,-0.7104429006576538,-0.11862451583147049,-0.8245315551757812,-0.23245374858379364,-0.874078631401062,0.13111917674541473,-0.3140626549720764,-0.04390046373009682,-0.5585561990737915,-0.18553724884986877,-0.6656938791275024,-0.27760085463523865,-0.7139545679092407,0.04173925518989563,-0.19645610451698303,-0.0993955209851265,-0.38182079792022705,-0.20529191195964813,-0.4893665313720703,-0.2786644995212555,-0.5533497929573059
open_palm,0.0,0.0,0.0481615886092186,-0.24617131054401398,0.06915761530399323,-0.5266163349151611,0.09365431219339371,-0.745635986328125,0.12562011182308197,-0.921596109867096,0.04740046709775925,-0.5157979726791382,-0.02089802734553814,-0.7345079779624939,-0.0894065573811531,-0.8732054829597473,-0.14920954406261444,-1.0,-0.008893972262740135,-0.40483593940734863,-0.20308372378349304,-0.6588362455368042,-0.35276588797569275,-0.7973881959915161,-0.46608754992485046,-0.9033464193344116,-0.09151662141084671,-0.27210336923599243,-0.27710723876953125,-0.5043725967407227,-0.408186137676239,-0.6267392635345459,-0.5001663565635681,-0.7165614366531372,-0.1836133450269699,-0.1387697011232376,-0.3333214223384857,-0.30252113938331604,-0.4274730384349823,-0.41323161125183105,-0.5010889172554016,-0.5047164559364319
open_palm,0.0,0.0,0.05416656285524368,-0.22731395065784454,0.07466282695531845,-0.5272294878959656,0.09994138777256012,-0.7580555081367493,0.13376282155513763,-0.9535590410232544,0.02963350899517536,-0.5292795300483704,-0.10064202547073364,-0.7648276090621948,-0.21374116837978363,-0.896833598613739,-0.3139576315879822,-1.0,-0.039859045296907425,-0.3848818242549896,-0.2664278745651245,-0.632587730884552,-0.42661231756210327,-0.7900463938713074,-0.549487292766571,-0.9154341816902161,-0.1296021193265915,-0.22489291429519653,-0.3634602427482605,-0.4433062970638275,-0.5071622729301453,-0.578453540802002,-0.6007806658744812,-0.6859863996505737,-0.22869917750358582,-0.07934468239545822,-0.4046052098274231,-0.2386966198682785,-0.5126417279243469,-0.35344237089157104,-0.5905153155326843,-0.451407253742218
open_palm,0.0,0.0,-0.09074262529611588,-0.2573048770427704,-0.22643491625785828,-0.4715614914894104,-0.351519376039505,-0.5991172790527344,-0.46533167362213135,-0.6469373106956482,-0.15166997909545898,-0.6416608095169067,-0.29319241642951965,-0.8374882340431213,-0.42083871364593506,-0.9349557757377625,-0.5457168817520142,-1.0,-0.0844179019331932,-0.47398853302001953,-0.43378835916519165,-0.4996702969074249,-0.6332603096961975,-0.4355936348438263,-0.7663365006446838,-0.3650364279747009,-0.06426883488893509,-0.2488110214471817,-0.4167960286140442,-0.23999269306659698,-0.5591627955436707,-0.21362875401973724,-0.6266626119613647,-0.20053429901599884,-0.06839844584465027,-0.021165555343031883,-0.3565886616706848,-0.02401314117014408,-0.4852464497089386,-0.018288934603333473,-0.5482193827629089,-0.013471536338329315
open_palm,0.0,0.0,0.1019863486289978,0.16923131048679352,0.24135352671146393,0.13610051572322845,0.18977664411067963,0.07040629535913467,0.09287901967763901,-0.01366390474140644,0.4632490277290344,0.09413263201713562,0.7574152946472168,-0.03807123750448227,0.6991468667984009,-0.08790004998445511,0.5721558928489685,-0.027905141934752464,0.43242090940475464,-0.2366342544555664,0.7676645517349243,-0.5458366870880127,0.5947084426879883,-0.5190163850784302,0.39740875363349915,-0.36217594146728516,0.3209345042705536,-0.5060855746269226,0.5683573484420776,-0.904014527797699,0.3232596218585968,-0.839642345905304,0.12481384724378586,-0.6640157699584961,0.15225307643413544,-0.7101424932479858,0.15363280475139618,-1.0,-0.04424894601106644,-0.9091905355453491,-0.20666174590587616,-0.7083913683891296
open_palm,0.0,0.0,-0.029176313430070877,0.11985397338867188,-0.037746455520391464,0.12011940032243729,-0.23379254341125488,0.24430720508098602,-0.38185057044029236,0.3530524671077728,0.4829661250114441,-0.19749069213867188,0.7416287064552307,-0.3848882019519806,0.4410842955112457,-0.32976314425468445,0.1089746505022049,-0.16533738374710083,0.5173565149307251,-0.4754352569580078,0.8323174118995667,-0.8701193928718567,0.4113546311855316,-0.7392987608909607,0.01561765931546688,-0.45186564326286316,0.43938738107681274,-0.5915231108665466,0.7169079184532166,-1.0,0.31743964552879333,-0.9192073345184326,-0.0409320630133152,-0.6797097325325012,0.3020874261856079,-0.5923092365264893,0.3729611337184906,-0.777292013168335,0.12378965318202972,-0.7273708581924438,-0.1421901136636734,-0.5533425211906433
open_palm,0.0,0.0,-0.2630540132522583,-0.029330642893910408,-0.4982759356498718,-0.1240636482834816,-0.6905121207237244,-0.09164957702159882,-0.8706635236740112,-0.007424480281770229,-0.16354407370090485,-0.6611571907997131,-0.2567945420742035,-1.0,-0.43662068247795105,-0.852750837802887,-0.5835428237915039,-0.6090897917747498,0.10971687734127045,-0.5192220211029053,0.17705081403255463,-0.9189003705978394,-0.04353879392147064,-0.7789739370346069,-0.22381938993930817,-0.5218032598495483,0.31472840905189514,-0.2666933536529541,0.4347948431968689,-0.43777996301651,0.18600301444530487,-0.21916736662387848,-0.020256975665688515,0.0029113704804331064,0.4659581780433655,0.049968332052230835,0.6249379515647888,0.06402242183685303,0.6272174119949341,0.17680159211158752,0.6235197186470032,0.28420644998550415
open_palm,0.0,0.0,0.14667578041553497,0.20233100652694702,0.2561546862125397,0.23417240381240845,0.17653940618038177,0.31368255615234375,0.08623838424682617,0.4204893708229065,0.4591369926929474,-0.09904003888368607,0.5772562026977539,-0.31361719965934753,0.32030144333839417,-0.22382347285747528,0.06518334150314331,-0.0014093206264078617,0.29953595995903015,-0.4298029839992523,0.43624362349510193,-0.8378669619560242,0.1664593368768692,-0.7464743256568909,-0.06512737274169922,-0.4789803922176361,0.11303359270095825,-0.6284722089767456,0.3278372287750244,-1.0,0.07129525393247604,-0.854684054851532,-0.16278882324695587,-0.5527836680412292,-0.1013038158416748,-0.7249563336372375,-0.15234315395355225,-0.9920973181724548,-0.35646623373031616,-0.8964695930480957,-0.5246477723121643,-0.6562995314598083
open_palm,0.0,0.0,-0.23249776661396027,-0.12205557525157928,-0.42539599537849426,-0.3580094873905182,-0.5809823274612427,-0.34643933176994324,-0.6877639293670654,-0.20315216481685638,-0.13321121037006378,-0.6680297255516052,-0.27293428778648376,-1.0,-0.5128191113471985,-0.8248648643493652,-0.7028231024742126,-0.5581247210502625,0.11071784794330597,-0.5044735670089722,0.13140371441841125,-0.9195597171783447,-0.13038170337677002,-0.7823107838630676,-0.34747782349586487,-0.5095571279525757,0.3014843761920929,-0.2305346429347992,0.37541189789772034,-0.4399242103099823,0.08094596862792969,-0.2266637235879898,-0.14618580043315887,0.012132334522902966,0.4456535279750824,0.10233553498983383,0.6215938329696655,0.09510938078165054,0.6347349286079407,0.15699663758277893,0.6254303455352783,0.2473316341638565
open_palm,0.0,0.0,-0.2254277467727661,-0.13142815232276917,-0.43720337748527527,-0.3713177740573883,-0.6075837016105652,-0.34920960664749146,-0.7214685678482056,-0.21430547535419464,-0.15623554587364197,-0.6666404604911804,-0.34257540106773376,-1.0,-0.5886043906211853,-0.8251914381980896,-0.7762109041213989,-0.5302954316139221,0.09935018420219421,-0.48760879039764404,0.09337306767702103,-0.9205251932144165,-0.19094640016555786,-0.7712027430534363,-0.4146275222301483,-0.4637333154678345,0.30146050453186035,-0.19540950655937195,0.3888157308101654,-0.43431752920150757,0.058770179748535156,-0.2085464596748352,-0.19157415628433228,0.05956421047449112,0.45976874232292175,0.15941660106182098,0.6442105174064636,0.14032597839832306,0.649735689163208,0.18521235883235931,0.6361789107322693,0.2707330584526062
open_palm,0.0,0.0,-0.2237575799226761,-0.18651717901229858,-0.4040170907974243,-0.5723826885223389,-0.6070927381515503,-0.6339367032051086,-0.7139145135879517,-0.5217270851135254,-0.15565446019172668,-0.6987308263778687,-0.3299865424633026,-1.0,-0.586037278175354,-0.8197783827781677,-0.7758442163467407,-0.5157346725463867,0.08740545809268951,-0.5026307702064514,0.09551821649074554,-0.9809984564781189,-0.19025926291942596,-0.797034740447998,-0.406465619802475,-0.4819647967815399,0.2951206862926483,-0.2072138488292694,0.42777761816978455,-0.5096616744995117,0.0997544601559639,-0.28203511238098145,-0.15941940248012543,0.006458270363509655,0.46846356987953186,0.1427333950996399,0.6627530455589294,0.10115059465169907,0.604330837726593,0.16752013564109802,0.5166096091270447,0.27944013476371765
open_palm,0.0,0.0,-0.3798104524612427,0.027392497286200523,-0.6500145792961121,-0.07127391546964645,-0.814724326133728,-0.10060164332389832,-1.0,-0.1019592359662056,-0.49041879177093506,-0.6387184858322144,-0.5755137801170349,-0.9112165570259094,-0.7004923820495605,-0.7695090174674988,-0.7920780777931213,-0.4924115240573883,-0.24445804953575134,-0.6293264031410217,-0.231950044631958,-0.8781516551971436,-0.38875457644462585,-0.6707794666290283,-0.5050578713417053,-0.3751124143600464,-0.007192594464868307,-0.5026216506958008,0.008309833705425262,-0.6656703352928162,-0.19405464828014374,-0.4495999813079834,-0.3541410267353058,-0.18902496993541718,0.20320530235767365,-0.30712035298347473,0.18335959315299988,-0.2843957245349884,0.029899733141064644,-0.07991793751716614,-0.1270248293876648,0.12916943430900574
open_palm,0.0,0.0,-0.26771456003189087,-0.12947621941566467,-0.5123408436775208,-0.3429245352745056,-0.732674241065979,-0.24836140871047974,-0.9001320600509644,-0.07225952297449112,-0.2012384980916977,-0.6439350247383118,-0.3574944734573364,-1.0,-0.6083093881607056,-0.7779275178909302,-0.8097952604293823,-0.44308245182037354,0.08468908071517944,-0.46155819296836853,0.05791027471423149,-0.925254225730896,-0.2530724108219147,-0.657254159450531,-0.48126038908958435,-0.28075525164604187,0.3166692852973938,-0.17668285965919495,0.3409810960292816,-0.4312640428543091,0.022875899448990822,-0.11415205150842667,-0.21244803071022034,0.2005660980939865,0.5085251927375793,0.16269901394844055,0.6790245771408081,0.14753973484039307,0.6291096806526184,0.26176267862319946,0.5572065711021423,0.3825005292892456
open_palm,0.0,0.0,-0.2930968105792999,-0.020745400339365005,-0.5528311729431152,-0.07374952733516693,-0.7816407084465027,0.01709197275340557,-1.0,0.12908215820789337,-0.22476808726787567,-0.6404972672462463,-0.3858467936515808,-0.9984559416770935,-0.6108357906341553,-0.7666683197021484,-0.7835752367973328,-0.4542146921157837,0.06210167333483696,-0.4889149069786072,0.03799820691347122,-0.9150022864341736,-0.25895920395851135,-0.6647451519966125,-0.4775698781013489,-0.3129402995109558,0.27952224016189575,-0.22623680531978607,0.3046119511127472,-0.4267917275428772,0.01878909207880497,-0.1567801535129547,-0.20264962315559387,0.10860909521579742,0.4484345614910126,0.08873183280229568,0.5865703225135803,0.07836466282606125,0.5742199420928955,0.18994589149951935,0.5428212881088257,0.3049566149711609
open_palm,0.0,0.0,-0.36042720079421997,0.112494558095932,-0.6244101524353027,0.03998114913702011,-0.7984966039657593,-0.012475159019231796,-1.0,-0.055257648229599,-0.42386338114738464,-0.6373422741889954,-0.5417833924293518,-0.850338876247406,-0.6862998008728027,-0.694670557975769,-0.7763105034828186,-0.4363802373409271,-0.19183382391929626,-0.6294797658920288,-0.18245993554592133,-0.8751351237297058,-0.36578911542892456,-0.619269609451294,-0.4904139041900635,-0.3231789469718933,0.02542256936430931,-0.4974532723426819,0.04417961463332176,-0.6738467216491699,-0.1903134435415268,-0.43106386065483093,-0.37899118661880493,-0.19726280868053436,0.20137430727481842,-0.28446513414382935,0.19770099222660065,-0.2637176513671875,0.0357840433716774,-0.04551539197564125,-0.1285121589899063,0.14791132509708405
open_palm,0.0,0.0,-0.3432825803756714,0.09879855066537857,-0.6149647831916809,0.06611934304237366,-0.8031278848648071,0.04631872475147247,-1.0,-0.0011789931450039148,-0.39885950088500977,-0.5393205881118774,-0.5462349057197571,-0.7446804642677307,-0.6888831257820129,-0.6045209169387817,-0.7794982194900513,-0.35493263602256775,-0.19737279415130615,-0.5454716682434082,-0.25928738713264465,-0.7791797518730164,-0.44708940386772156,-0.542850136756897,-0.5615523457527161,-0.2451430708169937,-0.012573703192174435,-0.4411333501338959,-0.07256146520376205,-0.6316336393356323,-0.3022690713405609,-0.392072468996048,-0.4708153009414673,-0.15218661725521088,0.13566094636917114,-0.25964900851249695,0.062036752700805664,-0.25510701537132263,-0.10303846001625061,-0.03292275592684746,-0.252420037984848,0.16632016003131866
open_palm,0.0,0.0,-0.22985786199569702,-0.11477027833461761,-0.3869132399559021,-0.5047851800918579,-0.3263315260410309,-0.7980944514274597,-0.16469192504882812,-0.8904892206192017,-0.32889100909233093,-0.8524505496025085,-0.4398820102214813,-1.0,-0.41567137837409973,-0.7273709774017334,-0.35399171710014343,-0.6634606719017029,-0.17061084508895874,-0.8833458423614502,-0.2721179723739624,-0.9912869930267334,-0.25504031777381897,-0.6526455879211426,-0.1971190720796585,-0.6381482481956482,-0.010885749012231827,-0.8578201532363892,-0.1113952174782753,-0.8940892219543457,-0.12540936470031738,-0.5526646375656128,-0.06853516399860382,-0.5170536637306213,0.15019947290420532,-0.7924512624740601,0.02718541771173477,-0.7939781546592712,0.008752896450459957,-0.5572855472564697,0.06948763877153397,-0.5211918950080872
open_palm,0.0,0.0,-0.22687292098999023,-0.14223940670490265,-0.3935662508010864,-0.4758923351764679,-0.3506653904914856,-0.7845391035079956,-0.20578494668006897,-0.9319332242012024,-0.3426147699356079,-0.799994707107544,-0.4724188446998596,-0.9846696853637695,-0.4211137890815735,-0.7132821679115295,-0.3371334373950958,-0.6406240463256836,-0.19000324606895447,-0.8317183256149292,-0.31212136149406433,-1.0,-0.27882862091064453,-0.6741085648536682,-0.21086035668849945,-0.6411191821098328,-0.03603651374578476,-0.8158570528030396,-0.15433986485004425,-0.9251226782798767,-0.14764435589313507,-0.6001574397087097,-0.07836832851171494,-0.5540304183959961,0.12560807168483734,-0.7617447376251221,-0.010945026762783527,-0.8477131128311157,-0.02336146868765354,-0.6136237382888794,0.03415210172533989,-0.5577207207679749
open_palm,0.0,0.0,-0.24179184436798096,-0.12310461699962616,-0.41179946064949036,-0.4675065279006958,-0.3431301712989807,-0.7755357027053833,-0.1864188015460968,-0.9192344546318054,-0.3652609884738922,-0.7861679792404175,-0.48671168088912964,-0.9713485240936279,-0.44155293703079224,-0.6977207660675049,-0.36211612820625305,-0.6274663209915161,-0.2051609307527542,-0.8222442269325256,-0.3089204430580139,-1.0,-0.2839142978191376,-0.6689052581787109,-0.2215157002210617,-0.6306945085525513,-0.04096366465091705,-0.8066598176956177,-0.1380307376384735,-0.9362996816635132,-0.14505968987941742,-0.5897981524467468,-0.08601956069469452,-0.5342923998832703,0.13108113408088684,-0.7477660179138184,0.007698511704802513,-0.8312103152275085,-0.011953920125961304,-0.5863586068153381,0.0432426854968071,-0.5338349938392639
open_palm,0.0,0.0,-0.2440989911556244,-0.13158659636974335,-0.4024079740047455,-0.4571911692619324,-0.32651209831237793,-0.7602662444114685,-0.17922648787498474,-0.9197830557823181,-0.36428534984588623,-0.783298671245575,-0.47439903020858765,-0.9610361456871033,-0.4392336905002594,-0.7310392260551453,-0.3803510367870331,-0.6669044494628906,-0.21063940227031708,-0.8227711319923401,-0.3045003414154053,-1.0,-0.28132176399230957,-0.6817889213562012,-0.2254464328289032,-0.6363681554794312,-0.04743470996618271,-0.8101601004600525,-0.12747958302497864,-0.9310183525085449,-0.14226898550987244,-0.5894131660461426,-0.09147118031978607,-0.5343623757362366,0.1269683539867401,-0.7533065676689148,0.01727893203496933,-0.8402411341667175,-0.013601213693618774,-0.5929481983184814,0.02869485877454281,-0.5389124155044556
open_palm,0.0,0.0,-0.2278188318014145,-0.12769702076911926,-0.3959289491176605,-0.43817225098609924,-0.3421671688556671,-0.7332066297531128,-0.20985761284828186,-0.892020046710968,-0.38477909564971924,-0.7522424459457397,-0.5102680921554565,-0.9584259390830994,-0.47670331597328186,-0.739169180393219,-0.4141063392162323,-0.6393702030181885,-0.22521930932998657,-0.8056126236915588,-0.32475343346595764,-1.0,-0.28756123781204224,-0.6897491812705994,-0.2297968566417694,-0.612396776676178,-0.0568329356610775,-0.7999597191810608,-0.14866620302200317,-0.918257474899292,-0.1426646113395691,-0.5863915681838989,-0.09631100296974182,-0.5064868330955505,0.11585775017738342,-0.7478401064872742,-0.0005468659801408648,-0.8276140689849854,-0.01269988901913166,-0.591987133026123,0.030832728371024132,-0.5248150825500488
open_palm,0.0,0.0,-0.22202621400356293,-0.14827695488929749,-0.36877959966659546,-0.470686137676239,-0.2970409393310547,-0.7436354160308838,-0.16434063017368317,-0.8881021738052368,-0.3615525960922241,-0.764823317527771,-0.46365851163864136,-0.9345141649246216,-0.4480820894241333,-0.7285299897193909,-0.39947259426116943,-0.6703153848648071,-0.20797117054462433,-0.8023605942726135,-0.28233781456947327,-1.0,-0.2701924443244934,-0.7177233695983887,-0.2246624231338501,-0.6523807048797607,-0.04625885188579559,-0.7902053594589233,-0.1160118356347084,-0.9451026916503906,-0.13065117597579956,-0.6191208958625793,-0.09325207769870758,-0.5334291458129883,0.12120998650789261,-0.7326410412788391,0.015227074734866619,-0.8139092922210693,-0.010374373756349087,-0.5875157713890076,0.032437603920698166,-0.5218483805656433
open_palm,0.0,0.0,-0.2072899341583252,-0.2268332690000534,-0.3389265835285187,-0.5574464797973633,-0.31906288862228394,-0.8449008464813232,-0.22173091769218445,-1.0,-0.2630392611026764,-0.7143296599388123,-0.32992514967918396,-0.8722035884857178,-0.3218802809715271,-0.7698367834091187,-0.28704318404197693,-0.7756099700927734,-0.15115006268024445,-0.7384129762649536,-0.21810463070869446,-0.9145746827125549,-0.21897391974925995,-0.7683678865432739,-0.18939802050590515,-0.7652893662452698,-0.020837903022766113,-0.7478644251823425,-0.09258496761322021,-0.9145011305809021,-0.10605992376804352,-0.751158595085144,-0.08094208687543869,-0.7294466495513916,0.12510430812835693,-0.7355679273605347,0.03898691013455391,-0.9131331443786621,0.012791302986443043,-0.7763016819953918,0.03355301171541214,-0.7264435291290283
open_palm,0.0,0.0,-0.19547902047634125,-0.07575851678848267,-0.31651201844215393,-0.3614320158958435,-0.3111216723918915,-0.6011652946472168,-0.19949568808078766,-0.6495475769042969,-0.19028162956237793,-0.8044441938400269,-0.17897742986679077,-1.0,-0.16284745931625366,-0.7588271498680115,-0.13387325406074524,-0.6388673186302185,0.02141350880265236,-0.832591712474823,0.06291642040014267,-0.8326013684272766,0.04321861267089844,-0.5011754631996155,0.03535629063844681,-0.4389587938785553,0.19871774315834045,-0.7911035418510437,0.23078672587871552,-0.7306532859802246,0.17890234291553497,-0.42625880241394043,0.15562862157821655,-0.3752322793006897,0.337402880191803,-0.7202926278114319,0.3766724169254303,-0.6558709144592285,0.3495357632637024,-0.4330693185329437,0.3366389572620392,-0.3696537911891937
open_palm,0.0,0.0,-0.16812962293624878,-0.07649128884077072,-0.2762397825717926,-0.3825244605541229,-0.19325442612171173,-0.6440644264221191,-0.005124111659824848,-0.7484739422798157,-0.26286783814430237,-0.8074008226394653,-0.3544572591781616,-1.0,-0.3346419036388397,-0.7499486207962036,-0.27965086698532104,-0.6504972577095032,-0.07229823619127274,-0.8370791673660278,-0.12726420164108276,-0.9271105527877808,-0.12385573983192444,-0.5666257739067078,-0.07377655804157257,-0.5071545839309692,0.11279983818531036,-0.7991748452186584,0.06138072907924652,-0.8084527850151062,0.020637327805161476,-0.4738259017467499,0.05400400608778,-0.4266097843647003,0.28154101967811584,-0.7171894311904907,0.22000104188919067,-0.6920269131660461,0.18592138588428497,-0.45858702063560486,0.21863491833209991,-0.4116423428058624
open_palm,0.0,0.0,-0.22282682359218597,-0.17576763033866882,-0.37111735343933105,-0.47207728028297424,-0.33185094594955444,-0.7228800654411316,-0.22137399017810822,-0.8730679154396057,-0.31613895297050476,-0.8041369915008545,-0.43999776244163513,-0.9717690348625183,-0.4323168694972992,-0.7517178058624268,-0.3673814535140991,-0.6820238828659058,-0.168093740940094,-0.8284650444984436,-0.2657223641872406,-1.0,-0.2623400390148163,-0.7161133885383606,-0.20476305484771729,-0.6571812629699707,-0.01418348215520382,-0.8109434247016907,-0.11872100085020065,-0.9132081866264343,-0.12973454594612122,-0.5913729667663574,-0.07270211726427078,-0.5211302638053894,0.14484211802482605,-0.7473047971725464,0.022948024794459343,-0.807543933391571,0.0016636925283819437,-0.5749306082725525,0.05509823560714722,-0.5117980241775513
open_palm,0.0,0.0,-0.20943845808506012,-0.16674022376537323,-0.3469298481941223,-0.47364872694015503,-0.2844598889350891,-0.7325977087020874,-0.15645107626914978,-0.8644928932189941,-0.3303496837615967,-0.7610247135162354,-0.42319002747535706,-0.9338578581809998,-0.40974703431129456,-0.7571151852607727,-0.3515312373638153,-0.6816866397857666,-0.18497349321842194,-0.7933244109153748,-0.2535049021244049,-1.0,-0.2535591423511505,-0.7519078850746155,-0.21121574938297272,-0.6685045957565308,-0.03151321038603783,-0.7769427299499512,-0.09766089916229248,-0.9123133420944214,-0.11878541857004166,-0.6106535792350769,-0.08581642061471939,-0.5128652453422546,0.12776678800582886,-0.7102275490760803,0.03500334545969963,-0.8136582970619202,0.008595052175223827,-0.5994047522544861,0.047568660229444504,-0.5215000510215759
open_palm,0.0,0.0,-0.17903117835521698,-0.0630762130022049,-0.27675116062164307,-0.38557329773902893,-0.21658116579055786,-0.6397073864936829,-0.03981751576066017,-0.7358789443969727,-0.23087765276432037,-0.8189964294433594,-0.2264256328344345,-1.0,-0.22079938650131226,-0.6768970489501953,-0.19512468576431274,-0.5812979340553284,-0.008430805057287216,-0.8532423973083496,-0.002615635748952627,-0.9182207584381104,-0.020931953564286232,-0.5032463669776917,-8.912604243960232e-05,-0.4549075663089752,0.1874503791332245,-0.8063403964042664,0.1800825297832489,-0.8046754002571106,0.12247948348522186,-0.41211241483688354,0.12611731886863708,-0.36802858114242554,0.341844767332077,-0.722144365310669,0.31776121258735657,-0.6442183256149292,0.28843140602111816,-0.3778689205646515,0.3085513114929199,-0.3344646990299225
open_palm,0.0,0.0,-0.1862116903066635,-0.08316492289304733,-0.33177462220191956,-0.4319296181201935,-0.34796780347824097,-0.7098287343978882,-0.20794209837913513,-0.8242601752281189,-0.20827506482601166,-0.8062310814857483,-0.2258382886648178,-1.0,-0.2502621114253998,-0.7197521924972534,-0.23116981983184814,-0.632880687713623,-0.025048844516277313,-0.8123525381088257,-0.058168742805719376,-0.8844220042228699,-0.1008928045630455,-0.5136962532997131,-0.07300093024969101,-0.4907497763633728,0.15438668429851532,-0.7642953991889954,0.10817743837833405,-0.7740474939346313,0.03722657635807991,-0.4280235171318054,0.05787850543856621,-0.3951086401939392,0.32113441824913025,-0.6914255619049072,0.25906795263290405,-0.6631024479866028,0.21039022505283356,-0.42109525203704834,0.237758070230484,-0.37421587109565735
open_palm,0.0,0.0,-0.2105240374803543,-0.1364210844039917,-0.41914254426956177,-0.5205433964729309,-0.5486149191856384,-0.7860240340232849,-0.4876522719860077,-0.8364257216453552,-0.14563699066638947,-0.6918124556541443,-0.17308905720710754,-1.0,-0.22859004139900208,-0.7728158235549927,-0.21391607820987701,-0.6372007131576538,0.07681278139352798,-0.6659094095230103,0.07969772070646286,-0.7890479564666748,0.03490978479385376,-0.47220826148986816,0.05117233470082283,-0.3453538715839386,0.26477259397506714,-0.6214460730552673,0.25661611557006836,-0.6803457140922546,0.1966024488210678,-0.3700484037399292,0.20355384051799774,-0.24843570590019226,0.42486128211021423,-0.5669450163841248,0.4149665832519531,-0.5680341124534607,0.3915969133377075,-0.32586434483528137,0.41226664185523987,-0.20128266513347626
open_palm,0.0,0.0,-0.2319752275943756,-0.08939550817012787,-0.41677185893058777,-0.40326598286628723,-0.3777456283569336,-0.7127560973167419,-0.25738781690597534,-0.8881238102912903,-0.3981292247772217,-0.7567404508590698,-0.5111255645751953,-0.9541480541229248,-0.5203897953033447,-0.911443293094635,-0.5096051096916199,-0.8864148855209351,-0.23307828605175018,-0.8231028318405151,-0.3266114890575409,-1.0,-0.2976393401622772,-0.7159172892570496,-0.2420031726360321,-0.6504348516464233,-0.05924009531736374,-0.822308361530304,-0.1429075002670288,-0.8958495259284973,-0.14026746153831482,-0.5752005577087402,-0.09098262339830399,-0.5137426257133484,0.12344375252723694,-0.7721722722053528,0.015202352777123451,-0.814853847026825,-0.006282315589487553,-0.5787068009376526,0.03405667468905449,-0.5264478921890259
open_palm,0.0,0.0,-0.20989830791950226,-0.10457723587751389,-0.3827880322933197,-0.43622174859046936,-0.3752547800540924,-0.7276664972305298,-0.22982271015644073,-0.8790490031242371,-0.22920474410057068,-0.8073504567146301,-0.31386131048202515,-1.0,-0.33019202947616577,-0.7140985131263733,-0.2844546437263489,-0.6246036291122437,-0.06251902133226395,-0.8040990829467773,-0.14074242115020752,-0.9388652443885803,-0.16681592166423798,-0.579612672328949,-0.11972958594560623,-0.5232365131378174,0.10958806425333023,-0.7653028964996338,0.02392031066119671,-0.8570746183395386,-0.02538660168647766,-0.4997231364250183,0.01947183348238468,-0.42815402150154114,0.27862948179244995,-0.6891202926635742,0.1804511845111847,-0.7534747123718262,0.13922327756881714,-0.5083436369895935,0.1866697072982788,-0.4352802336215973
closed_fist,0.0,0.0,-0.22279563546180725,-0.1471889466047287,-0.4285033941268921,-0.4828494191169739,-0.4328213632106781,-0.7763784527778625,-0.291969895362854,-0.9280374646186829,-0.31632736325263977,-0.887820303440094,-0.45354294776916504,-1.0,-0.41611161828041077,-0.7533608078956604,-0.3531952202320099,-0.673017144203186,-0.17838996648788452,-0.916418194770813,-0.32104721665382385,-0.9988042116165161,-0.2810491919517517,-0.6690508127212524,-0.20852278172969818,-0.628269612789154,-0.03397559002041817,-0.902752161026001,-0.18304526805877686,-0.9644027948379517,-0.17325682938098907,-0.6240959167480469,-0.09835976362228394,-0.5762414336204529,0.12322785705327988,-0.8497596979141235,-0.049415428191423416,-0.8851092457771301,-0.05858483910560608,-0.6365600228309631,0.01566944271326065,-0.5964565277099609
closed_fist,0.0,0.0,-0.22633326053619385,-0.12435535341501236,-0.43603238463401794,-0.45623186230659485,-0.43261846899986267,-0.7642177939414978,-0.28701257705688477,-0.9078788161277771,-0.3446226418018341,-0.8794769048690796,-0.459666907787323,-1.0,-0.4110367000102997,-0.7349539399147034,-0.3598535656929016,-0.6317942142486572,-0.18806804716587067,-0.9120844602584839,-0.31162726879119873,-0.9915151000022888,-0.2599004805088043,-0.6489529609680176,-0.19665665924549103,-0.6015515327453613,-0.025451557710766792,-0.8915082812309265,-0.14913266897201538,-0.9236876368522644,-0.13283120095729828,-0.5854460597038269,-0.07070373743772507,-0.5431649088859558,0.14971265196800232,-0.8290294408798218,0.00011055649520130828,-0.8443008065223694,-0.005090003367513418,-0.6061905026435852,0.054426610469818115,-0.5781229138374329
closed_fist,0.0,0.0,-0.2284909337759018,-0.15027552843093872,-0.4062826335430145,-0.46692851185798645,-0.3715743124485016,-0.7542048692703247,-0.23105880618095398,-0.8909327983856201,-0.3377368152141571,-0.8810263276100159,-0.45883554220199585,-1.0,-0.4300215244293213,-0.7366265654563904,-0.36024314165115356,-0.6791999340057373,-0.18105079233646393,-0.9094831347465515,-0.2945036292076111,-0.9910312294960022,-0.2664596736431122,-0.6723122596740723,-0.19405777752399445,-0.6496910452842712,-0.022058377042412758,-0.8826960921287537,-0.13097402453422546,-0.9179116487503052,-0.1323430985212326,-0.5982899069786072,-0.06584480404853821,-0.5637445449829102,0.1402008831501007,-0.8116148114204407,0.01459809672087431,-0.825293779373169,-0.0008447779109701514,-0.6024059057235718,0.061001963913440704,-0.5744491815567017
closed_fist,0.0,0.0,-0.28973838686943054,-0.1427234560251236,-0.5320801138877869,-0.496933251619339,-0.6441212296485901,-0.7188016772270203,-0.5670408010482788,-0.8029934167861938,-0.14199267327785492,-0.8193781971931458,-0.04023653641343117,-0.8452979922294617,-0.03101276606321335,-0.5200334787368774,-0.006197701208293438,-0.33423441648483276,0.21197184920310974,-0.755876898765564,0.31221258640289307,-0.631815493106842,0.3301967978477478,-0.22645188868045807,0.3496851921081543,-0.021410886198282242,0.500096321105957,-0.6520991325378418,0.6164987683296204,-0.5699722170829773,0.6346717476844788,-0.14116781949996948,0.6323569416999817,0.10427392274141312,0.7122305631637573,-0.5427180528640747,0.8829549551010132,-0.4280990660190582,0.9551782011985779,-0.10863906145095825,1.0,0.09594602137804031
closed_fist,0.0,0.0,-0.28973838686943054,-0.1427234560251236,-0.5320801138877869,-0.496933251619339,-0.6441212296485901,-0.7188016772270203,-0.5670408010482788,-0.8029934167861938,-0.14199267327785492,-0.8193781971931458,-0.04023653641343117,-0.8452979922294617,-0.03101276606321335,-0.5200334787368774,-0.006197701208293438,-0.33423441648483276,0.21197184920310974,-0.755876898765564,0.31221258640289307,-0.631815493106842,0.3301967978477478,-0.22645188868045807,0.3496851921081543,-0.021410886198282242,0.500096321105957,-0.6520991325378418,0.6164987683296204,-0.5699722170829773,0.6346717476844788,-0.14116781949996948,0.6323569416999817,0.10427392274141312,0.7122305631637573,-0.5427180528640747,0.8829549551010132,-0.4280990660190582,0.9551782011985779,-0.10863906145095825,1.0,0.09594602137804031
closed_fist,0.0,0.0,-0.22620567679405212,-0.10777680575847626,-0.45178577303886414,-0.44239941239356995,-0.45644110441207886,-0.770608127117157,-0.30408990383148193,-0.9405143857002258,-0.39427417516708374,-0.8498435616493225,-0.516886830329895,-0.9740718603134155,-0.48599866032600403,-0.7642859220504761,-0.4444390833377838,-0.736086905002594,-0.22589491307735443,-0.9131801128387451,-0.3541908860206604,-1.0,-0.30631133913993835,-0.6734338998794556,-0.24701446294784546,-0.6684369444847107,-0.05023251101374626,-0.9055171608924866,-0.1747688204050064,-0.9639974236488342,-0.14619915187358856,-0.6095231771469116,-0.08152520656585693,-0.5741485953330994,0.13530220091342926,-0.856330394744873,-0.0027442879509180784,-0.8800719976425171,0.00125576660502702,-0.6198002099990845,0.06425327062606812,-0.5846757292747498
closed_fist,0.0,0.0,-0.21776141226291656,-0.1506025195121765,-0.4106639325618744,-0.44494548439979553,-0.40150007605552673,-0.7371232509613037,-0.24835675954818726,-0.8640984296798706,-0.36851006746292114,-0.8411723971366882,-0.5011342167854309,-0.9867021441459656,-0.45045244693756104,-0.7180060744285583,-0.3740239441394806,-0.6431326270103455,-0.20895174145698547,-0.8784468173980713,-0.32668203115463257,-1.0,-0.28836050629615784,-0.6745763421058655,-0.22917142510414124,-0.6352430582046509,-0.04496360197663307,-0.8608328700065613,-0.15832050144672394,-0.9271734356880188,-0.1490587294101715,-0.5886638164520264,-0.09292371571063995,-0.5287681818008423,0.12569652497768402,-0.7983899712562561,-0.004823095165193081,-0.8348210453987122,-0.01723914034664631,-0.5968549847602844,0.03147604689002037,-0.5447040796279907
closed_fist,0.0,0.0,-0.23373965919017792,-0.11798684298992157,-0.45341455936431885,-0.45732423663139343,-0.4588088095188141,-0.7763938903808594,-0.3035159409046173,-0.9264862537384033,-0.3540726602077484,-0.8696213960647583,-0.4804648756980896,-0.9836913347244263,-0.4326527714729309,-0.7494528293609619,-0.3746989369392395,-0.697792112827301,-0.19691267609596252,-0.9124958515167236,-0.33695855736732483,-1.0,-0.28306177258491516,-0.6699444055557251,-0.21472537517547607,-0.6641800403594971,-0.03823854774236679,-0.9008655548095703,-0.18175271153450012,-0.9640176892280579,-0.15506364405155182,-0.6203699707984924,-0.07869995385408401,-0.5958026647567749,0.1398521065711975,-0.8459606170654297,-0.020371388643980026,-0.8870492577552795,-0.015800869092345238,-0.636062741279602,0.053908634930849075,-0.606333315372467
closed_fist,0.0,0.0,-0.218679279088974,-0.1283419132232666,-0.40991470217704773,-0.415690541267395,-0.3820747137069702,-0.7106841802597046,-0.24409370124340057,-0.8611950874328613,-0.37209296226501465,-0.8342287540435791,-0.4980340003967285,-0.9805795550346375,-0.43836578726768494,-0.7230163216590881,-0.36706650257110596,-0.623630702495575,-0.20934495329856873,-0.8788153529167175,-0.3236279785633087,-1.0,-0.28331705927848816,-0.6733962297439575,-0.22944357991218567,-0.6146441102027893,-0.04437810555100441,-0.8639639616012573,-0.15098823606967926,-0.9036884307861328,-0.14425818622112274,-0.5746228098869324,-0.09181298315525055,-0.5145352482795715,0.12690122425556183,-0.7986779808998108,-0.0038756937719881535,-0.8058711290359497,-0.012468386441469193,-0.5773004293441772,0.04091640189290047,-0.5381612181663513
closed_fist,0.0,0.0,-0.23198945820331573,-0.12862439453601837,-0.42214325070381165,-0.4530945420265198,-0.3866034746170044,-0.7612628936767578,-0.23324397206306458,-0.8946310877799988,-0.35440564155578613,-0.8652230501174927,-0.4877604842185974,-1.0,-0.44637608528137207,-0.7365822196006775,-0.3673258423805237,-0.6707806587219238,-0.19628529250621796,-0.9026225805282593,-0.32121047377586365,-0.9934031367301941,-0.2909943759441376,-0.6732610464096069,-0.22118964791297913,-0.6465247869491577,-0.0371522456407547,-0.8825053572654724,-0.15534599125385284,-0.9087522625923157,-0.15420474112033844,-0.5787158012390137,-0.08704712241888046,-0.5384775996208191,0.12946437299251556,-0.8152299523353577,-0.005122859496623278,-0.8317461013793945,-0.019023509696125984,-0.5955143570899963,0.043599896132946014,-0.5566493272781372
closed_fist,0.0,0.0,-0.22769717872142792,-0.1443062573671341,-0.4133937954902649,-0.47732609510421753,-0.38325026631355286,-0.774021327495575,-0.20617912709712982,-0.8907304406166077,-0.3359864056110382,-0.8898119330406189,-0.45664674043655396,-1.0,-0.4348589777946472,-0.7356521487236023,-0.36676865816116333,-0.6750580072402954,-0.1712569296360016,-0.9225012063980103,-0.28943896293640137,-0.9893003106117249,-0.27448737621307373,-0.6557948589324951,-0.21251709759235382,-0.6316277384757996,-0.011726954951882362,-0.8980969190597534,-0.1307528167963028,-0.9273932576179504,-0.14032898843288422,-0.5909217596054077,-0.07415845990180969,-0.534275233745575,0.1569998860359192,-0.82615727186203,0.018228279426693916,-0.8642426133155823,-0.0025411383248865604,-0.6240477561950684,0.055874887853860855,-0.5712324976921082
closed_fist,0.0,0.0,-0.22353306412696838,-0.15143121778964996,-0.39380553364753723,-0.47775909304618835,-0.35740625858306885,-0.753451943397522,-0.2130742371082306,-0.8855283260345459,-0.3304707705974579,-0.893050491809845,-0.46516427397727966,-0.9986563324928284,-0.4343304932117462,-0.7366112470626831,-0.356944739818573,-0.6903077363967896,-0.17317284643650055,-0.9233116507530212,-0.29857951402664185,-1.0,-0.27897483110427856,-0.6760124564170837,-0.20881438255310059,-0.6680639982223511,-0.013070757500827312,-0.8987481594085693,-0.12945030629634857,-0.9182567000389099,-0.13719803094863892,-0.587397038936615,-0.06874643266201019,-0.5588882565498352,0.1503782719373703,-0.8315439820289612,0.023038096725940704,-0.8397151231765747,0.00287069589830935,-0.6043314337730408,0.06248132139444351,-0.574296236038208
closed_fist,0.0,0.0,-0.22353306412696838,-0.15143121778964996,-0.39380553364753723,-0.47775909304618835,-0.35740625858306885,-0.753451943397522,-0.2130742371082306,-0.8855283260345459,-0.3304707705974579,-0.893050491809845,-0.46516427397727966,-0.9986563324928284,-0.4343304932117462,-0.7366112470626831,-0.356944739818573,-0.6903077363967896,-0.17317284643650055,-0.9233116507530212,-0.29857951402664185,-1.0,-0.27897483110427856,-0.6760124564170837,-0.20881438255310059,-0.6680639982223511,-0.013070757500827312,-0.8987481594085693,-0.12945030629634857,-0.9182567000389099,-0.13719803094863892,-0.587397038936615,-0.06874643266201019,-0.5588882565498352,0.1503782719373703,-0.8315439820289612,0.023038096725940704,-0.8397151231765747,0.00287069589830935,-0.6043314337730408,0.06248132139444351,-0.574296236038208
closed_fist,0.0,0.0,-0.21991220116615295,-0.12227189540863037,-0.4214722812175751,-0.4347590208053589,-0.40299201011657715,-0.7375264167785645,-0.25253814458847046,-0.8784896731376648,-0.35867446660995483,-0.8743345141410828,-0.47350186109542847,-0.9965623617172241,-0.4203997850418091,-0.7206813097000122,-0.35393109917640686,-0.6378189325332642,-0.1971130520105362,-0.9123554229736328,-0.3159547448158264,-1.0,-0.2756997346878052,-0.654283344745636,-0.22031082212924957,-0.6063997745513916,-0.039587412029504776,-0.8873647451400757,-0.16101199388504028,-0.900730311870575,-0.15365679562091827,-0.5597819685935974,-0.09252186119556427,-0.5004610419273376,0.12635695934295654,-0.8127304315567017,-0.021957429125905037,-0.8011185526847839,-0.03181120380759239,-0.557731568813324,0.02693849615752697,-0.5169251561164856
closed_fist,0.0,0.0,-0.22086483240127563,-0.16311965882778168,-0.40641000866889954,-0.4413398206233978,-0.39082086086273193,-0.7334920167922974,-0.2555624842643738,-0.9008113145828247,-0.360657274723053,-0.8417343497276306,-0.48390883207321167,-1.0,-0.4371451437473297,-0.7273997664451599,-0.3618409037590027,-0.6373834013938904,-0.20536328852176666,-0.8823022246360779,-0.3217981159687042,-0.9998718500137329,-0.29388296604156494,-0.6761168837547302,-0.22767680883407593,-0.6367560625076294,-0.05118595436215401,-0.8669639229774475,-0.15761031210422516,-0.9083017706871033,-0.15625838935375214,-0.5878627896308899,-0.09055358171463013,-0.5457421541213989,0.11092516779899597,-0.8041703104972839,-0.017994502559304237,-0.8067165613174438,-0.028024889528751373,-0.590096652507782,0.02979581616818905,-0.5624392628669739
closed_fist,0.0,0.0,-0.2164953351020813,-0.13947291672229767,-0.4136871099472046,-0.44203758239746094,-0.39667174220085144,-0.7462217807769775,-0.2416306436061859,-0.8922750353813171,-0.37322965264320374,-0.8692107796669006,-0.49667274951934814,-0.9848573207855225,-0.4297527074813843,-0.7131752967834473,-0.35663166642189026,-0.6288965940475464,-0.20770657062530518,-0.9161753058433533,-0.3313682973384857,-1.0,-0.28836774826049805,-0.667482852935791,-0.22885264456272125,-0.6337317228317261,-0.04241234064102173,-0.8888331651687622,-0.1565275490283966,-0.8961054086685181,-0.14237439632415771,-0.565623939037323,-0.08003231883049011,-0.5311317443847656,0.1270512193441391,-0.8146767616271973,-0.010554026812314987,-0.8021935224533081,-0.019452549517154694,-0.5687311887741089,0.0336013063788414,-0.5440998077392578
closed_fist,0.0,0.0,-0.21905995905399323,-0.15812572836875916,-0.39756086468696594,-0.4402434825897217,-0.3686155080795288,-0.717280387878418,-0.22660383582115173,-0.8551838397979736,-0.3428210914134979,-0.8319306373596191,-0.4754037857055664,-0.9811640977859497,-0.42487242817878723,-0.7109260559082031,-0.3521295189857483,-0.6323381662368774,-0.18943390250205994,-0.8668236136436462,-0.3141110837459564,-1.0,-0.2790951430797577,-0.6657960414886475,-0.21856524050235748,-0.6199855208396912,-0.032668497413396835,-0.8465955257415771,-0.14306820929050446,-0.889248251914978,-0.13790318369865417,-0.560677707195282,-0.07400768995285034,-0.513434648513794,0.13306139409542084,-0.7781422734260559,0.0023971260525286198,-0.8058231472969055,-0.009140342473983765,-0.57634437084198,0.047470830380916595,-0.5368216633796692
closed_fist,0.0,0.0,-0.22575555741786957,-0.11388350278139114,-0.43197667598724365,-0.42192813754081726,-0.4238537847995758,-0.7319499850273132,-0.28334754705429077,-0.8951848149299622,-0.37717702984809875,-0.887420117855072,-0.49694937467575073,-1.0,-0.44949737191200256,-0.7325510382652283,-0.3921360969543457,-0.6514580845832825,-0.2146276980638504,-0.9277400970458984,-0.34001830220222473,-0.9846402406692505,-0.2865076959133148,-0.632330596446991,-0.21763649582862854,-0.6016273498535156,-0.04917865991592407,-0.9021458029747009,-0.16776953637599945,-0.900486409664154,-0.14513829350471497,-0.5540724396705627,-0.07185285538434982,-0.5177702307701111,0.12713828682899475,-0.8319433927536011,-0.016850579530000687,-0.8158682584762573,-0.01979728788137436,-0.5698938369750977,0.044452566653490067,-0.549000084400177
closed_fist,0.0,0.0,-0.2278028130531311,-0.10557689517736435,-0.43237659335136414,-0.42874109745025635,-0.4146564304828644,-0.7447018623352051,-0.26983383297920227,-0.8922839760780334,-0.38480082154273987,-0.8517436385154724,-0.508228600025177,-0.9972331523895264,-0.46083056926727295,-0.7576845288276672,-0.39999544620513916,-0.6725372672080994,-0.2255663275718689,-0.8935856223106384,-0.3453305959701538,-1.0,-0.29718637466430664,-0.6612728834152222,-0.2370387762784958,-0.6197202205657959,-0.06434472650289536,-0.8747840523719788,-0.17305445671081543,-0.9133400917053223,-0.159816712141037,-0.5695867538452148,-0.09545455873012543,-0.5281952619552612,0.10924261063337326,-0.8102620244026184,-0.021941859275102615,-0.8383792042732239,-0.029920032247900963,-0.5939928293228149,0.027356188744306564,-0.5640777945518494
closed_fist,0.0,0.0,-0.22291329503059387,-0.108799047768116,-0.4240592420101166,-0.44488662481307983,-0.4039567708969116,-0.7523764371871948,-0.2587238848209381,-0.8868417143821716,-0.34904593229293823,-0.8827020525932312,-0.46235761046409607,-1.0,-0.4260137379169464,-0.7324226498603821,-0.37601134181022644,-0.6427674293518066,-0.19100183248519897,-0.9153151512145996,-0.310131698846817,-0.9873482584953308,-0.2752450108528137,-0.631424069404602,-0.2227446734905243,-0.5827717781066895,-0.03628150001168251,-0.8879285454750061,-0.15616901218891144,-0.920909583568573,-0.15362447500228882,-0.5749845504760742,-0.09647680819034576,-0.5082724690437317,0.12853501737117767,-0.8141424655914307,-0.0171542726457119,-0.8390355706214905,-0.030966399237513542,-0.5939945578575134,0.025172483175992966,-0.548283576965332
closed_fist,0.0,0.0,-0.23874332010746002,-0.1354072391986847,-0.42890650033950806,-0.45691192150115967,-0.38310492038726807,-0.7535731196403503,-0.227435901761055,-0.8796849846839905,-0.341158926486969,-0.8947597742080688,-0.4782430827617645,-1.0,-0.4369826018810272,-0.7208518385887146,-0.35775578022003174,-0.65591961145401,-0.18335403501987457,-0.9257693290710449,-0.3157597780227661,-0.992824375629425,-0.2874716818332672,-0.6579169631004333,-0.21687020361423492,-0.6313832998275757,-0.028656553477048874,-0.896744430065155,-0.1520063430070877,-0.8943163156509399,-0.15599973499774933,-0.5666587352752686,-0.08719325810670853,-0.5325104594230652,0.13353824615478516,-0.8189840912818909,-0.00963583867996931,-0.8108394145965576,-0.02827990986406803,-0.5798494815826416,0.03393549472093582,-0.551643967628479
closed_fist,0.0,0.0,-0.22272972762584686,-0.1376093626022339,-0.4535561203956604,-0.45445582270622253,-0.4546637237071991,-0.7575246691703796,-0.29848262667655945,-0.9095155596733093,-0.3789229393005371,-0.8254626393318176,-0.47705596685409546,-0.9581467509269714,-0.42690446972846985,-0.7576558589935303,-0.36923715472221375,-0.7201882004737854,-0.2118215709924698,-0.873928427696228,-0.3260723650455475,-1.0,-0.27571943402290344,-0.6918334364891052,-0.20617635548114777,-0.675266444683075,-0.03986083343625069,-0.8706724047660828,-0.15222303569316864,-0.9724041223526001,-0.12556935846805573,-0.6522147059440613,-0.06342989206314087,-0.6183488368988037,0.14614611864089966,-0.8283137083053589,0.022420968860387802,-0.9002074599266052,0.024454616010189056,-0.6612748503684998,0.07828844338655472,-0.6237249374389648
closed_fist,0.0,0.0,-0.23521094024181366,-0.1273985654115677,-0.46010228991508484,-0.44341883063316345,-0.45306330919265747,-0.7506871223449707,-0.2990534007549286,-0.897504448890686,-0.3837786316871643,-0.8703916072845459,-0.5192685723304749,-0.9858246445655823,-0.46739861369132996,-0.7473381757736206,-0.3999057710170746,-0.6626181602478027,-0.2152252495288849,-0.9194648265838623,-0.34867748618125916,-1.0,-0.29777848720550537,-0.674254298210144,-0.2288292497396469,-0.6288702487945557,-0.03918304666876793,-0.9069647789001465,-0.1718791127204895,-0.9466281533241272,-0.1511475145816803,-0.6020665764808655,-0.09004227072000504,-0.5543075203895569,0.14508377015590668,-0.8476608395576477,-0.013891767710447311,-0.8435018062591553,-0.01566183753311634,-0.58759605884552,0.0460963137447834,-0.5512943267822266
closed_fist,0.0,0.0,-0.234988272190094,-0.10598327964544296,-0.46273818612098694,-0.4306669235229492,-0.4653874337673187,-0.7554376125335693,-0.3085673451423645,-0.9273380637168884,-0.3906603753566742,-0.8943262696266174,-0.5145496726036072,-1.0,-0.44809746742248535,-0.7197363972663879,-0.38038262724876404,-0.6410107016563416,-0.221781387925148,-0.9468035101890564,-0.3589564859867096,-0.9849221706390381,-0.29403001070022583,-0.6296613216400146,-0.22687770426273346,-0.606723964214325,-0.05422963574528694,-0.9313588738441467,-0.1871434599161148,-0.9318015575408936,-0.16133229434490204,-0.5746003985404968,-0.09384781867265701,-0.5446666479110718,0.126704141497612,-0.8698666095733643,-0.028126802295446396,-0.8547605276107788,-0.03266393020749092,-0.595272421836853,0.024535559117794037,-0.5709114670753479
closed_fist,0.0,0.0,-0.21219795942306519,-0.11323489993810654,-0.43117445707321167,-0.4800959527492523,-0.4311584234237671,-0.7890948057174683,-0.2989274859428406,-0.9509627223014832,-0.3218555748462677,-0.8922860026359558,-0.44553545117378235,-0.9843471646308899,-0.42399075627326965,-0.7695848941802979,-0.3807026147842407,-0.7450783252716064,-0.18429173529148102,-0.9296190142631531,-0.3241969048976898,-1.0,-0.2882589101791382,-0.6790977716445923,-0.21293088793754578,-0.6726091504096985,-0.03601211681962013,-0.9269195199012756,-0.1789197027683258,-0.9721335768699646,-0.1678781807422638,-0.642922580242157,-0.0930481106042862,-0.6163434386253357,0.13114462792873383,-0.8915641903877258,-0.03594721853733063,-0.8980254530906677,-0.0369272343814373,-0.6501369476318359,0.0398746058344841,-0.6261115074157715
closed_fist,0.0,0.0,-0.2470114529132843,-0.09327838569879532,-0.4657675325870514,-0.45303431153297424,-0.4572199583053589,-0.7879539728164673,-0.2943888008594513,-0.9458844661712646,-0.37632253766059875,-0.8706806302070618,-0.4743752181529999,-1.0,-0.4390239119529724,-0.7564610838890076,-0.3994421660900116,-0.6742534637451172,-0.21173842251300812,-0.9215425252914429,-0.30867642164230347,-0.9968881607055664,-0.26484060287475586,-0.6450383067131042,-0.20997536182403564,-0.5975976586341858,-0.04138102009892464,-0.9150897264480591,-0.156211718916893,-0.9470386505126953,-0.14142277836799622,-0.588187575340271,-0.08332502096891403,-0.5380242466926575,0.13532643020153046,-0.8670977354049683,-0.019371304661035538,-0.8690037727355957,-0.01534563209861517,-0.6139668822288513,0.052999336272478104,-0.572052538394928
closed_fist,0.0,0.0,-0.2302255630493164,-0.10998004674911499,-0.43585872650146484,-0.44073107838630676,-0.42960816621780396,-0.7393969893455505,-0.2804535925388336,-0.8704174160957336,-0.3216160237789154,-0.8552279472351074,-0.43657317757606506,-1.0,-0.3958187699317932,-0.7407544851303101,-0.3467881679534912,-0.6413079500198364,-0.1762516051530838,-0.8894603848457336,-0.305302232503891,-0.9690936803817749,-0.26302698254585266,-0.6327069997787476,-0.2033015340566635,-0.5834848880767822,-0.02735535427927971,-0.8798129558563232,-0.16217370331287384,-0.9178058505058289,-0.15070068836212158,-0.5896148085594177,-0.08722967654466629,-0.5351114273071289,0.13351787626743317,-0.8308843374252319,-0.026461835950613022,-0.8381531834602356,-0.026095377281308174,-0.602202832698822,0.043930236250162125,-0.5605173110961914
closed_fist,0.0,0.0,-0.2110534906387329,-0.1341647058725357,-0.4078565239906311,-0.437262624502182,-0.38956794142723083,-0.7295724153518677,-0.22404325008392334,-0.8545452356338501,-0.3395918607711792,-0.8835359215736389,-0.4640008807182312,-1.0,-0.4238170385360718,-0.7169636487960815,-0.34206894040107727,-0.6427290439605713,-0.18136821687221527,-0.9117138385772705,-0.30465197563171387,-0.9803422093391418,-0.2758558690547943,-0.6558415293693542,-0.20479120314121246,-0.6211491823196411,-0.02609594166278839,-0.8875503540039062,-0.1455816775560379,-0.89836186170578,-0.1393127292394638,-0.5794798731803894,-0.06949679553508759,-0.5338331460952759,0.1350763440132141,-0.819525957107544,-0.008122353814542294,-0.8141294717788696,-0.009675545617938042,-0.5957676768302917,0.05914176627993584,-0.5621707439422607
closed_fist,0.0,0.0,-0.15776756405830383,-0.16097763180732727,-0.20057278871536255,-0.4144935607910156,-0.022988256067037582,-0.5767008662223816,0.26739367842674255,-0.6472450494766235,-0.10325887799263,-0.9794045686721802,0.10232505947351456,-0.9309239387512207,0.15292014181613922,-0.5559312105178833,0.18287527561187744,-0.36463505029678345,0.1576373428106308,-1.0,0.3668818473815918,-0.8677676916122437,0.40850692987442017,-0.4356319010257721,0.42800194025039673,-0.2521902620792389,0.37779441475868225,-0.9353055357933044,0.5660387277603149,-0.8487088084220886,0.5954504609107971,-0.4245735704898834,0.5938023328781128,-0.21996843814849854,0.5516219139099121,-0.8216707706451416,0.6810525059700012,-0.7270756959915161,0.6985132694244385,-0.41343286633491516,0.6987850069999695,-0.23912639915943146
closed_fist,0.0,0.0,-0.23427969217300415,-0.11565522849559784,-0.4543854892253876,-0.44388091564178467,-0.4523119628429413,-0.7518870830535889,-0.29020556807518005,-0.8991140127182007,-0.3677491545677185,-0.8751081824302673,-0.5010343194007874,-0.9946379065513611,-0.47372087836265564,-0.7516141533851624,-0.43690091371536255,-0.6753257513046265,-0.2050475925207138,-0.9173713326454163,-0.36160019040107727,-1.0,-0.3209473192691803,-0.6598305702209473,-0.2594548463821411,-0.6240341067314148,-0.04445536434650421,-0.9006232619285583,-0.19364318251609802,-0.9323762655258179,-0.17334499955177307,-0.5778762102127075,-0.10310739278793335,-0.5308607220649719,0.13340236246585846,-0.8389615416526794,-0.029672062024474144,-0.8509711623191833,-0.029716279357671738,-0.6037158966064453,0.03439835086464882,-0.5739734172821045
closed_fist,0.0,0.0,-0.22527576982975006,-0.1272931843996048,-0.4233975112438202,-0.44019848108291626,-0.4068121314048767,-0.7488691210746765,-0.24999208748340607,-0.8916910886764526,-0.3733436167240143,-0.8959600925445557,-0.506416916847229,-0.9901427626609802,-0.4445668160915375,-0.702164351940155,-0.36101534962654114,-0.6322717666625977,-0.20922352373600006,-0.9371601939201355,-0.33545443415641785,-1.0,-0.29122182726860046,-0.6498487591743469,-0.2187959998846054,-0.6242045760154724,-0.04458106681704521,-0.9154307246208191,-0.15718501806259155,-0.9078455567359924,-0.1462419480085373,-0.565987765789032,-0.07873114198446274,-0.5316946506500244,0.12786827981472015,-0.8439244031906128,-0.009357533417642117,-0.8118722438812256,-0.015847070142626762,-0.5749770402908325,0.04637691378593445,-0.5555123090744019
closed_fist,0.0,0.0,-0.23869875073432922,-0.1235610842704773,-0.44425323605537415,-0.42748239636421204,-0.40395230054855347,-0.7390366792678833,-0.24913612008094788,-0.8970479965209961,-0.40465661883354187,-0.8770483136177063,-0.5282799005508423,-0.9903841614723206,-0.4609200656414032,-0.7273895740509033,-0.3847067952156067,-0.6374728679656982,-0.2323932647705078,-0.9300369620323181,-0.34764185547828674,-1.0,-0.2956632375717163,-0.6575642824172974,-0.23263193666934967,-0.6168688535690308,-0.05547691881656647,-0.9080640077590942,-0.16454486548900604,-0.9181655645370483,-0.15028411149978638,-0.5770379304885864,-0.09582970291376114,-0.5388981699943542,0.12642569839954376,-0.8302261829376221,-0.0035077971406280994,-0.8105642795562744,-0.017388412728905678,-0.5694029927253723,0.029666012153029442,-0.5460273623466492
closed_fist,0.0,0.0,-0.22875937819480896,-0.11425939947366714,-0.44238483905792236,-0.41790586709976196,-0.424373984336853,-0.7307064533233643,-0.26869136095046997,-0.8879159688949585,-0.39449653029441833,-0.8876674175262451,-0.514144778251648,-0.9957543015480042,-0.44173628091812134,-0.7140409350395203,-0.3673361837863922,-0.617625892162323,-0.22382232546806335,-0.9369058609008789,-0.3480980694293976,-1.0,-0.28705349564552307,-0.6437381505966187,-0.22359341382980347,-0.6011913418769836,-0.055548280477523804,-0.9142657518386841,-0.16981801390647888,-0.9105620980262756,-0.14813388884067535,-0.5638512969017029,-0.08736571669578552,-0.5171942710876465,0.11858083307743073,-0.8398715853691101,-0.020996252074837685,-0.8017746210098267,-0.02311532013118267,-0.5637553334236145,0.034258950501680374,-0.5432098507881165
closed_fist,0.0,0.0,-0.2192244827747345,-0.12240900099277496,-0.4212188720703125,-0.4055589735507965,-0.3947236239910126,-0.7053499221801758,-0.2414904087781906,-0.859756350517273,-0.3761417865753174,-0.8384126424789429,-0.49969878792762756,-0.9771168828010559,-0.43547990918159485,-0.6886767745018005,-0.35950344800949097,-0.5971770286560059,-0.20926180481910706,-0.8793199062347412,-0.32885152101516724,-1.0,-0.28533756732940674,-0.654172420501709,-0.22789034247398376,-0.6022859215736389,-0.04115148261189461,-0.8576244711875916,-0.15806469321250916,-0.8911626935005188,-0.14162614941596985,-0.5472750663757324,-0.08073075115680695,-0.4932815432548523,0.13236865401268005,-0.7849218249320984,-0.010269252583384514,-0.7946563363075256,-0.016376877203583717,-0.5532783269882202,0.03879759833216667,-0.511151134967804
closed_fist,0.0,0.0,-0.2760528028011322,-0.11153671890497208,-0.5082989931106567,-0.5381643176078796,-0.6431558728218079,-0.8239576816558838,-0.5937868356704712,-0.916147768497467,-0.19788995385169983,-0.8900625705718994,-0.2842450439929962,-1.0,-0.34916430711746216,-0.6768894195556641,-0.3378155529499054,-0.5596798062324524,0.04492609202861786,-0.8538652062416077,-0.05567977949976921,-0.8711212277412415,-0.12070298939943314,-0.46023181080818176,-0.08094572275876999,-0.380278617143631,0.2668837308883667,-0.7778788805007935,0.17286065220832825,-0.7847005724906921,0.08677520602941513,-0.4000518023967743,0.10040850937366486,-0.3014933168888092,0.46932747960090637,-0.6589699387550354,0.4006071984767914,-0.6526849865913391,0.32434162497520447,-0.38251760601997375,0.3314603567123413,-0.28784388303756714
closed_fist,0.0,0.0,-0.20953266322612762,-0.16121044754981995,-0.38158363103866577,-0.46289893984794617,-0.35203081369400024,-0.7280985713005066,-0.21704815328121185,-0.8678643107414246,-0.31348660588264465,-0.8837517499923706,-0.4450703263282776,-1.0,-0.41765204071998596,-0.7310834527015686,-0.34765625,-0.6638686656951904,-0.16227900981903076,-0.9096057415008545,-0.29015249013900757,-0.9846162796020508,-0.2771301865577698,-0.6652072668075562,-0.21269048750400543,-0.6376842260360718,-0.012491859495639801,-0.8784666061401367,-0.1366676241159439,-0.8955567479133606,-0.1420973837375641,-0.5766469240188599,-0.06942542642354965,-0.5374392867088318,0.14340905845165253,-0.8019828796386719,0.0034063844941556454,-0.8120226860046387,-0.011718757450580597,-0.5829324722290039,0.05351400375366211,-0.5462035536766052
closed_fist,0.0,0.0,-0.21046581864356995,-0.1253591775894165,-0.38860926032066345,-0.46525055170059204,-0.3713361322879791,-0.7487330436706543,-0.2247474193572998,-0.8562037944793701,-0.30223366618156433,-0.8915627002716064,-0.4323650896549225,-1.0,-0.41990163922309875,-0.7607092261314392,-0.3650784194469452,-0.6965713500976562,-0.15450811386108398,-0.9223856329917908,-0.28452637791633606,-0.9709904193878174,-0.26158490777015686,-0.6444540619850159,-0.19337058067321777,-0.6071258187294006,-0.0072431317530572414,-0.895128607749939,-0.13886012136936188,-0.8842840790748596,-0.13469766080379486,-0.5720039010047913,-0.0635828971862793,-0.5297691822052002,0.1440451294183731,-0.8273382186889648,-0.0029388507828116417,-0.8031149506568909,-0.009083578363060951,-0.576965868473053,0.05886850133538246,-0.5397013425827026
closed_fist,0.0,0.0,-0.20910897850990295,-0.1319718062877655,-0.3964492380619049,-0.4471345543861389,-0.38927319645881653,-0.7388278245925903,-0.23931261897087097,-0.8820464611053467,-0.34901612997055054,-0.887486457824707,-0.47086986899375916,-1.0,-0.44654351472854614,-0.7478539347648621,-0.3885427713394165,-0.6931395530700684,-0.19545257091522217,-0.9230060577392578,-0.3154918849468231,-0.9986611008644104,-0.28801941871643066,-0.6771535277366638,-0.22736474871635437,-0.6598466038703918,-0.03761958330869675,-0.8995189666748047,-0.15507249534130096,-0.8947975635528564,-0.14144869148731232,-0.5641142725944519,-0.07436589896678925,-0.528562068939209,0.12577077746391296,-0.8315764665603638,-0.00522302370518446,-0.8126732110977173,-0.013123253360390663,-0.5836461186408997,0.04547017812728882,-0.5563540458679199
closed_fist,0.0,0.0,-0.22917354106903076,-0.12505558133125305,-0.43858110904693604,-0.43955400586128235,-0.41533663868904114,-0.7500351071357727,-0.2537412643432617,-0.886150598526001,-0.3731250464916229,-0.8313643932342529,-0.5102654695510864,-0.9921377897262573,-0.4459538459777832,-0.7132540941238403,-0.3602960407733917,-0.6227749586105347,-0.21367990970611572,-0.866034746170044,-0.33242806792259216,-1.0,-0.28597572445869446,-0.6641323566436768,-0.22452320158481598,-0.607969343662262,-0.0518459677696228,-0.8453604578971863,-0.16503030061721802,-0.9262236952781677,-0.14900563657283783,-0.5901414752006531,-0.08871867507696152,-0.526088535785675,0.11971578001976013,-0.7778794169425964,-0.013684212230145931,-0.8364609479904175,-0.02369718812406063,-0.6029687523841858,0.026614679023623466,-0.5501958131790161
closed_fist,0.0,0.0,-0.24579672515392303,-0.29127633571624756,-0.42507198452949524,-0.6831793189048767,-0.4504663050174713,-0.9346054792404175,-0.32698312401771545,-0.9756807684898376,0.11392635852098465,-0.9639094471931458,0.2362143099308014,-1.0,0.25406771898269653,-0.8746417760848999,0.25128138065338135,-0.7039507031440735,0.3815714716911316,-0.8605887293815613,0.4597989022731781,-0.795940637588501,0.4335061013698578,-0.6795437932014465,0.3973935544490814,-0.5566912293434143,0.5629101991653442,-0.7233157753944397,0.6529955863952637,-0.7320482730865479,0.6137809157371521,-0.6391220688819885,0.5472962260246277,-0.5159993767738342,0.6883944869041443,-0.6024882793426514,0.753308117389679,-0.6698665022850037,0.7412784695625305,-0.626074492931366,0.7046239376068115,-0.5583975315093994
closed_fist,0.0,0.0,-0.22222596406936646,-0.1556592732667923,-0.40155819058418274,-0.46316730976104736,-0.3691154718399048,-0.7485085725784302,-0.2327764481306076,-0.910932183265686,-0.3433232605457306,-0.885962724685669,-0.45903798937797546,-1.0,-0.4277462661266327,-0.726183295249939,-0.3589133024215698,-0.6578226685523987,-0.1845851093530655,-0.9207555651664734,-0.3017636835575104,-0.9998353123664856,-0.28178492188453674,-0.671729564666748,-0.2138415277004242,-0.6507072448730469,-0.027900591492652893,-0.9009174704551697,-0.1407901644706726,-0.8985762000083923,-0.14766371250152588,-0.5808277726173401,-0.08167275786399841,-0.5580423474311829,0.13242827355861664,-0.8375053405761719,0.0057666972279548645,-0.8068104982376099,-0.014945409260690212,-0.5876523852348328,0.04308326169848442,-0.5735535621643066
closed_fist,0.0,0.0,-0.22729527950286865,-0.13536182045936584,-0.4062356948852539,-0.45939382910728455,-0.3501773476600647,-0.743421733379364,-0.20441962778568268,-0.8665968179702759,-0.3381693661212921,-0.8562442660331726,-0.4572059214115143,-0.9871581196784973,-0.41227009892463684,-0.7062064409255981,-0.3428211510181427,-0.6255155205726624,-0.18268215656280518,-0.893214762210846,-0.30232977867126465,-1.0,-0.2714328467845917,-0.6566575169563293,-0.2096681445837021,-0.6085353493690491,-0.03108750842511654,-0.8734114170074463,-0.13889575004577637,-0.8878116607666016,-0.1437622308731079,-0.5666348934173584,-0.08377870917320251,-0.5190765857696533,0.12675245106220245,-0.8014970421791077,-0.0034214514307677746,-0.785906195640564,-0.020988283678889275,-0.5615254640579224,0.03772636875510216,-0.5329027771949768
closed_fist,0.0,0.0,-0.30303364992141724,-0.27716895937919617,-0.5690501928329468,-0.68451988697052,-0.6505734920501709,-0.9474048614501953,-0.4772539734840393,-0.9899505376815796,-0.1378232091665268,-0.7273143529891968,-0.07028763741254807,-0.9490391612052917,-0.016167763620615005,-0.9989622831344604,0.03089876100420952,-1.0,0.1909503936767578,-0.6108681559562683,0.32825058698654175,-0.7474903464317322,0.40011411905288696,-0.7503804564476013,0.41951116919517517,-0.6756415963172913,0.4533710777759552,-0.512251079082489,0.602611243724823,-0.6671605110168457,0.6494615077972412,-0.6327667832374573,0.6278242468833923,-0.5302416682243347,0.6545925736427307,-0.44817405939102173,0.7943153381347656,-0.637781023979187,0.8299587965011597,-0.6200762987136841,0.8137787580490112,-0.5451290607452393
closed_fist,0.0,0.0,-0.22310538589954376,-0.15442335605621338,-0.3983122706413269,-0.4581086337566376,-0.36092042922973633,-0.7425963878631592,-0.2246791422367096,-0.8983051180839539,-0.3419095575809479,-0.8626619577407837,-0.46933797001838684,-0.9704717993736267,-0.43373364210128784,-0.6981465220451355,-0.3587053120136261,-0.6345781087875366,-0.18485881388187408,-0.9070172309875488,-0.31250518560409546,-1.0,-0.2885483205318451,-0.6655585765838623,-0.216091588139534,-0.6356722116470337,-0.0301238801330328,-0.8930743336677551,-0.15415795147418976,-0.9133204221725464,-0.15650464594364166,-0.582653284072876,-0.0830439105629921,-0.544266939163208,0.13124078512191772,-0.8290614485740662,-0.013786552473902702,-0.8117076754570007,-0.025064004585146904,-0.5797298550605774,0.0462418757379055,-0.5537238121032715
closed_fist,0.0,0.0,-0.2282947450876236,-0.1064484715461731,-0.44472736120224,-0.42451539635658264,-0.43454018235206604,-0.7279952764511108,-0.2804851531982422,-0.8610677123069763,-0.35235098004341125,-0.8884446620941162,-0.4531635642051697,-1.0,-0.4068039655685425,-0.7227988839149475,-0.3517804443836212,-0.6305091381072998,-0.1973525732755661,-0.9251050353050232,-0.31089770793914795,-0.9736965298652649,-0.26678332686424255,-0.6305768489837646,-0.20533987879753113,-0.592005729675293,-0.04568645358085632,-0.9062509536743164,-0.15944144129753113,-0.915276050567627,-0.15165194869041443,-0.5832056999206543,-0.08858665078878403,-0.5335952043533325,0.11628367006778717,-0.836360514163971,-0.028466977179050446,-0.8142545819282532,-0.029121676459908485,-0.5837538242340088,0.03621407970786095,-0.5551770925521851
closed_fist,0.0,0.0,-0.19821828603744507,-0.13708654046058655,-0.3803953230381012,-0.4359154999256134,-0.3680083751678467,-0.7177730798721313,-0.21063882112503052,-0.8417789340019226,-0.30916130542755127,-0.8620134592056274,-0.4205230176448822,-1.0,-0.4194480776786804,-0.7277141809463501,-0.3579549789428711,-0.634340226650238,-0.15090905129909515,-0.881731390953064,-0.26865971088409424,-0.9586672782897949,-0.2558461129665375,-0.6310153603553772,-0.18462888896465302,-0.5807799696922302,0.006021895445883274,-0.8488654494285583,-0.10867589712142944,-0.8673469424247742,-0.12004854530096054,-0.5444750189781189,-0.05536724627017975,-0.4843047261238098,0.1614733636379242,-0.7735662460327148,0.0315253883600235,-0.7983474135398865,0.012000907212495804,-0.5692662596702576,0.06838521361351013,-0.5043906569480896
closed_fist,0.0,0.0,-0.2088661640882492,-0.15867964923381805,-0.3849926292896271,-0.461283415555954,-0.3657578229904175,-0.7353075742721558,-0.21502600610256195,-0.8695756793022156,-0.3115365207195282,-0.8735161423683167,-0.43863460421562195,-1.0,-0.4250525236129761,-0.7421296834945679,-0.3579704463481903,-0.6565632224082947,-0.1572682112455368,-0.8887916207313538,-0.28247106075286865,-0.9689307808876038,-0.2613268792629242,-0.6505063772201538,-0.18860769271850586,-0.6038135886192322,-0.002756614238023758,-0.8545186519622803,-0.1216236874461174,-0.889409065246582,-0.12875254452228546,-0.5714035034179688,-0.06701553612947464,-0.513789713382721,0.14935331046581268,-0.7783447504043579,0.016729647293686867,-0.8278052806854248,-0.00017293173004873097,-0.6006184816360474,0.05468367040157318,-0.5349699258804321
closed_fist,0.0,0.0,-0.20769359171390533,-0.11896674335002899,-0.3996075689792633,-0.45239266753196716,-0.39849820733070374,-0.7476786375045776,-0.257293164730072,-0.8792824149131775,-0.30688393115997314,-0.8826431632041931,-0.4457644522190094,-1.0,-0.4315173923969269,-0.7259787917137146,-0.36150044202804565,-0.636711061000824,-0.14008496701717377,-0.8996811509132385,-0.28551849722862244,-0.9499598741531372,-0.2612663805484772,-0.620169997215271,-0.18399888277053833,-0.576172947883606,0.019857972860336304,-0.8686793446540833,-0.1185932531952858,-0.8711074590682983,-0.11687080562114716,-0.5493656992912292,-0.04270444065332413,-0.4979463815689087,0.17532667517662048,-0.7995814681053162,0.03264928609132767,-0.8109026551246643,0.02165388874709606,-0.5720641016960144,0.08696288615465164,-0.5078214406967163
thumbs_up,0.0,0.0,-0.004635653458535671,-0.26952922344207764,-0.09223463386297226,-0.5867909789085388,-0.13653673231601715,-0.8137173056602478,-0.14496944844722748,-1.0,-0.2600657343864441,-0.47167304158210754,-0.5037057399749756,-0.49831056594848633,-0.5071954727172852,-0.4858669936656952,-0.46675556898117065,-0.47772398591041565,-0.30304184556007385,-0.29208603501319885,-0.5471608638763428,-0.3271948993206024,-0.5243116617202759,-0.3230116069316864,-0.464474618434906,-0.29658764600753784,-0.31795957684516907,-0.1092735081911087,-0.5128057599067688,-0.1391950249671936,-0.4757775366306305,-0.1427130103111267,-0.4061000943183899,-0.13110485672950745,-0.30741217732429504,0.047396961599588394,-0.4623446762561798,0.009071793407201767,-0.4277951419353485,0.009410351514816284,-0.3675464391708374,0.023042544722557068
thumbs_up,0.0,0.0,-0.011033955961465836,-0.2730647623538971,-0.10033132135868073,-0.5895124077796936,-0.15271537005901337,-0.8132264018058777,-0.1544511914253235,-1.0,-0.25683900713920593,-0.47911033034324646,-0.5081626176834106,-0.49714207649230957,-0.4559689462184906,-0.4480820894241333,-0.3669019341468811,-0.43405991792678833,-0.30426454544067383,-0.299712210893631,-0.5359578132629395,-0.32412296533584595,-0.46144071221351624,-0.30067336559295654,-0.36957812309265137,-0.27982819080352783,-0.32447463274002075,-0.119084931910038,-0.5047875642776489,-0.15075436234474182,-0.43142542243003845,-0.13879430294036865,-0.3459732234477997,-0.1276489943265915,-0.3258652091026306,0.04096873849630356,-0.46187156438827515,-0.00012785727449227124,-0.3954252004623413,0.004415041767060757,-0.31860437989234924,0.016557516530156136
thumbs_up,0.0,0.0,-0.02204340510070324,-0.2666153907775879,-0.11176455020904541,-0.579379677772522,-0.16364961862564087,-0.8100614547729492,-0.16588233411312103,-1.0,-0.273556113243103,-0.471942275762558,-0.530447244644165,-0.4834943115711212,-0.479114294052124,-0.43644237518310547,-0.389396607875824,-0.42703402042388916,-0.3097807765007019,-0.2954052984714508,-0.5487852096557617,-0.30554628372192383,-0.4695148468017578,-0.28727030754089355,-0.37651002407073975,-0.2744852602481842,-0.32092878222465515,-0.11413134634494781,-0.5140349268913269,-0.12731030583381653,-0.43517568707466125,-0.11810598522424698,-0.34772831201553345,-0.10930504649877548,-0.31813839077949524,0.05101759731769562,-0.46807366609573364,0.024952564388513565,-0.3983457386493683,0.023519156500697136,-0.31695637106895447,0.031899549067020416
thumbs_up,0.0,0.0,-0.030254364013671875,-0.2713002562522888,-0.1250990331172943,-0.576617419719696,-0.18216751515865326,-0.8064331412315369,-0.19482681155204773,-1.0,-0.2568264603614807,-0.4667666256427765,-0.5381439924240112,-0.482146292924881,-0.5495099425315857,-0.4269407391548157,-0.49365827441215515,-0.4154801666736603,-0.26902318000793457,-0.29161950945854187,-0.5426511168479919,-0.29240313172340393,-0.5408445596694946,-0.2583094835281372,-0.4983641803264618,-0.2533160448074341,-0.26478028297424316,-0.10084344446659088,-0.47972220182418823,-0.09592264145612717,-0.4860042929649353,-0.0785006731748581,-0.45725491642951965,-0.0806928500533104,-0.24094833433628082,0.0706847757101059,-0.40413573384284973,0.074753038585186,-0.42210906744003296,0.08475033193826675,-0.4164218306541443,0.08937274664640427
thumbs_up,0.0,0.0,-0.021082602441310883,-0.2671603560447693,-0.11058403551578522,-0.581216037273407,-0.17513832449913025,-0.8094223737716675,-0.18956440687179565,-1.0,-0.25603801012039185,-0.4777878522872925,-0.5295593738555908,-0.4866664707660675,-0.5018570423126221,-0.44752180576324463,-0.42527052760124207,-0.4438382089138031,-0.28680163621902466,-0.30920666456222534,-0.5506590008735657,-0.30729421973228455,-0.49626925587654114,-0.29253724217414856,-0.41692301630973816,-0.2835850715637207,-0.2979990541934967,-0.12980623543262482,-0.5127459168434143,-0.13094913959503174,-0.4612136781215668,-0.125671848654747,-0.3872135281562805,-0.12119527906179428,-0.2922438681125641,0.031396474689245224,-0.4586990475654602,0.020847011357545853,-0.4188816249370575,0.022328583523631096,-0.35779574513435364,0.0273856483399868
thumbs_up,0.0,0.0,-0.01515455637127161,-0.2650485038757324,-0.10738314688205719,-0.5777515172958374,-0.15186592936515808,-0.8106130361557007,-0.16718818247318268,-1.0,-0.26363638043403625,-0.4620870351791382,-0.4885829985141754,-0.5050957202911377,-0.5529344081878662,-0.4788167178630829,-0.5768876671791077,-0.4532758295536041,-0.2998768389225006,-0.28087177872657776,-0.5202974677085876,-0.31339031457901,-0.5754173994064331,-0.2916404902935028,-0.59614098072052,-0.2582924962043762,-0.30287232995033264,-0.08760329335927963,-0.4769954979419708,-0.10092049092054367,-0.5135378241539001,-0.10003439337015152,-0.5197244882583618,-0.09722108393907547,-0.2769905924797058,0.07903321832418442,-0.41470474004745483,0.08064067363739014,-0.4457106292247772,0.08485446125268936,-0.45735302567481995,0.09117184579372406
thumbs_up,0.0,0.0,-0.048210740089416504,-0.2921111583709717,-0.16316844522953033,-0.5814117789268494,-0.243519127368927,-0.808447539806366,-0.28877997398376465,-1.0,-0.21268761157989502,-0.48047834634780884,-0.40184125304222107,-0.5549818873405457,-0.5421462655067444,-0.5799784064292908,-0.6686969995498657,-0.6008530855178833,-0.2268170565366745,-0.31508684158325195,-0.40539833903312683,-0.34562572836875916,-0.5427119135856628,-0.3331998288631439,-0.6573851108551025,-0.32665252685546875,-0.22320301830768585,-0.12752020359039307,-0.38383713364601135,-0.13393549621105194,-0.5165222883224487,-0.1302209496498108,-0.6243810653686523,-0.13617880642414093,-0.21427270770072937,0.05087517574429512,-0.35487884283065796,0.08102487027645111,-0.4604266583919525,0.09935741871595383,-0.5521588921546936,0.10120924562215805
thumbs_up,0.0,0.0,-0.05150911211967468,-0.27833685278892517,-0.1545410305261612,-0.5828145742416382,-0.2128075361251831,-0.8145447969436646,-0.2508939206600189,-1.0,-0.21684306859970093,-0.4665544033050537,-0.43066683411598206,-0.5294589996337891,-0.5825448036193848,-0.5395817756652832,-0.7124428749084473,-0.5533817410469055,-0.22329741716384888,-0.28501248359680176,-0.41049498319625854,-0.3261357843875885,-0.5698351860046387,-0.33211249113082886,-0.7021075487136841,-0.33175110816955566,-0.21542353928089142,-0.08694508671760559,-0.35843807458877563,-0.08342864364385605,-0.49117720127105713,-0.09402880072593689,-0.6027761101722717,-0.11110354959964752,-0.20064878463745117,0.09442036598920822,-0.3250490427017212,0.12897193431854248,-0.43715158104896545,0.13288463652133942,-0.5371249318122864,0.1243833675980568
thumbs_up,0.0,0.0,-0.013611561618745327,-0.26689282059669495,-0.10860259085893631,-0.578087568283081,-0.17080093920230865,-0.8054669499397278,-0.18328125774860382,-1.0,-0.2656885087490082,-0.4711751639842987,-0.5154694318771362,-0.4884945750236511,-0.505364179611206,-0.455535352230072,-0.44716012477874756,-0.44383057951927185,-0.30682259798049927,-0.2922911047935486,-0.5445403456687927,-0.32250750064849854,-0.5175662636756897,-0.3012484908103943,-0.45377543568611145,-0.27663084864616394,-0.3207088112831116,-0.10955865681171417,-0.5112811326980591,-0.14287398755550385,-0.47024211287498474,-0.12632113695144653,-0.39687979221343994,-0.11304649710655212,-0.3153479993343353,0.04824834316968918,-0.46870535612106323,0.0062122950330376625,-0.42683830857276917,0.01652662269771099,-0.35829272866249084,0.031945426017045975
thumbs_up,0.0,0.0,-0.06549042463302612,-0.2849850058555603,-0.16654489934444427,-0.5767374038696289,-0.2284233421087265,-0.8112552762031555,-0.2617080509662628,-1.0,-0.19371876120567322,-0.4787916839122772,-0.3794524371623993,-0.5437367558479309,-0.5088140964508057,-0.5652724504470825,-0.6249139904975891,-0.5925759673118591,-0.19150349497795105,-0.3115284740924835,-0.3868388831615448,-0.32462406158447266,-0.5384427309036255,-0.32323765754699707,-0.6746966242790222,-0.33401772379875183,-0.18176227807998657,-0.127553790807724,-0.3484397828578949,-0.11555209010839462,-0.48966825008392334,-0.1164584755897522,-0.6145688891410828,-0.12991513311862946,-0.16825968027114868,0.04303186386823654,-0.29126641154289246,0.09564220160245895,-0.39384517073631287,0.11841209977865219,-0.48518380522727966,0.12236170470714569
thumbs_up,0.0,0.0,-0.04829425737261772,-0.27343055605888367,-0.14258578419685364,-0.5795406699180603,-0.1991058588027954,-0.8159438371658325,-0.22636400163173676,-1.0,-0.25195565819740295,-0.4814230501651764,-0.49130457639694214,-0.48139920830726624,-0.5711629986763,-0.44048234820365906,-0.608500599861145,-0.42820802330970764,-0.251459002494812,-0.29745233058929443,-0.48135530948638916,-0.28476837277412415,-0.5731121301651001,-0.2658156156539917,-0.6350003480911255,-0.2548896074295044,-0.24530015885829926,-0.09913620352745056,-0.4339979887008667,-0.07637366652488708,-0.5259875059127808,-0.0756014883518219,-0.5828803181648254,-0.08663376420736313,-0.2226208597421646,0.07004144787788391,-0.3815910816192627,0.09779703617095947,-0.47099044919013977,0.10543365031480789,-0.5347965359687805,0.09944460541009903
thumbs_up,0.0,0.0,-0.033113881945610046,-0.27554813027381897,-0.1319742649793625,-0.5848636627197266,-0.18409596383571625,-0.8158437013626099,-0.19360189139842987,-1.0,-0.2655026316642761,-0.48148560523986816,-0.5336623191833496,-0.489846795797348,-0.5422646403312683,-0.44395357370376587,-0.49631115794181824,-0.44656580686569214,-0.28786948323249817,-0.2857246994972229,-0.5559252500534058,-0.294249027967453,-0.5640002489089966,-0.2726120352745056,-0.5386993885040283,-0.26832497119903564,-0.28992122411727905,-0.08567214757204056,-0.5081087946891785,-0.0905798152089119,-0.5235156416893005,-0.08416963368654251,-0.506951093673706,-0.08834726363420486,-0.26932501792907715,0.08438259363174438,-0.44123563170433044,0.07426600903272629,-0.46490171551704407,0.07998698949813843,-0.4671131372451782,0.08827848732471466
thumbs_up,0.0,0.0,-0.033317603170871735,-0.2702558934688568,-0.13183020055294037,-0.5801191329956055,-0.1948188990354538,-0.8156417608261108,-0.21165059506893158,-1.0,-0.2296859323978424,-0.4804411232471466,-0.4666362404823303,-0.4855383038520813,-0.5447995662689209,-0.4502384662628174,-0.5736844539642334,-0.4407687783241272,-0.25070682168006897,-0.2951068878173828,-0.4994957149028778,-0.3027503788471222,-0.5775569081306458,-0.2845847010612488,-0.6196145415306091,-0.2736312747001648,-0.2604309320449829,-0.09979410469532013,-0.4583498239517212,-0.09186574071645737,-0.5169703364372253,-0.09142528474330902,-0.5411908626556396,-0.1037263497710228,-0.251359224319458,0.06806202977895737,-0.39364680647850037,0.07022619247436523,-0.44490697979927063,0.07507450878620148,-0.4753531813621521,0.07489665597677231
thumbs_up,0.0,0.0,-0.05651899054646492,-0.27027660608291626,-0.14238789677619934,-0.5642178654670715,-0.18852055072784424,-0.8078238368034363,-0.20316572487354279,-1.0,-0.19731199741363525,-0.4569290578365326,-0.3107950687408447,-0.5060596466064453,-0.3726377785205841,-0.5065262913703918,-0.43401554226875305,-0.5528279542922974,-0.20887397229671478,-0.26314762234687805,-0.3422812521457672,-0.2623903453350067,-0.42742103338241577,-0.2271198332309723,-0.5122555494308472,-0.22863397002220154,-0.20633678138256073,-0.06269898265600204,-0.34114882349967957,-0.03576168417930603,-0.44824331998825073,-0.01346973329782486,-0.5420621037483215,-0.02602696791291237,-0.19081994891166687,0.1112019345164299,-0.3154143989086151,0.172817200422287,-0.4062681198120117,0.19999119639396667,-0.4869689643383026,0.19886921346187592
thumbs_up,0.0,0.0,-0.05280981957912445,-0.25974640250205994,-0.17015941441059113,-0.5686835050582886,-0.2385741025209427,-0.8076972365379333,-0.263865202665329,-1.0,-0.2242465764284134,-0.47777873277664185,-0.39903733134269714,-0.5778866410255432,-0.446778804063797,-0.6289533972740173,-0.46540191769599915,-0.6919857263565063,-0.241817444562912,-0.3007921576499939,-0.480390727519989,-0.33492523431777954,-0.5545035600662231,-0.3151988387107849,-0.5974643230438232,-0.3160370886325836,-0.24578191339969635,-0.10050004720687866,-0.4610297977924347,-0.1001950278878212,-0.5459260940551758,-0.09201361238956451,-0.5931432843208313,-0.1067039743065834,-0.22923016548156738,0.08510606735944748,-0.39570778608322144,0.10320796817541122,-0.46873608231544495,0.11377843469381332,-0.517609179019928,0.11142368614673615
thumbs_up,0.0,0.0,-0.0334516242146492,-0.26529231667518616,-0.12856176495552063,-0.57710200548172,-0.19209414720535278,-0.8137198686599731,-0.21378682553768158,-1.0,-0.22877943515777588,-0.4701562821865082,-0.5033891797065735,-0.46252894401550293,-0.535409152507782,-0.4241179823875427,-0.5091822147369385,-0.42768779397010803,-0.239987313747406,-0.29147961735725403,-0.5138553380966187,-0.2798134982585907,-0.5342806577682495,-0.25763988494873047,-0.5190680623054504,-0.25965169072151184,-0.2426915317773819,-0.10215430706739426,-0.45772311091423035,-0.08910931646823883,-0.47825172543525696,-0.0788881778717041,-0.46795541048049927,-0.08986338973045349,-0.228263258934021,0.06323914974927902,-0.3846924901008606,0.07458507269620895,-0.4143543839454651,0.08393910527229309,-0.4261265993118286,0.0845627412199974
thumbs_up,0.0,0.0,-0.03675718232989311,-0.2640703320503235,-0.14124706387519836,-0.5758768320083618,-0.19786623120307922,-0.8129591941833496,-0.20824065804481506,-1.0,-0.27520808577537537,-0.47020223736763,-0.5691918730735779,-0.4937807321548462,-0.5725433826446533,-0.43877527117729187,-0.5103338956832886,-0.4283962547779083,-0.29632237553596497,-0.297418475151062,-0.6006358861923218,-0.30363133549690247,-0.5791831016540527,-0.2599509656429291,-0.5133726596832275,-0.24550656974315643,-0.29585564136505127,-0.11068978905677795,-0.5425177812576294,-0.10336407274007797,-0.5191588997840881,-0.0816299095749855,-0.4596388041973114,-0.07278242707252502,-0.2766925096511841,0.05712270364165306,-0.46367764472961426,0.05823520943522453,-0.46216100454330444,0.06703775376081467,-0.4321615993976593,0.07738159596920013
thumbs_up,0.0,0.0,-0.02505120448768139,-0.2735067307949066,-0.12846961617469788,-0.5859648585319519,-0.1856526881456375,-0.8197469115257263,-0.20058737695217133,-1.0,-0.21153698861598969,-0.4918261766433716,-0.4025439918041229,-0.5655621886253357,-0.4947737753391266,-0.589733898639679,-0.5481343269348145,-0.6258279085159302,-0.25382328033447266,-0.3062343895435333,-0.48825863003730774,-0.34253695607185364,-0.5809512138366699,-0.3419683277606964,-0.6247493624687195,-0.3449701964855194,-0.2783147990703583,-0.11203913390636444,-0.477960467338562,-0.12497100979089737,-0.5433705449104309,-0.14025524258613586,-0.5606998205184937,-0.15379485487937927,-0.28282493352890015,0.0578371100127697,-0.4325709939002991,0.03517631068825722,-0.4885237216949463,0.02268505096435547,-0.5117661356925964,0.0193130262196064
thumbs_up,0.0,0.0,-0.017245233058929443,-0.26960238814353943,-0.10551466047763824,-0.5808190107345581,-0.15463629364967346,-0.8137126564979553,-0.16048724949359894,-1.0,-0.25302988290786743,-0.48675528168678284,-0.5048811435699463,-0.5013130903244019,-0.5070849657058716,-0.46213167905807495,-0.45358970761299133,-0.4626889228820801,-0.29528093338012695,-0.30002644658088684,-0.5515500903129578,-0.32516607642173767,-0.5296294689178467,-0.30791839957237244,-0.4672698676586151,-0.29753342270851135,-0.3146008849143982,-0.10955170542001724,-0.5179046988487244,-0.12687140703201294,-0.48364827036857605,-0.12033819407224655,-0.41369614005088806,-0.11449194699525833,-0.3118182122707367,0.056046660989522934,-0.47202256321907043,0.030713528394699097,-0.4398905038833618,0.03235841169953346,-0.38004225492477417,0.04119778424501419
thumbs_up,0.0,0.0,-0.03164305537939072,-0.26974719762802124,-0.12403619289398193,-0.5773745179176331,-0.1743648648262024,-0.8141753673553467,-0.1837291568517685,-1.0,-0.2490496188402176,-0.4775233566761017,-0.4634111821651459,-0.5231591463088989,-0.52974933385849,-0.5241928100585938,-0.5541602969169617,-0.5536432266235352,-0.27582085132598877,-0.2976923882961273,-0.5177410840988159,-0.3166278898715973,-0.5994611978530884,-0.2980782389640808,-0.6401259303092957,-0.2950615882873535,-0.2794817090034485,-0.1073828712105751,-0.47647207975387573,-0.08997628092765808,-0.5467329025268555,-0.08847969025373459,-0.5757306218147278,-0.10644906014204025,-0.2591298818588257,0.0621303990483284,-0.40259549021720886,0.087718665599823,-0.4564109444618225,0.09464497864246368,-0.4868348240852356,0.09362558275461197
thumbs_up,0.0,0.0,-0.017631901428103447,-0.2803179919719696,-0.10210525989532471,-0.591035783290863,-0.150588721036911,-0.8131501078605652,-0.1624026894569397,-1.0,-0.2758353352546692,-0.49612000584602356,-0.5364701747894287,-0.4948328137397766,-0.4852122366428375,-0.46090275049209595,-0.39664211869239807,-0.46291714906692505,-0.3100578784942627,-0.3180796504020691,-0.5490400195121765,-0.3217770457267761,-0.47482502460479736,-0.31743934750556946,-0.3882380425930023,-0.30550503730773926,-0.3208445906639099,-0.1361524611711502,-0.5194293856620789,-0.15717673301696777,-0.4491724967956543,-0.15451905131340027,-0.3680110275745392,-0.14200633764266968,-0.3191930055618286,0.028814969584345818,-0.4791050851345062,-0.015152224339544773,-0.41633522510528564,-0.02029971219599247,-0.3384399712085724,-0.007981565780937672
thumbs_up,0.0,0.0,-0.030263077467679977,-0.286571741104126,-0.11948305368423462,-0.5982624292373657,-0.1701836735010147,-0.8171337246894836,-0.18227407336235046,-1.0,-0.2898494303226471,-0.5049504041671753,-0.5440313816070557,-0.49292096495628357,-0.48981773853302,-0.4477185010910034,-0.4042065441608429,-0.44474658370018005,-0.32799723744392395,-0.32176196575164795,-0.5645878911018372,-0.31565722823143005,-0.48740389943122864,-0.29330435395240784,-0.39677372574806213,-0.27654868364334106,-0.33786457777023315,-0.13459832966327667,-0.5268641710281372,-0.13208451867103577,-0.44969889521598816,-0.12395042926073074,-0.36387118697166443,-0.11767806112766266,-0.3306366205215454,0.03421040624380112,-0.472476065158844,0.017192864790558815,-0.40291628241539,0.017562100663781166,-0.3241002857685089,0.023700647056102753
thumbs_up,0.0,0.0,-0.04652265086770058,-0.26360341906547546,-0.1490972340106964,-0.5676678419113159,-0.20179271697998047,-0.8050653338432312,-0.213110089302063,-1.0,-0.19441606104373932,-0.478282630443573,-0.31336653232574463,-0.620494544506073,-0.36869534850120544,-0.7122526168823242,-0.4048313498497009,-0.8094295263290405,-0.22184541821479797,-0.29280832409858704,-0.39266303181648254,-0.32962843775749207,-0.4854392409324646,-0.3114749491214752,-0.5562116503715515,-0.320036917924881,-0.2299126535654068,-0.08772769570350647,-0.3873251676559448,-0.08759496361017227,-0.49928444623947144,-0.07265274226665497,-0.5822275280952454,-0.08543617278337479,-0.2251417487859726,0.09858295321464539,-0.36236855387687683,0.13098034262657166,-0.45108675956726074,0.14645135402679443,-0.5263826251029968,0.1374085694551468
thumbs_up,0.0,0.0,-0.03217111900448799,-0.26984119415283203,-0.12842120230197906,-0.580305814743042,-0.1661764681339264,-0.8135098814964294,-0.1587226837873459,-1.0,-0.2885679006576538,-0.46505266427993774,-0.5785301327705383,-0.48012790083885193,-0.5662336945533752,-0.4361628293991089,-0.4934975206851959,-0.42274224758148193,-0.31316259503364563,-0.28718888759613037,-0.5972799062728882,-0.2950306534767151,-0.572092592716217,-0.2713931202888489,-0.5060233473777771,-0.2527085840702057,-0.31512150168418884,-0.10325398296117783,-0.5475322008132935,-0.10653890669345856,-0.5177093148231506,-0.09471097588539124,-0.44903746247291565,-0.07808889448642731,-0.29990050196647644,0.05650954693555832,-0.4856603145599365,0.04191470891237259,-0.46839576959609985,0.04836661368608475,-0.4209842383861542,0.06739181280136108
thumbs_up,0.0,0.0,-0.044675715267658234,-0.26584392786026,-0.13940858840942383,-0.572818398475647,-0.18634507060050964,-0.8105555176734924,-0.2068064957857132,-1.0,-0.26681962609291077,-0.4732171893119812,-0.4615026116371155,-0.47706878185272217,-0.5554684996604919,-0.45776236057281494,-0.6229796409606934,-0.47196441888809204,-0.2821909189224243,-0.2842670679092407,-0.4814566671848297,-0.28657519817352295,-0.5550398230552673,-0.2738566994667053,-0.5989132523536682,-0.2734542489051819,-0.2827008366584778,-0.08923220634460449,-0.45932602882385254,-0.07917705178260803,-0.5308849811553955,-0.07088518142700195,-0.5664368867874146,-0.08637408167123795,-0.2618124485015869,0.07978209108114243,-0.41814374923706055,0.10418251901865005,-0.49083369970321655,0.10779489576816559,-0.5370322465896606,0.09545210748910904
thumbs_up,0.0,0.0,-0.0633290484547615,-0.2751791179180145,-0.16895323991775513,-0.5740504264831543,-0.22787225246429443,-0.8124420642852783,-0.2598496675491333,-1.0,-0.2240482121706009,-0.47104009985923767,-0.4137050211429596,-0.5234294533729553,-0.5564578771591187,-0.5299885272979736,-0.6862915754318237,-0.5440362691879272,-0.23514339327812195,-0.2910284698009491,-0.44125881791114807,-0.31038400530815125,-0.5962377786636353,-0.30249932408332825,-0.7262513041496277,-0.30511945486068726,-0.2348572015762329,-0.09548988938331604,-0.4150996208190918,-0.08816789090633392,-0.5514168739318848,-0.08365722745656967,-0.6531155109405518,-0.09624241292476654,-0.2204407900571823,0.08186821639537811,-0.37161746621131897,0.12117597460746765,-0.4841785728931427,0.1318826675415039,-0.5719030499458313,0.12392829358577728
thumbs_up,0.0,0.0,-0.03244631364941597,-0.26353713870048523,-0.1342693269252777,-0.5679611563682556,-0.17854925990104675,-0.8071943521499634,-0.17680595815181732,-1.0,-0.2003473937511444,-0.4426475465297699,-0.36227118968963623,-0.5357290506362915,-0.476970911026001,-0.5802404284477234,-0.5751787424087524,-0.6341443657875061,-0.23087729513645172,-0.25861939787864685,-0.4091591238975525,-0.2917245626449585,-0.5398025512695312,-0.29418864846229553,-0.6493623852729797,-0.31224194169044495,-0.2387598156929016,-0.06163454055786133,-0.39079537987709045,-0.048749662935733795,-0.511438250541687,-0.0455949641764164,-0.6064869165420532,-0.06522879749536514,-0.22807331383228302,0.11512289196252823,-0.3505405783653259,0.1589261144399643,-0.4493728280067444,0.17074164748191833,-0.5319356918334961,0.16644175350666046
thumbs_up,0.0,0.0,-0.02172030508518219,-0.2740616500377655,-0.11592371761798859,-0.5859533548355103,-0.16044272482395172,-0.8142717480659485,-0.15712174773216248,-1.0,-0.2806031107902527,-0.4710433781147003,-0.5497252345085144,-0.47590407729148865,-0.5312632322311401,-0.43891245126724243,-0.458858460187912,-0.4300425350666046,-0.3162447214126587,-0.289625346660614,-0.565334141254425,-0.3005580008029938,-0.5265941023826599,-0.28556516766548157,-0.45623135566711426,-0.269294410943985,-0.32482147216796875,-0.10423286259174347,-0.5176917314529419,-0.11601126939058304,-0.4738614857196808,-0.10878084599971771,-0.40132901072502136,-0.09879811853170395,-0.3091932535171509,0.054467763751745224,-0.4644409418106079,0.03459452837705612,-0.4314603805541992,0.044961415231227875,-0.37529048323631287,0.06277640908956528
thumbs_up,0.0,0.0,-0.025903021916747093,-0.2759791910648346,-0.1155000552535057,-0.582146167755127,-0.1798723042011261,-0.8051940202713013,-0.20746374130249023,-1.0,-0.2709444761276245,-0.48903578519821167,-0.5560414791107178,-0.48007631301879883,-0.5442379713058472,-0.43155649304389954,-0.4726019501686096,-0.42464545369148254,-0.28853365778923035,-0.31392499804496765,-0.5737294554710388,-0.2964799404144287,-0.5344293117523193,-0.26497411727905273,-0.4617637097835541,-0.25097087025642395,-0.29147616028785706,-0.12137750536203384,-0.527996301651001,-0.11515288054943085,-0.48160725831985474,-0.09634135663509369,-0.40525105595588684,-0.0880885124206543,-0.27677518129348755,0.051047202199697495,-0.45965346693992615,0.04039996862411499,-0.42664241790771484,0.046394284814596176,-0.3666466176509857,0.0540272556245327
thumbs_up,0.0,0.0,-0.043779969215393066,-0.275322288274765,-0.13905686140060425,-0.5850822925567627,-0.18907272815704346,-0.8137385249137878,-0.2011139988899231,-1.0,-0.2600308656692505,-0.4870920479297638,-0.5465091466903687,-0.46445539593696594,-0.5687630772590637,-0.40701913833618164,-0.5328717827796936,-0.40051087737083435,-0.2684136629104614,-0.2991725504398346,-0.5372404456138611,-0.27778273820877075,-0.5467383861541748,-0.23533302545547485,-0.5242254734039307,-0.22100020945072174,-0.2654045820236206,-0.10224762558937073,-0.48004600405693054,-0.08319196850061417,-0.49299269914627075,-0.05902954190969467,-0.47579121589660645,-0.054366711527109146,-0.2424069046974182,0.07089120894670486,-0.4072226881980896,0.08570946753025055,-0.4270780384540558,0.1008746474981308,-0.4262844920158386,0.10946237295866013
thumbs_up,0.0,0.0,-0.02618441917002201,-0.26973074674606323,-0.12129516899585724,-0.5857124328613281,-0.17477504909038544,-0.8100319504737854,-0.18425440788269043,-1.0,-0.28735867142677307,-0.4833386540412903,-0.5444743633270264,-0.4762556254863739,-0.48564809560775757,-0.426407128572464,-0.39105868339538574,-0.4266085922718048,-0.3222675621509552,-0.29812848567962646,-0.5609941482543945,-0.30128544569015503,-0.48197323083877563,-0.27776798605918884,-0.3895364999771118,-0.26725950837135315,-0.33066317439079285,-0.10974308848381042,-0.517729640007019,-0.12504015862941742,-0.4414255619049072,-0.11021897196769714,-0.35566022992134094,-0.10452020913362503,-0.32346075773239136,0.055322155356407166,-0.4706558585166931,0.018988115713000298,-0.40539708733558655,0.025788823142647743,-0.32908475399017334,0.036448460072278976
thumbs_up,0.0,0.0,-0.034687623381614685,-0.2710694968700409,-0.1410185992717743,-0.5775154232978821,-0.21219798922538757,-0.8111806511878967,-0.23583826422691345,-1.0,-0.25299784541130066,-0.4700087904930115,-0.5336423516273499,-0.47654640674591064,-0.5224233269691467,-0.42838841676712036,-0.45944178104400635,-0.4369586706161499,-0.27615121006965637,-0.2984859049320221,-0.5619903206825256,-0.2942686378955841,-0.5348694324493408,-0.258674681186676,-0.4744117856025696,-0.25586655735969543,-0.2826860845088959,-0.11377771198749542,-0.5156893134117126,-0.10366446524858475,-0.49570176005363464,-0.08294384181499481,-0.4435858130455017,-0.08039699494838715,-0.27142319083213806,0.05473692715167999,-0.4533112645149231,0.05471465364098549,-0.45459333062171936,0.05959276482462883,-0.4282362759113312,0.06378293037414551
thumbs_up,0.0,0.0,-0.03788255900144577,-0.2659700810909271,-0.13742347061634064,-0.5731045007705688,-0.1943405121564865,-0.8029870390892029,-0.2117747962474823,-1.0,-0.2634466290473938,-0.46850869059562683,-0.5304029583930969,-0.4607212245464325,-0.561743974685669,-0.42084965109825134,-0.5470618009567261,-0.42271217703819275,-0.26690810918807983,-0.2902720272541046,-0.5101016163825989,-0.2733283042907715,-0.5439001321792603,-0.2520178258419037,-0.5510419607162476,-0.24807819724082947,-0.25810927152633667,-0.09619396924972534,-0.45397987961769104,-0.07718121260404587,-0.4888959527015686,-0.07158610969781876,-0.4967585802078247,-0.08284711092710495,-0.23411130905151367,0.07450471073389053,-0.39319315552711487,0.08165614306926727,-0.4329097867012024,0.08554874360561371,-0.45196038484573364,0.08582597970962524
thumbs_up,0.0,0.0,-0.03131244704127312,-0.26799023151397705,-0.1280336081981659,-0.5846650004386902,-0.18870322406291962,-0.8088059425354004,-0.20858214795589447,-1.0,-0.28352057933807373,-0.4754752814769745,-0.5575289130210876,-0.47167545557022095,-0.5123027563095093,-0.42442435026168823,-0.42431145906448364,-0.417059063911438,-0.3184170722961426,-0.29815372824668884,-0.5809457302093506,-0.2919989824295044,-0.5123398303985596,-0.27782362699508667,-0.422052264213562,-0.2678828537464142,-0.33073365688323975,-0.11188298463821411,-0.5393629670143127,-0.11521638184785843,-0.4729527235031128,-0.11054609715938568,-0.3904910087585449,-0.10758467763662338,-0.32604196667671204,0.05409933626651764,-0.48633646965026855,0.03572511672973633,-0.42808133363723755,0.03740277513861656,-0.3541354537010193,0.04594476521015167
thumbs_up,0.0,0.0,-0.02012408897280693,-0.28098180890083313,-0.11487479507923126,-0.5936748385429382,-0.16297970712184906,-0.8196786642074585,-0.173916295170784,-1.0,-0.26887643337249756,-0.46981534361839294,-0.5407851338386536,-0.47928109765052795,-0.5703078508377075,-0.4371446669101715,-0.5365810990333557,-0.40928617119789124,-0.30083736777305603,-0.28771185874938965,-0.5772775411605835,-0.30328282713890076,-0.5858553647994995,-0.2760210335254669,-0.5464560389518738,-0.2430012971162796,-0.30744045972824097,-0.10092923790216446,-0.534248948097229,-0.11445041745901108,-0.5175551176071167,-0.1051449254155159,-0.45856863260269165,-0.09152058511972427,-0.29074713587760925,0.059098776429891586,-0.46765488386154175,0.04131464660167694,-0.4600018858909607,0.04416162148118019,-0.41954031586647034,0.056289587169885635
thumbs_up,0.0,0.0,-0.0254366472363472,-0.27374130487442017,-0.12698188424110413,-0.5855206847190857,-0.1949109137058258,-0.8177556395530701,-0.21366705000400543,-1.0,-0.24832482635974884,-0.46256759762763977,-0.5298041701316833,-0.4749409556388855,-0.5144777297973633,-0.44731172919273376,-0.44610005617141724,-0.45500582456588745,-0.2819700241088867,-0.29074129462242126,-0.566533088684082,-0.2954523265361786,-0.5217750072479248,-0.28625229001045227,-0.4429748058319092,-0.28352072834968567,-0.2927188575267792,-0.11277494579553604,-0.527070939540863,-0.12532459199428558,-0.48689907789230347,-0.1265963464975357,-0.41657260060310364,-0.12302057445049286,-0.28197669982910156,0.044730979949235916,-0.46479377150535583,0.023507162928581238,-0.44382813572883606,0.020563600584864616,-0.3967800438404083,0.029693977907299995
thumbs_up,0.0,0.0,-0.024417996406555176,-0.26723089814186096,-0.11881881207227707,-0.576898455619812,-0.18117530643939972,-0.8057518005371094,-0.19550669193267822,-1.0,-0.2630617618560791,-0.46502551436424255,-0.550337016582489,-0.46478310227394104,-0.5224796533584595,-0.4140619933605194,-0.44302040338516235,-0.40317288041114807,-0.28662168979644775,-0.2910885810852051,-0.5719353556632996,-0.2868562638759613,-0.5168651342391968,-0.2611294388771057,-0.4351722002029419,-0.24914047122001648,-0.2892182469367981,-0.10771958529949188,-0.5271162390708923,-0.11181745678186417,-0.47252872586250305,-0.09997488558292389,-0.39635270833969116,-0.09182873368263245,-0.2749234437942505,0.05457393825054169,-0.4570924937725067,0.03300952538847923,-0.4172855615615845,0.039586141705513,-0.354940801858902,0.052673157304525375
thumbs_up,0.0,0.0,-0.028899965807795525,-0.2688862383365631,-0.129807248711586,-0.579702615737915,-0.20051808655261993,-0.8055054545402527,-0.21274033188819885,-1.0,-0.256766140460968,-0.467806339263916,-0.5333635210990906,-0.4520573914051056,-0.5012969374656677,-0.41070568561553955,-0.4264083206653595,-0.41241455078125,-0.2817612588405609,-0.28660848736763,-0.5557926893234253,-0.28173741698265076,-0.4976761043071747,-0.2656107246875763,-0.41673532128334045,-0.25541284680366516,-0.2897067368030548,-0.09851926565170288,-0.5161370038986206,-0.11366795003414154,-0.4632985591888428,-0.10185123980045319,-0.3894740045070648,-0.09156613796949387,-0.2851376533508301,0.06730867922306061,-0.4695598781108856,0.0342741422355175,-0.4290590286254883,0.03840123862028122,-0.36550357937812805,0.04807757958769798
thumbs_up,0.0,0.0,-0.03518540412187576,-0.27319371700286865,-0.13140031695365906,-0.5755066275596619,-0.19804345071315765,-0.8106384873390198,-0.21769900619983673,-1.0,-0.2450076937675476,-0.4675005078315735,-0.5367514491081238,-0.4702262580394745,-0.5081769824028015,-0.4206414520740509,-0.43269920349121094,-0.42623552680015564,-0.27648472785949707,-0.295693576335907,-0.5686166286468506,-0.2933436930179596,-0.5119233727455139,-0.2697124481201172,-0.4299040138721466,-0.2668260931968689,-0.29140785336494446,-0.11843116581439972,-0.5288466215133667,-0.11031157523393631,-0.4724135398864746,-0.10021602362394333,-0.3964290916919708,-0.09895233809947968,-0.28839078545570374,0.03953106701374054,-0.46948790550231934,0.03235848248004913,-0.4346499741077423,0.04136345908045769,-0.3784075677394867,0.05218387395143509
thumbs_up,0.0,0.0,-0.028552833944559097,-0.2577497363090515,-0.13478778302669525,-0.5700132846832275,-0.1962643563747406,-0.803871750831604,-0.19992153346538544,-1.0,-0.2616664469242096,-0.4485107958316803,-0.5422940254211426,-0.4626370370388031,-0.49479156732559204,-0.41113460063934326,-0.4050399661064148,-0.4031517803668976,-0.29756787419319153,-0.2682435214519501,-0.5778020620346069,-0.2918243110179901,-0.5084877014160156,-0.2617262601852417,-0.4180205464363098,-0.24149850010871887,-0.30740469694137573,-0.0839545726776123,-0.5456469058990479,-0.11095879226922989,-0.48215359449386597,-0.09409729391336441,-0.40090957283973694,-0.07953053712844849,-0.298011839389801,0.07614044100046158,-0.49016034603118896,0.03912597894668579,-0.4462898075580597,0.04776559770107269,-0.3810582756996155,0.06475314497947693
thumbs_up,0.0,0.0,-0.02798227220773697,-0.26771286129951477,-0.12693244218826294,-0.5834020376205444,-0.18871235847473145,-0.808924674987793,-0.2004549652338028,-1.0,-0.27270880341529846,-0.4714425504207611,-0.5472071170806885,-0.45913201570510864,-0.5038053393363953,-0.4130380153656006,-0.4188557267189026,-0.4110127389431,-0.30925872921943665,-0.29160526394844055,-0.5754587650299072,-0.28780171275138855,-0.5063207745552063,-0.26707497239112854,-0.4170949459075928,-0.2542886734008789,-0.31793075799942017,-0.10975709557533264,-0.5353591442108154,-0.12416258454322815,-0.4685291349887848,-0.11570204794406891,-0.3878486156463623,-0.10550405085086823,-0.31134840846061707,0.05125338211655617,-0.4777738153934479,0.018649261444807053,-0.42030566930770874,0.022301839664578438,-0.3491379916667938,0.03644166886806488
thumbs_up,0.0,0.0,-0.028586911037564278,-0.27122747898101807,-0.12781096994876862,-0.5871556401252747,-0.18812020123004913,-0.8100273609161377,-0.1956944614648819,-1.0,-0.2715476453304291,-0.4766063392162323,-0.5334103107452393,-0.4774150550365448,-0.4704846441745758,-0.4250521957874298,-0.37944531440734863,-0.41492846608161926,-0.31158462166786194,-0.30144384503364563,-0.5441973209381104,-0.3112833797931671,-0.46558383107185364,-0.2824018597602844,-0.37558701634407043,-0.2626767158508301,-0.3300642967224121,-0.12545433640480042,-0.5152752995491028,-0.1489790678024292,-0.44257494807243347,-0.13200239837169647,-0.36063313484191895,-0.11638393998146057,-0.3378615379333496,0.03213023394346237,-0.4815131425857544,-0.008106055669486523,-0.41160085797309875,0.004505766090005636,-0.33646488189697266,0.02093927562236786
thumbs_up,0.0,0.0,-0.0334046445786953,-0.25828346610069275,-0.13568830490112305,-0.5648725628852844,-0.19975866377353668,-0.8041777014732361,-0.21443334221839905,-1.0,-0.27417582273483276,-0.4505608379840851,-0.5107282996177673,-0.45080435276031494,-0.5225874781608582,-0.4005275368690491,-0.4955510199069977,-0.3956078290939331,-0.29782480001449585,-0.26210227608680725,-0.5175050497055054,-0.27037671208381653,-0.5168693661689758,-0.24128204584121704,-0.49045106768608093,-0.23056794703006744,-0.2936422526836395,-0.07253620028495789,-0.4700734615325928,-0.07141022384166718,-0.4673685133457184,-0.05867603421211243,-0.44070881605148315,-0.06580783426761627,-0.26792433857917786,0.08813977241516113,-0.4062565863132477,0.09085681289434433,-0.40535396337509155,0.09851810336112976,-0.3822849988937378,0.09770230948925018
thumbs_up,0.0,0.0,-0.036642272025346756,-0.25753170251846313,-0.1404246687889099,-0.5675822496414185,-0.20288901031017303,-0.8066158294677734,-0.21601171791553497,-1.0,-0.2765016257762909,-0.4635625183582306,-0.5687385201454163,-0.4606581926345825,-0.5464332103729248,-0.39539796113967896,-0.46704182028770447,-0.38094958662986755,-0.3040413558483124,-0.2869594693183899,-0.5927041172981262,-0.28168565034866333,-0.5440123677253723,-0.24198582768440247,-0.45698392391204834,-0.23108744621276855,-0.30701586604118347,-0.10193412750959396,-0.5399065017700195,-0.09891291707754135,-0.49052125215530396,-0.07593175023794174,-0.41044318675994873,-0.0736333578824997,-0.29248982667922974,0.062444791197776794,-0.4718995690345764,0.05930359289050102,-0.43021252751350403,0.07129348814487457,-0.3616282045841217,0.07421717047691345
thumbs_up,0.0,0.0,-0.03513806313276291,-0.27084580063819885,-0.13563525676727295,-0.5703359246253967,-0.21310746669769287,-0.8088507056236267,-0.24364562332630157,-1.0,-0.16902796924114227,-0.4734724164009094,-0.2952295243740082,-0.6303788423538208,-0.37337595224380493,-0.737156093120575,-0.43251845240592957,-0.8288580775260925,-0.2001221925020218,-0.29805654287338257,-0.3899548649787903,-0.3190029263496399,-0.5379446148872375,-0.31326040625572205,-0.6577705144882202,-0.31604859232902527,-0.212389275431633,-0.0986178070306778,-0.37531253695487976,-0.09852726757526398,-0.5085184574127197,-0.10181969404220581,-0.6079714894294739,-0.11858951300382614,-0.20147474110126495,0.08475546538829803,-0.34333205223083496,0.11974063515663147,-0.4415321350097656,0.1249699518084526,-0.5183960199356079,0.11330437660217285
thumbs_up,0.0,0.0,-0.03890841826796532,-0.27492138743400574,-0.1555183380842209,-0.5777404308319092,-0.22760061919689178,-0.8113203644752502,-0.25123587250709534,-1.0,-0.2430846393108368,-0.4522470533847809,-0.426159143447876,-0.4885964095592499,-0.5410303473472595,-0.4887915551662445,-0.6411330699920654,-0.5040674209594727,-0.26857736706733704,-0.27527758479118347,-0.4442020654678345,-0.2909371256828308,-0.5682929754257202,-0.2975805401802063,-0.6704127192497253,-0.3073749244213104,-0.27443844079971313,-0.08681901544332504,-0.4244764745235443,-0.08438171446323395,-0.5187444090843201,-0.09544249624013901,-0.587232768535614,-0.11152249574661255,-0.26413092017173767,0.08368200063705444,-0.3882530629634857,0.09908674657344818,-0.47556522488594055,0.09096372872591019,-0.5420399904251099,0.08105812221765518
thumbs_up,0.0,0.0,-0.021166861057281494,-0.2789390981197357,-0.11471494287252426,-0.5815222263336182,-0.18933790922164917,-0.8063411712646484,-0.2173820436000824,-1.0,-0.25783735513687134,-0.46340978145599365,-0.5313893556594849,-0.4612954258918762,-0.5017408728599548,-0.417530357837677,-0.4260391891002655,-0.4086345434188843,-0.28687524795532227,-0.288608580827713,-0.5526641011238098,-0.2878943085670471,-0.49192938208580017,-0.2755049467086792,-0.40516242384910583,-0.2611484229564667,-0.2932667136192322,-0.1081133484840393,-0.5064052939414978,-0.1121184378862381,-0.44263336062431335,-0.10976089537143707,-0.3586348593235016,-0.10305336862802505,-0.28440019488334656,0.051703859120607376,-0.4408823251724243,0.04021806642413139,-0.38683634996414185,0.037910785526037216,-0.3133412301540375,0.04517277330160141
thumbs_up,0.0,0.0,-0.02691894769668579,-0.26247984170913696,-0.13612623512744904,-0.578377366065979,-0.20561034977436066,-0.8039155006408691,-0.22429203987121582,-1.0,-0.28798240423202515,-0.46278902888298035,-0.5350584387779236,-0.44882747530937195,-0.4821951389312744,-0.40775999426841736,-0.3951404094696045,-0.40441831946372986,-0.32627004384994507,-0.2753433883190155,-0.5641644597053528,-0.28603410720825195,-0.4903824031352997,-0.2709636390209198,-0.3957294523715973,-0.2550884783267975,-0.33488377928733826,-0.08768171817064285,-0.5327157378196716,-0.11089945584535599,-0.466400146484375,-0.10470603406429291,-0.3814623951911926,-0.09529274702072144,-0.328352153301239,0.07774674892425537,-0.48818790912628174,0.0448712520301342,-0.42808201909065247,0.049457140266895294,-0.35223060846328735,0.06395436078310013
thumbs_up,0.0,0.0,-0.03536507859826088,-0.28061357140541077,-0.1473563015460968,-0.5811306238174438,-0.21576012670993805,-0.8060889840126038,-0.23853038251399994,-1.0,-0.2737904191017151,-0.46370503306388855,-0.4860512912273407,-0.4605664908885956,-0.5847100019454956,-0.4594264626502991,-0.6585912108421326,-0.4774847626686096,-0.30170726776123047,-0.282572865486145,-0.528008222579956,-0.29423025250434875,-0.6059650182723999,-0.29190030694007874,-0.6432872414588928,-0.28796225786209106,-0.3011312484741211,-0.08962088823318481,-0.4921465218067169,-0.08386930078268051,-0.5202453136444092,-0.08558159321546555,-0.5137016177177429,-0.10786614567041397,-0.27823084592819214,0.08395405113697052,-0.42577460408210754,0.11091151833534241,-0.4479079842567444,0.10981737822294235,-0.4417067766189575,0.09679615497589111
thumbs_up,0.0,0.0,-0.03556390106678009,-0.2656806707382202,-0.14734727144241333,-0.5810149908065796,-0.20630894601345062,-0.8106926679611206,-0.2167506217956543,-1.0,-0.2874473035335541,-0.44976943731307983,-0.5587038397789001,-0.45151686668395996,-0.500380277633667,-0.39977002143859863,-0.40396180748939514,-0.3910098373889923,-0.320184588432312,-0.26509302854537964,-0.5753586292266846,-0.2780452370643616,-0.4985511898994446,-0.24584431946277618,-0.4013247489929199,-0.22807325422763824,-0.32621121406555176,-0.0797477588057518,-0.5366085767745972,-0.09916410595178604,-0.46583473682403564,-0.08808062970638275,-0.37748247385025024,-0.07785211503505707,-0.3186986446380615,0.08525028824806213,-0.48343420028686523,0.053729381412267685,-0.42147061228752136,0.05653015524148941,-0.3446071147918701,0.06790071725845337
thumbs_up,0.0,0.0,-0.053606241941452026,-0.2815546989440918,-0.17066583037376404,-0.5781756639480591,-0.2417965680360794,-0.807951807975769,-0.26774266362190247,-1.0,-0.23511503636837006,-0.4620625376701355,-0.4519566297531128,-0.45952120423316956,-0.5809459090232849,-0.4500555694103241,-0.681540310382843,-0.46902719140052795,-0.24614395201206207,-0.2777785658836365,-0.4448436498641968,-0.28300631046295166,-0.5741654634475708,-0.2699306011199951,-0.6700447797775269,-0.270371675491333,-0.24421793222427368,-0.08110171556472778,-0.40454140305519104,-0.07856243848800659,-0.5244094729423523,-0.07385889440774918,-0.6086215376853943,-0.08418335020542145,-0.23335827887058258,0.09923746436834335,-0.36843839287757874,0.1252882480621338,-0.4696911871433258,0.1287659853696823,-0.546710193157196,0.12257590144872665
thumbs_up,0.0,0.0,-0.02584330178797245,-0.26771044731140137,-0.1463727205991745,-0.5804150700569153,-0.23441651463508606,-0.8157854080200195,-0.2713674008846283,-1.0,-0.2233707755804062,-0.4810803532600403,-0.377337247133255,-0.5733782052993774,-0.4689241051673889,-0.6231523752212524,-0.5345935225486755,-0.6737369298934937,-0.2757335305213928,-0.29548925161361694,-0.493086576461792,-0.32601168751716614,-0.5995498895645142,-0.3252270221710205,-0.6671499609947205,-0.32894080877304077,-0.30684468150138855,-0.09793798625469208,-0.503593385219574,-0.11693116277456284,-0.5816003084182739,-0.12554627656936646,-0.6164043545722961,-0.14773429930210114,-0.31335893273353577,0.08017055690288544,-0.470149964094162,0.06722897291183472,-0.5279862284660339,0.0605953224003315,-0.5501254200935364,0.04750610515475273
thumbs_down,0.0,0.0,-0.3040882349014282,0.21415632963180542,-0.5814352035522461,0.4165937900543213,-0.7892000675201416,0.6008591055870056,-0.9292531609535217,0.7675586938858032,-0.7770939469337463,-0.0627271756529808,-1.0,-0.068516805768013,-0.8434740900993347,0.021830914542078972,-0.6959578990936279,0.057399775832891464,-0.716099739074707,-0.25889813899993896,-0.9648447036743164,-0.27663713693618774,-0.7588018178939819,-0.14010882377624512,-0.5959481000900269,-0.10786738246679306,-0.6155384182929993,-0.4507094919681549,-0.8405709862709045,-0.46611785888671875,-0.6502572298049927,-0.30943459272384644,-0.5125055313110352,-0.27919214963912964,-0.46846047043800354,-0.626610279083252,-0.6375827789306641,-0.6071538925170898,-0.5337185263633728,-0.4630057215690613,-0.4378831684589386,-0.4337296783924103
thumbs_down,0.0,0.0,-0.3040882349014282,0.21415632963180542,-0.5814352035522461,0.4165937900543213,-0.7892000675201416,0.6008591055870056,-0.9292531609535217,0.7675586938858032,-0.7770939469337463,-0.0627271756529808,-1.0,-0.068516805768013,-0.8434740900993347,0.021830914542078972,-0.6959578990936279,0.057399775832891464,-0.716099739074707,-0.25889813899993896,-0.9648447036743164,-0.27663713693618774,-0.7588018178939819,-0.14010882377624512,-0.5959481000900269,-0.10786738246679306,-0.6155384182929993,-0.4507094919681549,-0.8405709862709045,-0.46611785888671875,-0.6502572298049927,-0.30943459272384644,-0.5125055313110352,-0.27919214963912964,-0.46846047043800354,-0.626610279083252,-0.6375827789306641,-0.6071538925170898,-0.5337185263633728,-0.4630057215690613,-0.4378831684589386,-0.4337296783924103
thumbs_down,0.0,0.0,-0.30010274052619934,0.23714597523212433,-0.5776805281639099,0.45073315501213074,-0.7883880734443665,0.6397124528884888,-0.9389901161193848,0.7983720302581787,-0.7894084453582764,-0.029778791591525078,-1.0,-0.020519204437732697,-0.8370089530944824,0.05696617439389229,-0.6892282962799072,0.08391980826854706,-0.7330610752105713,-0.2250167280435562,-0.9702953696250916,-0.22072061896324158,-0.7574607133865356,-0.10102276504039764,-0.593679666519165,-0.07518734782934189,-0.6379204392433167,-0.41636139154434204,-0.8596681356430054,-0.40606266260147095,-0.6598007082939148,-0.26203685998916626,-0.520700216293335,-0.2395394742488861,-0.4923185706138611,-0.5926788449287415,-0.6609410643577576,-0.5535728931427002,-0.54329514503479,-0.4086950719356537,-0.44265297055244446,-0.385050892829895
thumbs_down,0.0,0.0,-0.3044571578502655,0.2274273931980133,-0.5882346034049988,0.43160000443458557,-0.7971009612083435,0.6127319931983948,-0.9397093057632446,0.7781108617782593,-0.7866818904876709,-0.03724459931254387,-1.0,-0.02443709224462509,-0.8447892665863037,0.04571410268545151,-0.7048147916793823,0.06616563349962234,-0.7287010550498962,-0.23660808801651,-0.9702479839324951,-0.24626894295215607,-0.7695621848106384,-0.12483619898557663,-0.6132302284240723,-0.09392601251602173,-0.6333343982696533,-0.4255322515964508,-0.8529985547065735,-0.4374691843986511,-0.6664512157440186,-0.2889725863933563,-0.5345908999443054,-0.25698795914649963,-0.4903234541416168,-0.5983293056488037,-0.6514071822166443,-0.5797852873802185,-0.5479958653450012,-0.43890145421028137,-0.4583433270454407,-0.4078819155693054
thumbs_down,0.0,0.0,-0.2925119996070862,0.23893150687217712,-0.5702127814292908,0.45719417929649353,-0.77591872215271,0.6443243622779846,-0.9155052304267883,0.8128002285957336,-0.7971173524856567,-0.014044704847037792,-1.0,-0.0040977573953568935,-0.836341381072998,0.0656132847070694,-0.6998016238212585,0.08456839621067047,-0.7347686290740967,-0.2189311683177948,-0.9668339490890503,-0.21535329520702362,-0.7577730417251587,-0.09286950528621674,-0.6055123805999756,-0.06888260692358017,-0.6358723044395447,-0.41176921129226685,-0.844863772392273,-0.4002869427204132,-0.648824155330658,-0.2505323886871338,-0.5207613110542297,-0.22680361568927765,-0.49219489097595215,-0.5880506038665771,-0.651709794998169,-0.5468239784240723,-0.5348462462425232,-0.4045822024345398,-0.44332489371299744,-0.38859498500823975
thumbs_down,0.0,0.0,-0.2925119996070862,0.23893150687217712,-0.5702127814292908,0.45719417929649353,-0.77591872215271,0.6443243622779846,-0.9155052304267883,0.8128002285957336,-0.7971173524856567,-0.014044704847037792,-1.0,-0.0040977573953568935,-0.836341381072998,0.0656132847070694,-0.6998016238212585,0.08456839621067047,-0.7347686290740967,-0.2189311683177948,-0.9668339490890503,-0.21535329520702362,-0.7577730417251587,-0.09286950528621674,-0.6055123805999756,-0.06888260692358017,-0.6358723044395447,-0.41176921129226685,-0.844863772392273,-0.4002869427204132,-0.648824155330658,-0.2505323886871338,-0.5207613110542297,-0.22680361568927765,-0.49219489097595215,-0.5880506038665771,-0.651709794998169,-0.5468239784240723,-0.5348462462425232,-0.4045822024345398,-0.44332489371299744,-0.38859498500823975
thumbs_down,0.0,0.0,-0.2993681728839874,0.2437652051448822,-0.5779435634613037,0.4620938003063202,-0.7934913039207458,0.6458128690719604,-0.9448668360710144,0.8052105903625488,-0.7846642136573792,-0.03601166605949402,-1.0,-0.03283632546663284,-0.8384320139884949,0.04964139312505722,-0.6912783980369568,0.07962951809167862,-0.7278900146484375,-0.2395019680261612,-0.9760221242904663,-0.24874581396579742,-0.7605494856834412,-0.11323978751897812,-0.5979180335998535,-0.08475404232740402,-0.6307110786437988,-0.43559184670448303,-0.8525169491767883,-0.4236546456813812,-0.6517642140388489,-0.27053943276405334,-0.5182220339775085,-0.2544039487838745,-0.48633062839508057,-0.6156309247016907,-0.6607477068901062,-0.5720748901367188,-0.5420817732810974,-0.4292827248573303,-0.445945143699646,-0.418390154838562
thumbs_down,0.0,0.0,-0.3003833591938019,0.23497584462165833,-0.5882879495620728,0.45209747552871704,-0.8058325052261353,0.6404966115951538,-0.9534654021263123,0.8138234615325928,-0.7988936305046082,-0.04088987037539482,-1.0,-0.018839944154024124,-0.8364213109016418,0.06272385269403458,-0.6939745545387268,0.085532046854496,-0.7395429611206055,-0.24172921478748322,-0.9728918671607971,-0.22523126006126404,-0.7635605335235596,-0.09133055806159973,-0.6067700982093811,-0.06873452663421631,-0.6418363451957703,-0.43333470821380615,-0.8531017899513245,-0.41028279066085815,-0.6634685397148132,-0.2616821229457855,-0.5318611860275269,-0.25164610147476196,-0.501740038394928,-0.6084676384925842,-0.6692867279052734,-0.5630469918251038,-0.5577102899551392,-0.4188504219055176,-0.460953027009964,-0.4045708477497101
thumbs_down,0.0,0.0,-0.29816585779190063,0.22078610956668854,-0.5760129690170288,0.4310504198074341,-0.7837496995925903,0.6116348505020142,-0.926194429397583,0.7779993414878845,-0.792146623134613,-0.055443741381168365,-1.0,-0.05391814187169075,-0.8491978049278259,0.022900914773344994,-0.7037099599838257,0.044729895889759064,-0.7318378686904907,-0.25799697637557983,-0.9710453748703003,-0.26824337244033813,-0.7710591554641724,-0.14203861355781555,-0.6085432767868042,-0.11300628632307053,-0.6326664686203003,-0.44990959763526917,-0.8399888873100281,-0.452738881111145,-0.6572902798652649,-0.3078630864620209,-0.5231482982635498,-0.2822900116443634,-0.4870900511741638,-0.6251835227012634,-0.6502394080162048,-0.604547381401062,-0.5479940176010132,-0.46144065260887146,-0.4547940492630005,-0.428691565990448
thumbs_down,0.0,0.0,-0.3089022934436798,0.20788899064064026,-0.5857927799224854,0.40434402227401733,-0.7907720804214478,0.5834072232246399,-0.9329907894134521,0.7470452189445496,-0.7892082333564758,-0.06533250212669373,-1.0,-0.07197825610637665,-0.8461318612098694,0.006554493214935064,-0.7083185315132141,0.035977285355329514,-0.7277160286903381,-0.2610984742641449,-0.9681676626205444,-0.27516767382621765,-0.7668327689170837,-0.14865897595882416,-0.6163288354873657,-0.11992885917425156,-0.6294603943824768,-0.4498522877693176,-0.8473303914070129,-0.4597214162349701,-0.6593764424324036,-0.30857035517692566,-0.5333234667778015,-0.28010833263397217,-0.48330897092819214,-0.6238992214202881,-0.6475107073783875,-0.6005811095237732,-0.5388844013214111,-0.460353285074234,-0.44957879185676575,-0.4368654489517212
thumbs_down,0.0,0.0,-0.3089022934436798,0.20788899064064026,-0.5857927799224854,0.40434402227401733,-0.7907720804214478,0.5834072232246399,-0.9329907894134521,0.7470452189445496,-0.7892082333564758,-0.06533250212669373,-1.0,-0.07197825610637665,-0.8461318612098694,0.006554493214935064,-0.7083185315132141,0.035977285355329514,-0.7277160286903381,-0.2610984742641449,-0.9681676626205444,-0.27516767382621765,-0.7668327689170837,-0.14865897595882416,-0.6163288354873657,-0.11992885917425156,-0.6294603943824768,-0.4498522877693176,-0.8473303914070129,-0.4597214162349701,-0.6593764424324036,-0.30857035517692566,-0.5333234667778015,-0.28010833263397217,-0.48330897092819214,-0.6238992214202881,-0.6475107073783875,-0.6005811095237732,-0.5388844013214111,-0.460353285074234,-0.44957879185676575,-0.4368654489517212
thumbs_down,0.0,0.0,-0.2926163077354431,0.20261570811271667,-0.5639347434043884,0.4042451083660126,-0.7736774682998657,0.5791168212890625,-0.9207981824874878,0.7341246604919434,-0.78976970911026,-0.07053908705711365,-1.0,-0.09186576306819916,-0.8504430055618286,-0.004639152437448502,-0.7069457173347473,0.038905590772628784,-0.7270330190658569,-0.2690996527671814,-0.9667321443557739,-0.2978839874267578,-0.7672591805458069,-0.1609954535961151,-0.6113916635513306,-0.12157115340232849,-0.6241896748542786,-0.4563169479370117,-0.8316365480422974,-0.4744289219379425,-0.6445912718772888,-0.32344359159469604,-0.51500004529953,-0.29272669553756714,-0.47536107897758484,-0.6270973086357117,-0.6384281516075134,-0.6096105575561523,-0.5293923616409302,-0.4706140458583832,-0.4380631148815155,-0.44689929485321045
thumbs_down,0.0,0.0,-0.3011607527732849,0.2288334220647812,-0.5932829976081848,0.4353126883506775,-0.8196868896484375,0.6349202990531921,-0.9768387675285339,0.8137097358703613,-0.7912900447845459,-0.05470284819602966,-1.0,-0.04178808629512787,-0.8450621962547302,0.04180818423628807,-0.701706051826477,0.06942775845527649,-0.7335989475250244,-0.2534184455871582,-0.9778191447257996,-0.2627452611923218,-0.7753868699073792,-0.12783926725387573,-0.6130132675170898,-0.0913706123828888,-0.6362055540084839,-0.4478573203086853,-0.865326464176178,-0.44409334659576416,-0.6702995300292969,-0.28938671946525574,-0.5303060412406921,-0.259875625371933,-0.49160832166671753,-0.6265068054199219,-0.6628220677375793,-0.5780514478683472,-0.5479222536087036,-0.44230884313583374,-0.4480263292789459,-0.42820093035697937
thumbs_down,0.0,0.0,-0.3011607527732849,0.2288334220647812,-0.5932829976081848,0.4353126883506775,-0.8196868896484375,0.6349202990531921,-0.9768387675285339,0.8137097358703613,-0.7912900447845459,-0.05470284819602966,-1.0,-0.04178808629512787,-0.8450621962547302,0.04180818423628807,-0.701706051826477,0.06942775845527649,-0.7335989475250244,-0.2534184455871582,-0.9778191447257996,-0.2627452611923218,-0.7753868699073792,-0.12783926725387573,-0.6130132675170898,-0.0913706123828888,-0.6362055540084839,-0.4478573203086853,-0.865326464176178,-0.44409334659576416,-0.6702995300292969,-0.28938671946525574,-0.5303060412406921,-0.259875625371933,-0.49160832166671753,-0.6265068054199219,-0.6628220677375793,-0.5780514478683472,-0.5479222536087036,-0.44230884313583374,-0.4480263292789459,-0.42820093035697937
thumbs_down,0.0,0.0,-0.2930455803871155,0.23623667657375336,-0.5764584541320801,0.4555290639400482,-0.7984240055084229,0.6499045491218567,-0.9538779854774475,0.8237411379814148,-0.8088698983192444,-0.024370776489377022,-1.0,-0.0009762601112015545,-0.82675701379776,0.06829611212015152,-0.681479811668396,0.08522183448076248,-0.7472613453865051,-0.2403947114944458,-0.9769815802574158,-0.2520041763782501,-0.7693831324577332,-0.12896853685379028,-0.6124430298805237,-0.09476286917924881,-0.6454731225967407,-0.4378688633441925,-0.8452287316322327,-0.4282121956348419,-0.6457323431968689,-0.2760046720504761,-0.515586256980896,-0.24675202369689941,-0.4965153634548187,-0.6125683188438416,-0.6445994973182678,-0.5600257515907288,-0.527423620223999,-0.4238649904727936,-0.4373337924480438,-0.41388750076293945
thumbs_down,0.0,0.0,-0.28673475980758667,0.21831369400024414,-0.5647623538970947,0.4251737892627716,-0.7810995578765869,0.6103450655937195,-0.9384245276451111,0.7661581039428711,-0.7828848958015442,-0.05516710877418518,-1.0,-0.05681287497282028,-0.8364648222923279,0.034086376428604126,-0.6855545043945312,0.06607799232006073,-0.722858190536499,-0.25190427899360657,-0.974149227142334,-0.26978200674057007,-0.7731339931488037,-0.13694065809249878,-0.6120402812957764,-0.10243156552314758,-0.6248993277549744,-0.4406411051750183,-0.8586390614509583,-0.4493299126625061,-0.6661034822463989,-0.2978387475013733,-0.5247494578361511,-0.27162718772888184,-0.47880980372428894,-0.6144665479660034,-0.6543869376182556,-0.57715904712677,-0.5390239357948303,-0.44346579909324646,-0.4348468482494354,-0.426723837852478
thumbs_down,0.0,0.0,-0.30107998847961426,0.2117139846086502,-0.5847563147544861,0.4253528416156769,-0.7978444695472717,0.6235435009002686,-0.9410081505775452,0.7930294275283813,-0.8063190579414368,-0.06719555705785751,-1.0,-0.02156801149249077,-0.8406796455383301,0.06552271544933319,-0.7069835066795349,0.08642392605543137,-0.7408862709999084,-0.26173412799835205,-0.9621621966362,-0.23175965249538422,-0.7576373219490051,-0.10401370376348495,-0.6103886961936951,-0.08611590415239334,-0.6365658044815063,-0.4467414617538452,-0.8383597731590271,-0.4135233759880066,-0.6478714346885681,-0.26181432604789734,-0.5252887010574341,-0.25137996673583984,-0.48595455288887024,-0.6146962642669678,-0.6476865410804749,-0.5571008324623108,-0.5341166853904724,-0.4200030565261841,-0.4429204761981964,-0.4181307256221771
thumbs_down,0.0,0.0,-0.30200469493865967,0.20678579807281494,-0.5770867466926575,0.42152851819992065,-0.7793453335762024,0.6174769997596741,-0.9192227721214294,0.7908374071121216,-0.7995204925537109,-0.06073053926229477,-1.0,-0.029817165806889534,-0.8620936870574951,0.05731905624270439,-0.740198016166687,0.09350442886352539,-0.736615002155304,-0.2601112127304077,-0.9608116745948792,-0.24458129703998566,-0.7705328464508057,-0.11460887640714645,-0.6187122464179993,-0.08173204213380814,-0.6355549693107605,-0.45049381256103516,-0.8377394676208496,-0.4220634400844574,-0.6464948654174805,-0.2700442373752594,-0.5111368894577026,-0.24676810204982758,-0.4870031177997589,-0.6242107152938843,-0.6429829001426697,-0.5593140125274658,-0.5266732573509216,-0.42741066217422485,-0.4260108172893524,-0.4208100736141205
thumbs_down,0.0,0.0,-0.30299314856529236,0.21676915884017944,-0.5921685695648193,0.4294613301753998,-0.8088169693946838,0.6233290433883667,-0.9559141397476196,0.8027895092964172,-0.8200997710227966,-0.07671073824167252,-1.0,-0.03247702494263649,-0.8255089521408081,0.0470677874982357,-0.6851039528846741,0.061532653868198395,-0.7547096014022827,-0.28843361139297485,-0.9595754742622375,-0.2675594687461853,-0.7536676526069641,-0.1415766179561615,-0.6039453148841858,-0.1158980280160904,-0.652825653553009,-0.4831188917160034,-0.8454924821853638,-0.4514829218387604,-0.6536391973495483,-0.30010393261909485,-0.5241173505783081,-0.27856743335723877,-0.505763828754425,-0.6533728837966919,-0.6595994830131531,-0.5911656022071838,-0.5466941595077515,-0.4581431448459625,-0.4520657956600189,-0.44855183362960815
thumbs_down,0.0,0.0,-0.30299314856529236,0.21676915884017944,-0.5921685695648193,0.4294613301753998,-0.8088169693946838,0.6233290433883667,-0.9559141397476196,0.8027895092964172,-0.8200997710227966,-0.07671073824167252,-1.0,-0.03247702494263649,-0.8255089521408081,0.0470677874982357,-0.6851039528846741,0.061532653868198395,-0.7547096014022827,-0.28843361139297485,-0.9595754742622375,-0.2675594687461853,-0.7536676526069641,-0.1415766179561615,-0.6039453148841858,-0.1158980280160904,-0.652825653553009,-0.4831188917160034,-0.8454924821853638,-0.4514829218387604,-0.6536391973495483,-0.30010393261909485,-0.5241173505783081,-0.27856743335723877,-0.505763828754425,-0.6533728837966919,-0.6595994830131531,-0.5911656022071838,-0.5466941595077515,-0.4581431448459625,-0.4520657956600189,-0.44855183362960815
thumbs_down,0.0,0.0,-0.29692092537879944,0.21647460758686066,-0.5738688111305237,0.422776997089386,-0.7933701872825623,0.6034928560256958,-0.9506703019142151,0.7567121982574463,-0.7950287461280823,-0.05831511691212654,-1.0,-0.04829176515340805,-0.8301766514778137,0.03729097172617912,-0.6804174184799194,0.0680072009563446,-0.7339627146720886,-0.2597268521785736,-0.9633326530456543,-0.2615257203578949,-0.7591387033462524,-0.13147619366645813,-0.6072292923927307,-0.09524279832839966,-0.633373498916626,-0.4487720727920532,-0.8362942337989807,-0.44124695658683777,-0.6452206969261169,-0.2894384264945984,-0.5164812803268433,-0.2531213164329529,-0.4878601133823395,-0.6201468706130981,-0.6360787153244019,-0.5792289972305298,-0.529056191444397,-0.435669869184494,-0.44195032119750977,-0.4070467948913574
thumbs_down,0.0,0.0,-0.2955956757068634,0.21379224956035614,-0.5816864967346191,0.4208117127418518,-0.7983402609825134,0.6073950529098511,-0.9459611177444458,0.7630627751350403,-0.8073678016662598,-0.07294825464487076,-1.0,-0.06637339293956757,-0.8384575247764587,0.026424692943692207,-0.6936598420143127,0.06323771178722382,-0.7433892488479614,-0.2763645350933075,-0.9542356729507446,-0.265253484249115,-0.7490895390510559,-0.13387787342071533,-0.5990652441978455,-0.10516193509101868,-0.6398086547851562,-0.46929505467414856,-0.8416424989700317,-0.460774302482605,-0.6544313430786133,-0.31095004081726074,-0.5228717923164368,-0.28403204679489136,-0.489737331867218,-0.6454189419746399,-0.6449890732765198,-0.6115255355834961,-0.5410226583480835,-0.4697713851928711,-0.45015138387680054,-0.440822958946228
thumbs_down,0.0,0.0,-0.2955956757068634,0.21379224956035614,-0.5816864967346191,0.4208117127418518,-0.7983402609825134,0.6073950529098511,-0.9459611177444458,0.7630627751350403,-0.8073678016662598,-0.07294825464487076,-1.0,-0.06637339293956757,-0.8384575247764587,0.026424692943692207,-0.6936598420143127,0.06323771178722382,-0.7433892488479614,-0.2763645350933075,-0.9542356729507446,-0.265253484249115,-0.7490895390510559,-0.13387787342071533,-0.5990652441978455,-0.10516193509101868,-0.6398086547851562,-0.46929505467414856,-0.8416424989700317,-0.460774302482605,-0.6544313430786133,-0.31095004081726074,-0.5228717923164368,-0.28403204679489136,-0.489737331867218,-0.6454189419746399,-0.6449890732765198,-0.6115255355834961,-0.5410226583480835,-0.4697713851928711,-0.45015138387680054,-0.440822958946228
thumbs_down,0.0,0.0,-0.30247706174850464,0.20372748374938965,-0.5889451503753662,0.39952874183654785,-0.809981644153595,0.5983866453170776,-0.9608194231987,0.7716543674468994,-0.8047813773155212,-0.09030487388372421,-1.0,-0.053008388727903366,-0.8272470831871033,0.027969621121883392,-0.6888947486877441,0.051553744822740555,-0.7415501475334167,-0.28325286507606506,-0.9702295064926147,-0.26362186670303345,-0.7698488831520081,-0.1436600536108017,-0.6236231327056885,-0.11544235795736313,-0.6388834714889526,-0.458651065826416,-0.8399970531463623,-0.431064248085022,-0.6576425433158875,-0.2914668917655945,-0.5364591479301453,-0.26656705141067505,-0.4969675540924072,-0.6108617782592773,-0.6454939842224121,-0.5590461492538452,-0.5466925501823425,-0.431302547454834,-0.4622413218021393,-0.4175584316253662
thumbs_down,0.0,0.0,-0.2937365174293518,0.1919112205505371,-0.5766038298606873,0.38434064388275146,-0.7918485999107361,0.5733626484870911,-0.942570149898529,0.7491359710693359,-0.8090797662734985,-0.096793033182621,-1.0,-0.07958262413740158,-0.8343198895454407,0.006831805687397718,-0.6926758885383606,0.03651237487792969,-0.7407526969909668,-0.2983646094799042,-0.9602046608924866,-0.30358409881591797,-0.7646294832229614,-0.17175619304180145,-0.6128405332565308,-0.1317460834980011,-0.6367174983024597,-0.4848383367061615,-0.8338573575019836,-0.46835562586784363,-0.6500605344772339,-0.3153357207775116,-0.5182867646217346,-0.27601099014282227,-0.49137234687805176,-0.6509326100349426,-0.6497860550880432,-0.600216269493103,-0.5438586473464966,-0.46604326367378235,-0.4490151107311249,-0.4419630169868469
thumbs_down,0.0,0.0,-0.29826363921165466,0.20954172313213348,-0.5821412205696106,0.4109596312046051,-0.7932865023612976,0.5895290374755859,-0.9400686025619507,0.7400968074798584,-0.7916467189788818,-0.09730969369411469,-1.0,-0.10641729831695557,-0.8398452401161194,0.0002607586211524904,-0.6928157210350037,0.042893387377262115,-0.7274684906005859,-0.28942927718162537,-0.9593878984451294,-0.2898159325122833,-0.750651478767395,-0.14356908202171326,-0.5963872075080872,-0.11640359461307526,-0.6265449523925781,-0.4764065444469452,-0.8428412675857544,-0.469915509223938,-0.648683488368988,-0.3072005808353424,-0.5153324007987976,-0.2877468466758728,-0.47805824875831604,-0.6496626734733582,-0.6445212960243225,-0.6067914366722107,-0.532737672328949,-0.4620002508163452,-0.43760502338409424,-0.44558101892471313
thumbs_down,0.0,0.0,-0.29826363921165466,0.20954172313213348,-0.5821412205696106,0.4109596312046051,-0.7932865023612976,0.5895290374755859,-0.9400686025619507,0.7400968074798584,-0.7916467189788818,-0.09730969369411469,-1.0,-0.10641729831695557,-0.8398452401161194,0.0002607586211524904,-0.6928157210350037,0.042893387377262115,-0.7274684906005859,-0.28942927718162537,-0.9593878984451294,-0.2898159325122833,-0.750651478767395,-0.14356908202171326,-0.5963872075080872,-0.11640359461307526,-0.6265449523925781,-0.4764065444469452,-0.8428412675857544,-0.469915509223938,-0.648683488368988,-0.3072005808353424,-0.5153324007987976,-0.2877468466758728,-0.47805824875831604,-0.6496626734733582,-0.6445212960243225,-0.6067914366722107,-0.532737672328949,-0.4620002508163452,-0.43760502338409424,-0.44558101892471313
thumbs_down,0.0,0.0,-0.2989562451839447,0.20462371408939362,-0.5853258371353149,0.4012840986251831,-0.8073762059211731,0.594589352607727,-0.9616247415542603,0.7693032622337341,-0.8123859763145447,-0.07469704747200012,-1.0,-0.045735493302345276,-0.8221901655197144,0.03212083503603935,-0.6816620230674744,0.05158162862062454,-0.74750816822052,-0.277383029460907,-0.9666471481323242,-0.2686600089073181,-0.7570565342903137,-0.1450212597846985,-0.6092447638511658,-0.1142357885837555,-0.6462717652320862,-0.46516457200050354,-0.8375648260116577,-0.4423692524433136,-0.6425881385803223,-0.29062074422836304,-0.5194016098976135,-0.25850099325180054,-0.5035468935966492,-0.631493091583252,-0.644668698310852,-0.5758888125419617,-0.5324302911758423,-0.43990689516067505,-0.44558075070381165,-0.4210975766181946
thumbs_down,0.0,0.0,-0.29303914308547974,0.20638331770896912,-0.5764358043670654,0.42912325263023376,-0.7955683469772339,0.6313151717185974,-0.9464556574821472,0.8097593784332275,-0.8159118294715881,-0.0761757493019104,-1.0,-0.05151613429188728,-0.8319211602210999,0.031705599278211594,-0.6891390681266785,0.058566614985466,-0.7426303029060364,-0.28292351961135864,-0.9522498250007629,-0.2630581855773926,-0.7537396550178528,-0.13906927406787872,-0.605976939201355,-0.10790593922138214,-0.6316266059875488,-0.47096750140190125,-0.8153564929962158,-0.44835609197616577,-0.6363244652748108,-0.30342867970466614,-0.5142598152160645,-0.27545446157455444,-0.47957324981689453,-0.6390425562858582,-0.6247660517692566,-0.5900446772575378,-0.5223269462585449,-0.460536926984787,-0.4369812309741974,-0.4457870125770569
thumbs_down,0.0,0.0,-0.30472543835639954,0.19315651059150696,-0.5881631374359131,0.39386194944381714,-0.8016932606697083,0.5866081714630127,-0.9504740834236145,0.7419403791427612,-0.8028111457824707,-0.08576544374227524,-1.0,-0.06590252369642258,-0.8506403565406799,0.024066440761089325,-0.7216943502426147,0.0631323754787445,-0.7400383949279785,-0.2798329293727875,-0.960849940776825,-0.26369407773017883,-0.7652697563171387,-0.1335511952638626,-0.6225713491439819,-0.10767190158367157,-0.6367666125297546,-0.4626336693763733,-0.8314675092697144,-0.4424956142902374,-0.6490697264671326,-0.29245463013648987,-0.529024600982666,-0.27227842807769775,-0.48918887972831726,-0.6246494054794312,-0.6307266354560852,-0.5732561349868774,-0.5272473692893982,-0.43966391682624817,-0.4436449110507965,-0.4320368766784668
thumbs_down,0.0,0.0,-0.30472543835639954,0.19315651059150696,-0.5881631374359131,0.39386194944381714,-0.8016932606697083,0.5866081714630127,-0.9504740834236145,0.7419403791427612,-0.8028111457824707,-0.08576544374227524,-1.0,-0.06590252369642258,-0.8506403565406799,0.024066440761089325,-0.7216943502426147,0.0631323754787445,-0.7400383949279785,-0.2798329293727875,-0.960849940776825,-0.26369407773017883,-0.7652697563171387,-0.1335511952638626,-0.6225713491439819,-0.10767190158367157,-0.6367666125297546,-0.4626336693763733,-0.8314675092697144,-0.4424956142902374,-0.6490697264671326,-0.29245463013648987,-0.529024600982666,-0.27227842807769775,-0.48918887972831726,-0.6246494054794312,-0.6307266354560852,-0.5732561349868774,-0.5272473692893982,-0.43966391682624817,-0.4436449110507965,-0.4320368766784668
thumbs_down,0.0,0.0,-0.2982662320137024,0.17971599102020264,-0.5732210278511047,0.3793654143810272,-0.778846025466919,0.5710256695747375,-0.9231155514717102,0.7336167693138123,-0.8082453608512878,-0.10839590430259705,-1.0,-0.0868445411324501,-0.8440394401550293,0.002886570291593671,-0.7104067206382751,0.038312818855047226,-0.7338661551475525,-0.29757991433143616,-0.9359787702560425,-0.264322966337204,-0.7436912059783936,-0.13957075774669647,-0.6021497249603271,-0.11371573060750961,-0.623832643032074,-0.47349226474761963,-0.8075090646743774,-0.4437417685985565,-0.6333993673324585,-0.29256030917167664,-0.5121709108352661,-0.26704031229019165,-0.4764831066131592,-0.6309632062911987,-0.6267181634902954,-0.58382248878479,-0.5275629162788391,-0.4442459046840668,-0.4379619061946869,-0.4237864017486572
thumbs_down,0.0,0.0,-0.3009165823459625,0.2065609246492386,-0.589629590511322,0.4012163281440735,-0.8056236505508423,0.5801750421524048,-0.9546822309494019,0.7343629002571106,-0.7987774014472961,-0.10035016387701035,-1.0,-0.1093091294169426,-0.8361433744430542,-0.006343679968267679,-0.6961572170257568,0.034286729991436005,-0.7283504009246826,-0.28675392270088196,-0.9506394267082214,-0.27464133501052856,-0.7416524291038513,-0.13109520077705383,-0.5978626608848572,-0.10956161469221115,-0.623544454574585,-0.46995943784713745,-0.8335809707641602,-0.45011237263679504,-0.640631377696991,-0.2862280309200287,-0.5197386741638184,-0.2738727927207947,-0.4749627411365509,-0.640511691570282,-0.6481074094772339,-0.5979705452919006,-0.5329591631889343,-0.4492104649543762,-0.4413319230079651,-0.4425327181816101
thumbs_down,0.0,0.0,-0.29617664217948914,0.20287683606147766,-0.580893337726593,0.40811988711357117,-0.7961897850036621,0.5824055075645447,-0.9461588859558105,0.7251816987991333,-0.8059661388397217,-0.08791583776473999,-1.0,-0.08288438618183136,-0.8459606170654297,0.014775293879210949,-0.7092991471290588,0.05267683416604996,-0.7358512282371521,-0.2808929681777954,-0.937764048576355,-0.2526504695415497,-0.7402769923210144,-0.12082479149103165,-0.5995632410049438,-0.10078226774930954,-0.6297892332077026,-0.4612177610397339,-0.8138277530670166,-0.4310091435909271,-0.6367862820625305,-0.28477123379707336,-0.5157967209815979,-0.27358725666999817,-0.48243188858032227,-0.6261915564537048,-0.6298725008964539,-0.5782126188278198,-0.530021071434021,-0.44176653027534485,-0.4436590075492859,-0.4281154274940491
thumbs_down,0.0,0.0,-0.31308284401893616,0.20567050576210022,-0.6032476425170898,0.3962368965148926,-0.8190762400627136,0.5700030326843262,-0.9700630903244019,0.7179198861122131,-0.792098343372345,-0.10696913301944733,-1.0,-0.09535477310419083,-0.8385762572288513,0.0011523840948939323,-0.6954666972160339,0.03351116180419922,-0.7253662943840027,-0.29533398151397705,-0.9629337787628174,-0.2802835702896118,-0.7578620314598083,-0.13978324830532074,-0.6062283515930176,-0.11940446496009827,-0.6220021843910217,-0.47529032826423645,-0.8380430936813354,-0.45783933997154236,-0.6533998847007751,-0.30366337299346924,-0.5267775058746338,-0.2925041913986206,-0.4767952561378479,-0.6366084218025208,-0.6459927558898926,-0.597939133644104,-0.5432958602905273,-0.453369140625,-0.4522257447242737,-0.4401053488254547
thumbs_down,0.0,0.0,-0.3128862977027893,0.2143552601337433,-0.5953440070152283,0.40538734197616577,-0.8047100901603699,0.5664385557174683,-0.9478080868721008,0.7206074595451355,-0.7970959544181824,-0.07437476515769958,-1.0,-0.07654640823602676,-0.849042534828186,-0.0030039201956242323,-0.7072647213935852,0.03301285207271576,-0.731857419013977,-0.2786157429218292,-0.9665343165397644,-0.29365068674087524,-0.7716634273529053,-0.16285823285579681,-0.6190364956855774,-0.12576152384281158,-0.6270092725753784,-0.46416527032852173,-0.8301093578338623,-0.47336646914482117,-0.654961884021759,-0.3190855085849762,-0.5320554971694946,-0.2914169728755951,-0.4756266176700592,-0.6288896799087524,-0.6211137175559998,-0.6032274961471558,-0.5280811190605164,-0.4603533148765564,-0.44822174310684204,-0.43862223625183105
thumbs_down,0.0,0.0,-0.3026126027107239,0.22265666723251343,-0.5894116163253784,0.4298861622810364,-0.816279947757721,0.6104928851127625,-0.984306275844574,0.748856246471405,-0.7981075048446655,-0.058340270072221756,-1.0,-0.034982770681381226,-0.8300459980964661,0.040427565574645996,-0.6826167106628418,0.062149517238140106,-0.7326105833053589,-0.2634868025779724,-0.9665495753288269,-0.2558737099170685,-0.7627281546592712,-0.12854890525341034,-0.6099921464920044,-0.09854168444871902,-0.6268705129623413,-0.45412978529930115,-0.8330598473548889,-0.43511536717414856,-0.6430249810218811,-0.2859121859073639,-0.516576886177063,-0.261165589094162,-0.47743019461631775,-0.6208212971687317,-0.6321570873260498,-0.5733758807182312,-0.5254383087158203,-0.4341542422771454,-0.43877488374710083,-0.41760510206222534
thumbs_down,0.0,0.0,-0.3137176036834717,0.1849909871816635,-0.5979975461959839,0.36740463972091675,-0.8181197643280029,0.5438421368598938,-0.9794469475746155,0.6889926195144653,-0.7932112812995911,-0.132492795586586,-1.0,-0.11441448330879211,-0.8440565466880798,-0.027706122025847435,-0.7160789966583252,-0.00022580791846849024,-0.7224199771881104,-0.32065072655677795,-0.9568595886230469,-0.3187001049518585,-0.7641523480415344,-0.19171950221061707,-0.6209372878074646,-0.15829375386238098,-0.614959716796875,-0.4947526454925537,-0.8248240351676941,-0.47777146100997925,-0.6479674577713013,-0.32879361510276794,-0.526275634765625,-0.29152578115463257,-0.4693121016025543,-0.647870659828186,-0.6301702260971069,-0.611126184463501,-0.5359113812446594,-0.4819276034832001,-0.44893723726272583,-0.4605371057987213
thumbs_down,0.0,0.0,-0.2930331230163574,0.19807873666286469,-0.5763222575187683,0.3902740180492401,-0.7909771800041199,0.5588457584381104,-0.9433748126029968,0.7037720084190369,-0.7875732779502869,-0.09753955900669098,-1.0,-0.11602704972028732,-0.8469467163085938,-0.004374328535050154,-0.7031683921813965,0.04884621500968933,-0.7224963307380676,-0.2857051193714142,-0.9579328298568726,-0.3014882802963257,-0.764761209487915,-0.14670251309871674,-0.6121456623077393,-0.10493020713329315,-0.6214053630828857,-0.46445879340171814,-0.8301392793655396,-0.4670909643173218,-0.6488276720046997,-0.302956759929657,-0.5195092558860779,-0.27502694725990295,-0.4761805534362793,-0.6281561255455017,-0.6330890655517578,-0.5894540548324585,-0.5261454582214355,-0.4487064778804779,-0.43407124280929565,-0.4357055127620697
thumbs_down,0.0,0.0,-0.2930331230163574,0.19807873666286469,-0.5763222575187683,0.3902740180492401,-0.7909771800041199,0.5588457584381104,-0.9433748126029968,0.7037720084190369,-0.7875732779502869,-0.09753955900669098,-1.0,-0.11602704972028732,-0.8469467163085938,-0.004374328535050154,-0.7031683921813965,0.04884621500968933,-0.7224963307380676,-0.2857051193714142,-0.9579328298568726,-0.3014882802963257,-0.764761209487915,-0.14670251309871674,-0.6121456623077393,-0.10493020713329315,-0.6214053630828857,-0.46445879340171814,-0.8301392793655396,-0.4670909643173218,-0.6488276720046997,-0.302956759929657,-0.5195092558860779,-0.27502694725990295,-0.4761805534362793,-0.6281561255455017,-0.6330890655517578,-0.5894540548324585,-0.5261454582214355,-0.4487064778804779,-0.43407124280929565,-0.4357055127620697
thumbs_down,0.0,0.0,-0.30645331740379333,0.19727730751037598,-0.586693525314331,0.38708603382110596,-0.8010219931602478,0.5587570071220398,-0.9563922882080078,0.6958261728286743,-0.7945054769515991,-0.12311596423387527,-1.0,-0.11337835341691971,-0.8360570073127747,-0.010889868251979351,-0.6979469656944275,0.036873407661914825,-0.7240994572639465,-0.3078177571296692,-0.9495607614517212,-0.2904985547065735,-0.7497203350067139,-0.1508847326040268,-0.6061784625053406,-0.1155463308095932,-0.6178311705589294,-0.4783078730106354,-0.8174172639846802,-0.45648133754730225,-0.6389281153678894,-0.30177396535873413,-0.518558144569397,-0.2707175612449646,-0.47152888774871826,-0.6282972097396851,-0.6137523651123047,-0.5809371471405029,-0.517535388469696,-0.444343626499176,-0.4363686442375183,-0.42416709661483765
thumbs_down,0.0,0.0,-0.2957608997821808,0.1793934553861618,-0.5800662636756897,0.35981878638267517,-0.7932552695274353,0.5309434533119202,-0.9412610530853271,0.6667295098304749,-0.8010962605476379,-0.15315459668636322,-1.0,-0.15504859387874603,-0.8292855024337769,-0.03798919916152954,-0.69224613904953,0.011956611648201942,-0.7258167862892151,-0.3334127962589264,-0.9365273118019104,-0.31088772416114807,-0.727439284324646,-0.16482718288898468,-0.5921115875244141,-0.14230814576148987,-0.6143211722373962,-0.4971638321876526,-0.791260838508606,-0.47286534309387207,-0.6123060584068298,-0.3124677538871765,-0.5056171417236328,-0.2969505190849304,-0.46635952591896057,-0.6423140168190002,-0.5970252752304077,-0.6008850932121277,-0.5008050799369812,-0.45592665672302246,-0.4296777844429016,-0.44624006748199463
thumbs_down,0.0,0.0,-0.3006167709827423,0.18773818016052246,-0.5876615643501282,0.372771680355072,-0.803256630897522,0.5397271513938904,-0.9547579288482666,0.6759524345397949,-0.7984861731529236,-0.1280745267868042,-1.0,-0.13281503319740295,-0.8330706357955933,-0.04242880642414093,-0.6967364549636841,-0.003784436732530594,-0.7237357497215271,-0.31757330894470215,-0.9431461095809937,-0.31849005818367004,-0.7447190284729004,-0.18704862892627716,-0.6039891839027405,-0.14775283634662628,-0.6135128140449524,-0.49040576815605164,-0.809661865234375,-0.4879264533519745,-0.6337286233901978,-0.33032068610191345,-0.5148875713348389,-0.28342151641845703,-0.46537283062934875,-0.6409207582473755,-0.6156778931617737,-0.616701602935791,-0.5231543183326721,-0.4781697988510132,-0.44352105259895325,-0.44303157925605774
thumbs_down,0.0,0.0,-0.3006167709827423,0.18773818016052246,-0.5876615643501282,0.372771680355072,-0.803256630897522,0.5397271513938904,-0.9547579288482666,0.6759524345397949,-0.7984861731529236,-0.1280745267868042,-1.0,-0.13281503319740295,-0.8330706357955933,-0.04242880642414093,-0.6967364549636841,-0.003784436732530594,-0.7237357497215271,-0.31757330894470215,-0.9431461095809937,-0.31849005818367004,-0.7447190284729004,-0.18704862892627716,-0.6039891839027405,-0.14775283634662628,-0.6135128140449524,-0.49040576815605164,-0.809661865234375,-0.4879264533519745,-0.6337286233901978,-0.33032068610191345,-0.5148875713348389,-0.28342151641845703,-0.46537283062934875,-0.6409207582473755,-0.6156778931617737,-0.616701602935791,-0.5231543183326721,-0.4781697988510132,-0.44352105259895325,-0.44303157925605774
thumbs_down,0.0,0.0,-0.3047313988208771,0.2046586573123932,-0.5901634097099304,0.3985288441181183,-0.8067018985748291,0.5723795890808105,-0.9543468356132507,0.728630006313324,-0.805541455745697,-0.09110737591981888,-1.0,-0.06748347729444504,-0.837313711643219,0.023726606741547585,-0.7041205763816833,0.05715085566043854,-0.7338402271270752,-0.28544315695762634,-0.9474664926528931,-0.2581803798675537,-0.7437798380851746,-0.1246122494339943,-0.6016632914543152,-0.09780910611152649,-0.6251062750816345,-0.4661546051502228,-0.8122976422309875,-0.43844303488731384,-0.6298746466636658,-0.2842554450035095,-0.5139213800430298,-0.2628224194049835,-0.4756275713443756,-0.6259124279022217,-0.6185076832771301,-0.5773502588272095,-0.5152813196182251,-0.4374428391456604,-0.43382591009140015,-0.42363178730010986
thumbs_down,0.0,0.0,-0.309950590133667,0.20271392166614532,-0.6018246412277222,0.39123445749282837,-0.8259990811347961,0.5660457611083984,-0.9760300517082214,0.7227504849433899,-0.8060736656188965,-0.10712592303752899,-1.0,-0.10285503417253494,-0.83123779296875,-0.010099501349031925,-0.6917193531990051,0.02640310302376747,-0.7358279228210449,-0.30073633790016174,-0.949042797088623,-0.28700441122055054,-0.7434788346290588,-0.1515265256166458,-0.6044822931289673,-0.12499459087848663,-0.6291666030883789,-0.48071521520614624,-0.8167361617088318,-0.45995190739631653,-0.6313215494155884,-0.3022283613681793,-0.517036497592926,-0.27923810482025146,-0.48193976283073425,-0.6402185559272766,-0.6282094717025757,-0.5959168076515198,-0.5231181383132935,-0.45502227544784546,-0.44281747937202454,-0.44052237272262573
thumbs_down,0.0,0.0,-0.305044561624527,0.18919150531291962,-0.5925779342651367,0.373891144990921,-0.80931556224823,0.54768306016922,-0.9586741328239441,0.6900219321250916,-0.7986454963684082,-0.14249515533447266,-1.0,-0.1347508728504181,-0.8303298354148865,-0.01542394794523716,-0.689337432384491,0.03717483580112457,-0.7176602482795715,-0.32371580600738525,-0.9324708580970764,-0.29398810863494873,-0.720565915107727,-0.14388330280780792,-0.577791154384613,-0.11785171926021576,-0.6009930372238159,-0.49464014172554016,-0.7943143844604492,-0.46126824617385864,-0.6101495623588562,-0.29864799976348877,-0.49617063999176025,-0.28518539667129517,-0.446382075548172,-0.6478444933891296,-0.6008129715919495,-0.5939585566520691,-0.49566948413848877,-0.4505736827850342,-0.41319701075553894,-0.44771087169647217
thumbs_down,0.0,0.0,-0.30647653341293335,0.18673792481422424,-0.5887935757637024,0.36772671341896057,-0.8100968599319458,0.5322921276092529,-0.9645410776138306,0.6710976958274841,-0.7938905358314514,-0.1324606090784073,-1.0,-0.1306837946176529,-0.8306853175163269,-0.036226607859134674,-0.6831509470939636,0.0037676990032196045,-0.7200591564178467,-0.32312342524528503,-0.9535716772079468,-0.32014894485473633,-0.7462260127067566,-0.18293078243732452,-0.593696653842926,-0.1438119262456894,-0.6096288561820984,-0.5001207590103149,-0.8155049681663513,-0.4979642927646637,-0.6285557150840759,-0.3371845483779907,-0.4999752938747406,-0.2978059649467468,-0.45732399821281433,-0.656572699546814,-0.6142263412475586,-0.6238853931427002,-0.5129354000091553,-0.4801604449748993,-0.42487630248069763,-0.4512377679347992
thumbs_down,0.0,0.0,-0.30647653341293335,0.18673792481422424,-0.5887935757637024,0.36772671341896057,-0.8100968599319458,0.5322921276092529,-0.9645410776138306,0.6710976958274841,-0.7938905358314514,-0.1324606090784073,-1.0,-0.1306837946176529,-0.8306853175163269,-0.036226607859134674,-0.6831509470939636,0.0037676990032196045,-0.7200591564178467,-0.32312342524528503,-0.9535716772079468,-0.32014894485473633,-0.7462260127067566,-0.18293078243732452,-0.593696653842926,-0.1438119262456894,-0.6096288561820984,-0.5001207590103149,-0.8155049681663513,-0.4979642927646637,-0.6285557150840759,-0.3371845483779907,-0.4999752938747406,-0.2978059649467468,-0.45732399821281433,-0.656572699546814,-0.6142263412475586,-0.6238853931427002,-0.5129354000091553,-0.4801604449748993,-0.42487630248069763,-0.4512377679347992
thumbs_down,0.0,0.0,-0.3124125897884369,0.19403953850269318,-0.6010368466377258,0.36926141381263733,-0.8191766738891602,0.5286665558815002,-0.9708099961280823,0.6793140769004822,-0.7992765307426453,-0.1185545101761818,-1.0,-0.12034275382757187,-0.829482913017273,-0.032557498663663864,-0.6852158308029175,0.005998512264341116,-0.7225471138954163,-0.30963531136512756,-0.9457570910453796,-0.3080630302429199,-0.7397445440292358,-0.177714005112648,-0.5909666419029236,-0.13836026191711426,-0.6096801161766052,-0.4877510666847229,-0.8061318397521973,-0.4898439943790436,-0.6226906776428223,-0.33333125710487366,-0.49977734684944153,-0.29012832045555115,-0.45703181624412537,-0.6440956592559814,-0.6100895404815674,-0.6257230639457703,-0.5112770199775696,-0.4821613132953644,-0.4274078607559204,-0.4462396800518036
thumbs_down,0.0,0.0,-0.31667205691337585,0.17550021409988403,-0.6007242202758789,0.3437696397304535,-0.8143013715744019,0.5085004568099976,-0.9622319340705872,0.6512672901153564,-0.797138512134552,-0.1586541086435318,-1.0,-0.12986110150814056,-0.8297935724258423,-0.03545979782938957,-0.6920278668403625,-0.005727055948227644,-0.723109245300293,-0.3389357030391693,-0.9523038268089294,-0.30637821555137634,-0.748542308807373,-0.17308200895786285,-0.6059622168540955,-0.15109944343566895,-0.6122620701789856,-0.5031983852386475,-0.8115376830101013,-0.4789099097251892,-0.6346323490142822,-0.318894624710083,-0.5196022987365723,-0.29524916410446167,-0.4622330963611603,-0.645464301109314,-0.6067640781402588,-0.6069848537445068,-0.5162344574928284,-0.4626765251159668,-0.44009900093078613,-0.44491568207740784
thumbs_down,0.0,0.0,-0.3090626299381256,0.17579971253871918,-0.5909479856491089,0.35083237290382385,-0.8032495975494385,0.5127875208854675,-0.9506933689117432,0.6496037840843201,-0.7985248565673828,-0.15591703355312347,-1.0,-0.14833785593509674,-0.827091634273529,-0.046096071600914,-0.6873446702957153,-0.005334287881851196,-0.7205908894538879,-0.3382343649864197,-0.9418657422065735,-0.31149041652679443,-0.7350653409957886,-0.1735263615846634,-0.593483030796051,-0.14782099425792694,-0.608630359172821,-0.505185067653656,-0.8040374517440796,-0.4850161075592041,-0.6245160102844238,-0.32112807035446167,-0.509233832359314,-0.2962309718132019,-0.45649003982543945,-0.6536756157875061,-0.6025619506835938,-0.6171471476554871,-0.505683958530426,-0.4701732099056244,-0.42810750007629395,-0.4538033604621887
thumbs_down,0.0,0.0,-0.30477374792099,0.17289845645427704,-0.5891711711883545,0.3436421751976013,-0.8086425065994263,0.5020313262939453,-0.9606522917747498,0.643865704536438,-0.793034017086029,-0.15419867634773254,-1.0,-0.17173784971237183,-0.8335935473442078,-0.06314267963171005,-0.6856689453125,-0.00549639668315649,-0.7092121839523315,-0.33751627802848816,-0.940146803855896,-0.3524453938007355,-0.7408317923545837,-0.20467203855514526,-0.5876162648200989,-0.14932025969028473,-0.5896232724189758,-0.5075266361236572,-0.7926505208015442,-0.528350293636322,-0.623616099357605,-0.35407716035842896,-0.499382346868515,-0.29362088441848755,-0.4311412572860718,-0.6595126986503601,-0.5830447673797607,-0.6630154848098755,-0.4997331500053406,-0.5087619423866272,-0.42092517018318176,-0.4590589106082916
thumbs_down,0.0,0.0,-0.30477374792099,0.17289845645427704,-0.5891711711883545,0.3436421751976013,-0.8086425065994263,0.5020313262939453,-0.9606522917747498,0.643865704536438,-0.793034017086029,-0.15419867634773254,-1.0,-0.17173784971237183,-0.8335935473442078,-0.06314267963171005,-0.6856689453125,-0.00549639668315649,-0.7092121839523315,-0.33751627802848816,-0.940146803855896,-0.3524453938007355,-0.7408317923545837,-0.20467203855514526,-0.5876162648200989,-0.14932025969028473,-0.5896232724189758,-0.5075266361236572,-0.7926505208015442,-0.528350293636322,-0.623616099357605,-0.35407716035842896,-0.499382346868515,-0.29362088441848755,-0.4311412572860718,-0.6595126986503601,-0.5830447673797607,-0.6630154848098755,-0.4997331500053406,-0.5087619423866272,-0.42092517018318176,-0.4590589106082916
thumbs_down,0.0,0.0,-0.30866730213165283,0.20062948763370514,-0.598777174949646,0.3899855315685272,-0.8269945383071899,0.5586284399032593,-0.9889461398124695,0.6986364722251892,-0.7935463786125183,-0.10551867634057999,-1.0,-0.11385967582464218,-0.8311839699745178,-0.022428033873438835,-0.6768463253974915,0.032604824751615524,-0.718172550201416,-0.29956376552581787,-0.9512767195701599,-0.3078637421131134,-0.7507222294807434,-0.1747966855764389,-0.5927828550338745,-0.12031777203083038,-0.6046612858772278,-0.47775694727897644,-0.8071731328964233,-0.4780017137527466,-0.6258921027183533,-0.321990430355072,-0.49443286657333374,-0.26845642924308777,-0.4516037404537201,-0.6313489675521851,-0.6024008393287659,-0.5946595668792725,-0.5007654428482056,-0.4549594819545746,-0.41030728816986084,-0.4202791154384613
thumbs_down,0.0,0.0,-0.31317827105522156,0.17999033629894257,-0.6006974577903748,0.36236122250556946,-0.8145752549171448,0.5178288221359253,-0.9679791927337646,0.6476528644561768,-0.8003435134887695,-0.13421635329723358,-1.0,-0.12388826906681061,-0.8506239652633667,-0.016320647671818733,-0.7140403389930725,0.03859614580869675,-0.7265434265136719,-0.31957775354385376,-0.9444023966789246,-0.314615398645401,-0.7598386406898499,-0.17118404805660248,-0.6110804677009583,-0.1227460578083992,-0.6178991198539734,-0.4919653832912445,-0.8112815618515015,-0.461650550365448,-0.6391502618789673,-0.29739564657211304,-0.511178195476532,-0.2568643093109131,-0.46987760066986084,-0.6410753130912781,-0.6301739811897278,-0.5910486578941345,-0.5309714078903198,-0.45058414340019226,-0.4363369345664978,-0.4230443835258484
thumbs_down,0.0,0.0,-0.31524458527565,0.1925884187221527,-0.6110574007034302,0.3787822425365448,-0.8368278741836548,0.5482540726661682,-0.9956724643707275,0.6829142570495605,-0.8027535080909729,-0.11748496443033218,-1.0,-0.09773886203765869,-0.8419002890586853,0.003645467571914196,-0.7018836736679077,0.04916923865675926,-0.7276014685630798,-0.30829092860221863,-0.9465252757072449,-0.2892611026763916,-0.7561330795288086,-0.14651042222976685,-0.6095348596572876,-0.10803107917308807,-0.6179656982421875,-0.4833208918571472,-0.8177068829536438,-0.4559404253959656,-0.6461426019668579,-0.29361963272094727,-0.5221080780029297,-0.26240599155426025,-0.468949556350708,-0.6347402930259705,-0.6242473721504211,-0.5847758650779724,-0.5287833213806152,-0.44606778025627136,-0.4401947557926178,-0.4278535842895508
thumbs_down,0.0,0.0,-0.31887829303741455,0.17878666520118713,-0.6032727956771851,0.34601646661758423,-0.8240838646888733,0.5021063089370728,-0.989579975605011,0.6377745866775513,-0.7847557067871094,-0.1283455193042755,-1.0,-0.1212083101272583,-0.8383453488349915,-0.02744416519999504,-0.6923876404762268,0.016388144344091415,-0.7094935774803162,-0.316847026348114,-0.9470118880271912,-0.3279438018798828,-0.7588606476783752,-0.19213390350341797,-0.6060545444488525,-0.1402696669101715,-0.6001369953155518,-0.49484774470329285,-0.8195222020149231,-0.4971253573894501,-0.6501372456550598,-0.3382737338542938,-0.519949734210968,-0.2848818302154541,-0.45304951071739197,-0.6501580476760864,-0.61578369140625,-0.6134585738182068,-0.5276448130607605,-0.4761184751987457,-0.43923264741897583,-0.43920087814331055
thumbs_down,0.0,0.0,-0.31887829303741455,0.17878666520118713,-0.6032727956771851,0.34601646661758423,-0.8240838646888733,0.5021063089370728,-0.989579975605011,0.6377745866775513,-0.7847557067871094,-0.1283455193042755,-1.0,-0.1212083101272583,-0.8383453488349915,-0.02744416519999504,-0.6923876404762268,0.016388144344091415,-0.7094935774803162,-0.316847026348114,-0.9470118880271912,-0.3279438018798828,-0.7588606476783752,-0.19213390350341797,-0.6060545444488525,-0.1402696669101715,-0.6001369953155518,-0.49484774470329285,-0.8195222020149231,-0.4971253573894501,-0.6501372456550598,-0.3382737338542938,-0.519949734210968,-0.2848818302154541,-0.45304951071739197,-0.6501580476760864,-0.61578369140625,-0.6134585738182068,-0.5276448130607605,-0.4761184751987457,-0.43923264741897583,-0.43920087814331055
thumbs_down,0.0,0.0,-0.30520981550216675,0.2037069946527481,-0.599361002445221,0.3961502015590668,-0.830846905708313,0.5754741430282593,-1.0,0.7183005809783936,-0.7931376099586487,-0.12643232941627502,-0.9989693760871887,-0.12062080949544907,-0.8245540261268616,-0.00318931951187551,-0.6745923161506653,0.04072600603103638,-0.7121604681015015,-0.3159625232219696,-0.9410504698753357,-0.32509177923202515,-0.7385625839233398,-0.16838596761226654,-0.5804151296615601,-0.12535464763641357,-0.60151207447052,-0.49636247754096985,-0.8224170207977295,-0.4891228675842285,-0.6313416361808777,-0.31239643692970276,-0.49378207325935364,-0.278278648853302,-0.45028653740882874,-0.6566033363342285,-0.6343913674354553,-0.6041062474250793,-0.51506108045578,-0.4588194489479065,-0.4036948084831238,-0.4496111273765564
thumbs_down,0.0,0.0,-0.32032546401023865,0.18738992512226105,-0.6066665053367615,0.3627236485481262,-0.833379864692688,0.5243954062461853,-1.0,0.6547325849533081,-0.7904843091964722,-0.14889974892139435,-0.9995800852775574,-0.13799403607845306,-0.8252833485603333,-0.03434828668832779,-0.6775615215301514,0.0046681975945830345,-0.71259605884552,-0.33828604221343994,-0.9540446400642395,-0.33018597960472107,-0.7487574219703674,-0.18334195017814636,-0.5984525084495544,-0.1467830091714859,-0.6001400947570801,-0.5103874802589417,-0.8194097876548767,-0.49809110164642334,-0.6389598846435547,-0.3317633867263794,-0.5123886466026306,-0.2958853840827942,-0.45121458172798157,-0.6592931151390076,-0.6154347658157349,-0.6215758919715881,-0.5213645100593567,-0.47447824478149414,-0.4330180585384369,-0.4489430785179138
thumbs_down,0.0,0.0,-0.3069199025630951,0.1736251264810562,-0.6002119779586792,0.36294394731521606,-0.8259117603302002,0.5384028553962708,-0.9927029609680176,0.6792978048324585,-0.7881103754043579,-0.16900937259197235,-1.0,-0.15468434989452362,-0.8452869653701782,-0.031283460557460785,-0.7014578580856323,0.01008037943392992,-0.7066166400909424,-0.3607049882411957,-0.9381743669509888,-0.3501106798648834,-0.7546481490135193,-0.19468890130519867,-0.6021153330802917,-0.14702969789505005,-0.5918916463851929,-0.5340997576713562,-0.8061323165893555,-0.501632809638977,-0.6400096416473389,-0.3330558240413666,-0.5064645409584045,-0.29232150316238403,-0.44303175806999207,-0.68183434009552,-0.620986819267273,-0.6361100077629089,-0.5306469798088074,-0.4929795563220978,-0.431931734085083,-0.46175092458724976
thumbs_down,0.0,0.0,-0.3221772313117981,0.1750863790512085,-0.615620493888855,0.3450447618961334,-0.8375054597854614,0.5140506625175476,-0.9879031181335449,0.6588470339775085,-0.7951325178146362,-0.14709383249282837,-1.0,-0.1255945861339569,-0.8513120412826538,-0.027137232944369316,-0.7125552296638489,0.02539270743727684,-0.7208333611488342,-0.3236783742904663,-0.9436916708946228,-0.301758736371994,-0.7603811025619507,-0.1696828007698059,-0.6093804240226746,-0.12055905908346176,-0.6111049652099609,-0.4902484714984894,-0.8172390460968018,-0.4688044488430023,-0.6521665453910828,-0.31375133991241455,-0.523625910282135,-0.2703157067298889,-0.46095010638237,-0.6313604116439819,-0.6212292313575745,-0.5873156189918518,-0.5305842757225037,-0.4483618140220642,-0.43803179264068604,-0.41909512877464294
thumbs_down,0.0,0.0,-0.3221772313117981,0.1750863790512085,-0.615620493888855,0.3450447618961334,-0.8375054597854614,0.5140506625175476,-0.9879031181335449,0.6588470339775085,-0.7951325178146362,-0.14709383249282837,-1.0,-0.1255945861339569,-0.8513120412826538,-0.027137232944369316,-0.7125552296638489,0.02539270743727684,-0.7208333611488342,-0.3236783742904663,-0.9436916708946228,-0.301758736371994,-0.7603811025619507,-0.1696828007698059,-0.6093804240226746,-0.12055905908346176,-0.6111049652099609,-0.4902484714984894,-0.8172390460968018,-0.4688044488430023,-0.6521665453910828,-0.31375133991241455,-0.523625910282135,-0.2703157067298889,-0.46095010638237,-0.6313604116439819,-0.6212292313575745,-0.5873156189918518,-0.5305842757225037,-0.4483618140220642,-0.43803179264068604,-0.41909512877464294
thumbs_down,0.0,0.0,-0.31854650378227234,0.1783747524023056,-0.6064225435256958,0.3605487644672394,-0.8226631283760071,0.5330569744110107,-0.9738797545433044,0.6819262504577637,-0.7861016988754272,-0.13409116864204407,-1.0,-0.1110561192035675,-0.8584939241409302,-0.01149201113730669,-0.7182595133781433,0.04040078446269035,-0.7094119787216187,-0.31701135635375977,-0.940839409828186,-0.3159351050853729,-0.7693882584571838,-0.18117906153202057,-0.6131713390350342,-0.12320764362812042,-0.5989171862602234,-0.4871419072151184,-0.8099080920219421,-0.46787139773368835,-0.6477965712547302,-0.30902716517448425,-0.5113268494606018,-0.25594833493232727,-0.4508601725101471,-0.6335141062736511,-0.6236539483070374,-0.5840062499046326,-0.5307390689849854,-0.45069974660873413,-0.4277655780315399,-0.41927066445350647
thumbs_down,0.0,0.0,-0.30775681138038635,0.14898888766765594,-0.5919033288955688,0.3193868100643158,-0.8125729560852051,0.478617399930954,-0.9822548031806946,0.6156449317932129,-0.7739760875701904,-0.23162966966629028,-1.0,-0.2004997432231903,-0.8513129353523254,-0.06508755683898926,-0.7090394496917725,-0.018035365268588066,-0.6914653182029724,-0.4127303659915924,-0.9321991205215454,-0.3842974901199341,-0.7581426501274109,-0.21437311172485352,-0.6045212745666504,-0.1539086550474167,-0.5762121677398682,-0.5765729546546936,-0.8088203072547913,-0.538836658000946,-0.6487041711807251,-0.3551613986492157,-0.5052534341812134,-0.289438933134079,-0.426418662071228,-0.7143594026565552,-0.6259871125221252,-0.6820671558380127,-0.5398337841033936,-0.5301588177680969,-0.42968985438346863,-0.4772109389305115
thumbs_down,0.0,0.0,-0.3144835829734802,0.20395982265472412,-0.6109623908996582,0.3900558352470398,-0.8378526568412781,0.5496625304222107,-0.9954119324684143,0.6834205985069275,-0.8005467653274536,-0.1090431660413742,-1.0,-0.08156920224428177,-0.8354554176330566,0.02829129248857498,-0.698584794998169,0.07186949998140335,-0.7224989533424377,-0.30228474736213684,-0.9412830471992493,-0.28043830394744873,-0.7408165335655212,-0.1342182606458664,-0.5935712456703186,-0.09857605397701263,-0.6096518039703369,-0.4811653196811676,-0.8078392744064331,-0.45210757851600647,-0.627567708492279,-0.28199130296707153,-0.5053667426109314,-0.2506871521472931,-0.45674532651901245,-0.6362926363945007,-0.6094732284545898,-0.5826515555381775,-0.5087327361106873,-0.4326891601085663,-0.4225319027900696,-0.41313043236732483
thumbs_down,0.0,0.0,-0.3154500722885132,0.17866787314414978,-0.605541467666626,0.352873295545578,-0.8272997736930847,0.5077951550483704,-0.9861984848976135,0.6281829476356506,-0.8002396821975708,-0.16150516271591187,-1.0,-0.14792560040950775,-0.8281360268592834,-0.04268242418766022,-0.6907483339309692,-0.009022407233715057,-0.717101514339447,-0.34544801712036133,-0.9321652054786682,-0.3154495358467102,-0.7260405421257019,-0.16902394592761993,-0.5886898040771484,-0.14454525709152222,-0.5990312099456787,-0.5148263573646545,-0.796369194984436,-0.4910013973712921,-0.6133105754852295,-0.3192262649536133,-0.49863094091415405,-0.2913333773612976,-0.44309255480766296,-0.6607778072357178,-0.5971289873123169,-0.6231623888015747,-0.4964090883731842,-0.47143545746803284,-0.4151701033115387,-0.45178332924842834
thumbs_down,0.0,0.0,-0.31919896602630615,0.1490667760372162,-0.6073845028877258,0.31738629937171936,-0.8287935256958008,0.49327442049980164,-1.0,0.6427026391029358,-0.7777632474899292,-0.2333272397518158,-0.9958765506744385,-0.20082636177539825,-0.84213787317276,-0.07491712272167206,-0.699347198009491,-0.036401424556970596,-0.69892418384552,-0.41341859102249146,-0.9328440427780151,-0.40423712134361267,-0.7550999522209167,-0.23900742828845978,-0.6054502725601196,-0.1905265897512436,-0.5855017304420471,-0.5761733651161194,-0.8055192828178406,-0.5551900863647461,-0.6428183317184448,-0.374581903219223,-0.5079702138900757,-0.3236212432384491,-0.43755337595939636,-0.7125114798545837,-0.6200352907180786,-0.6745156645774841,-0.5297296047210693,-0.5303009748458862,-0.42454394698143005,-0.5003234148025513
thumbs_down,0.0,0.0,-0.3118203580379486,0.15806499123573303,-0.6016634106636047,0.34265872836112976,-0.829465389251709,0.5082685351371765,-1.0,0.636584460735321,-0.7820950746536255,-0.21935607492923737,-0.9950122237205505,-0.18586067855358124,-0.8441994190216064,-0.05472589656710625,-0.7021522521972656,-0.01022977102547884,-0.6964556574821472,-0.4089459180831909,-0.9282322525978088,-0.39035218954086304,-0.7558871507644653,-0.22615380585193634,-0.6059672832489014,-0.16961608827114105,-0.5765223503112793,-0.5739018321037292,-0.8007104396820068,-0.5554145574569702,-0.647384762763977,-0.3731386959552765,-0.5100220441818237,-0.30964845418930054,-0.42179206013679504,-0.7080279588699341,-0.6127743721008301,-0.6867402791976929,-0.5360206961631775,-0.533274233341217,-0.43495315313339233,-0.4794202744960785
thumbs_down,0.0,0.0,-0.31434231996536255,0.16706134378910065,-0.597449004650116,0.34211650490760803,-0.8268486857414246,0.5120179653167725,-1.0,0.6509546637535095,-0.7470242977142334,-0.18192872405052185,-0.9708016514778137,-0.16660454869270325,-0.8338592648506165,-0.053173936903476715,-0.6980115175247192,-0.003709689248353243,-0.6701781153678894,-0.3631073236465454,-0.9084104895591736,-0.3590746521949768,-0.7421891689300537,-0.2068541944026947,-0.5987294316291809,-0.15221543610095978,-0.561086893081665,-0.5301077365875244,-0.7879984378814697,-0.5277424454689026,-0.6354027986526489,-0.350918173789978,-0.5062439441680908,-0.29076138138771057,-0.41788652539253235,-0.6714522838592529,-0.6049942374229431,-0.6588070392608643,-0.5283949375152588,-0.5141136050224304,-0.4347752630710602,-0.4696952700614929
thumbs_down,0.0,0.0,-0.28184086084365845,0.15205292403697968,-0.5730960369110107,0.31278398633003235,-0.8221050500869751,0.4703997075557709,-1.0,0.6279498934745789,-0.7159411907196045,-0.28482189774513245,-0.963057279586792,-0.21772530674934387,-0.8203038573265076,-0.08498629927635193,-0.6644381880760193,-0.04685308784246445,-0.6397309303283691,-0.47298598289489746,-0.8936672210693359,-0.4346074163913727,-0.7279999256134033,-0.27461981773376465,-0.5624052286148071,-0.20626553893089294,-0.5358352661132812,-0.6462713479995728,-0.7920929193496704,-0.6007213592529297,-0.6389871835708618,-0.43772584199905396,-0.4802256226539612,-0.36893028020858765,-0.3959486484527588,-0.790398120880127,-0.6086249351501465,-0.7322970628738403,-0.5320671200752258,-0.5980684161186218,-0.41346389055252075,-0.5419557690620422
thumbs_down,0.0,0.0,-0.31158167123794556,0.16835549473762512,-0.5961613655090332,0.3256658613681793,-0.8253069519996643,0.47680890560150146,-1.0,0.6120944619178772,-0.7588697671890259,-0.19231006503105164,-0.9760721921920776,-0.1515565663576126,-0.8295287489891052,-0.05637593939900398,-0.6903316378593445,-0.03139488399028778,-0.6866397261619568,-0.37614741921424866,-0.9243423938751221,-0.3673299252986908,-0.7548575401306152,-0.23223841190338135,-0.6111724376678467,-0.18232311308383942,-0.5859642028808594,-0.545383632183075,-0.825821578502655,-0.5289469957351685,-0.665152370929718,-0.369429349899292,-0.5308486819267273,-0.3130963146686554,-0.447000652551651,-0.6879130005836487,-0.6412267684936523,-0.6377543210983276,-0.5531582236289978,-0.5075571537017822,-0.4529762864112854,-0.47201183438301086
thumbs_down,0.0,0.0,-0.32147693634033203,0.15646038949489594,-0.6037467122077942,0.3285914361476898,-0.8269535899162292,0.4884454607963562,-1.0,0.6142863631248474,-0.7447856664657593,-0.21370871365070343,-0.977692723274231,-0.1899222880601883,-0.838640570640564,-0.0557522177696228,-0.699461817741394,0.00010318846761947498,-0.6657846570014954,-0.39785999059677124,-0.9099414944648743,-0.37295275926589966,-0.7455084323883057,-0.20990608632564545,-0.5984649658203125,-0.15823116898536682,-0.5574023127555847,-0.5681224465370178,-0.8062447905540466,-0.5426504015922546,-0.6481053829193115,-0.36252763867378235,-0.5053622722625732,-0.313871294260025,-0.41364580392837524,-0.7074337601661682,-0.6293163299560547,-0.660125732421875,-0.538508951663971,-0.5033379793167114,-0.42310601472854614,-0.4629901051521301
thumbs_down,0.0,0.0,-0.3156292140483856,0.1953153759241104,-0.6099287271499634,0.3535940647125244,-0.8384387493133545,0.49192148447036743,-1.0,0.6304359436035156,-0.7756689786911011,-0.12210017442703247,-0.9782370328903198,-0.12879545986652374,-0.8222259283065796,-0.03505611792206764,-0.6698992848396301,0.006679298356175423,-0.6967430710792542,-0.31314828991889954,-0.9174043536186218,-0.3282149136066437,-0.7334093451499939,-0.1851026862859726,-0.5783917307853699,-0.13196536898612976,-0.5850778222084045,-0.49329081177711487,-0.7874118089675903,-0.4989413619041443,-0.620803713798523,-0.33098962903022766,-0.4901626408100128,-0.28174862265586853,-0.43261945247650146,-0.6519922018051147,-0.5903984904289246,-0.619251012802124,-0.4972536861896515,-0.4735093414783478,-0.4064284861087799,-0.4429951608181
thumbs_down,0.0,0.0,-0.3130378723144531,0.19004878401756287,-0.6025108695030212,0.36626407504081726,-0.8338687419891357,0.517875611782074,-1.0,0.6502739191055298,-0.7709338068962097,-0.15335804224014282,-0.9674647450447083,-0.134268656373024,-0.8187306523323059,-0.03237718716263771,-0.6804104447364807,0.003672131337225437,-0.6903956532478333,-0.3418861925601959,-0.902414858341217,-0.3366392254829407,-0.7325732707977295,-0.193577378988266,-0.5907048583030701,-0.15047727525234222,-0.5796618461608887,-0.5138849020004272,-0.776882529258728,-0.4893694818019867,-0.619612991809845,-0.3213634788990021,-0.49901115894317627,-0.2806421220302582,-0.43136534094810486,-0.6610742807388306,-0.5968482494354248,-0.6137800216674805,-0.5088592767715454,-0.47197121381759644,-0.4198110103607178,-0.44640207290649414
thumbs_down,0.0,0.0,-0.3130378723144531,0.19004878401756287,-0.6025108695030212,0.36626407504081726,-0.8338687419891357,0.517875611782074,-1.0,0.6502739191055298,-0.7709338068962097,-0.15335804224014282,-0.9674647450447083,-0.134268656373024,-0.8187306523323059,-0.03237718716263771,-0.6804104447364807,0.003672131337225437,-0.6903956532478333,-0.3418861925601959,-0.902414858341217,-0.3366392254829407,-0.7325732707977295,-0.193577378988266,-0.5907048583030701,-0.15047727525234222,-0.5796618461608887,-0.5138849020004272,-0.776882529258728,-0.4893694818019867,-0.619612991809845,-0.3213634788990021,-0.49901115894317627,-0.2806421220302582,-0.43136534094810486,-0.6610742807388306,-0.5968482494354248,-0.6137800216674805,-0.5088592767715454,-0.47197121381759644,-0.4198110103607178,-0.44640207290649414
thumbs_down,0.0,0.0,-0.32250064611434937,0.15261608362197876,-0.6111293435096741,0.3152048587799072,-0.8306921124458313,0.46527546644210815,-1.0,0.5816441178321838,-0.7741540670394897,-0.2353888303041458,-0.9837791323661804,-0.1925009936094284,-0.8376241326332092,-0.05844612047076225,-0.7054774165153503,-0.015982145443558693,-0.6926475167274475,-0.41608068346977234,-0.9195860028266907,-0.3812403678894043,-0.7481063008308411,-0.21126744151115417,-0.6055149435997009,-0.16168060898780823,-0.5792952179908752,-0.5745667815208435,-0.7967177629470825,-0.528143584728241,-0.6393030881881714,-0.3380706310272217,-0.5148175358772278,-0.29160138964653015,-0.42811375856399536,-0.7012385129928589,-0.6131011247634888,-0.6521891951560974,-0.52132248878479,-0.4972947835922241,-0.4216004014015198,-0.4697554409503937
thumbs_down,0.0,0.0,-0.30913063883781433,0.16878044605255127,-0.5984108448028564,0.34126904606819153,-0.8307688236236572,0.49782150983810425,-1.0,0.6287509202957153,-0.7483047842979431,-0.17157922685146332,-0.9567869305610657,-0.16025273501873016,-0.810547411441803,-0.04750450327992439,-0.6692221760749817,-0.0036823973059654236,-0.666575014591217,-0.357095330953598,-0.8961654305458069,-0.3725477457046509,-0.7287457585334778,-0.21766449511051178,-0.5813707709312439,-0.15916718542575836,-0.5531238317489624,-0.5243368744850159,-0.7627793550491333,-0.5208118557929993,-0.6120195388793945,-0.3407331705093384,-0.4884495735168457,-0.2865970730781555,-0.4041025936603546,-0.6619685292243958,-0.582363486289978,-0.6429766416549683,-0.5020586848258972,-0.4898879826068878,-0.4095778465270996,-0.4493389129638672
thumbs_down,0.0,0.0,-0.30831652879714966,0.17157943546772003,-0.6027570366859436,0.33733081817626953,-0.8318832516670227,0.4904975891113281,-1.0,0.6262475252151489,-0.7667258977890015,-0.1935260146856308,-0.9780945181846619,-0.18657788634300232,-0.8323958516120911,-0.06756515055894852,-0.6884549260139465,-0.01577451080083847,-0.6826055645942688,-0.3795880973339081,-0.9076438546180725,-0.3879685401916504,-0.7343817949295044,-0.23289093375205994,-0.5777977108955383,-0.1661427766084671,-0.5691859722137451,-0.5528576970100403,-0.7833223938941956,-0.5402531623840332,-0.6231857538223267,-0.3646608591079712,-0.48534733057022095,-0.3046422004699707,-0.4203851819038391,-0.702709972858429,-0.604147732257843,-0.6595233082771301,-0.5111249685287476,-0.5179622769355774,-0.40455344319343567,-0.4820680022239685
thumbs_down,0.0,0.0,-0.3093651235103607,0.14566873013973236,-0.5970261693000793,0.3041113615036011,-0.8224571347236633,0.4608112573623657,-1.0,0.5878853797912598,-0.7490785121917725,-0.24360164999961853,-0.9712117910385132,-0.19912710785865784,-0.8338954448699951,-0.08447854220867157,-0.7021289467811584,-0.0473310723900795,-0.6659450531005859,-0.4217047691345215,-0.9047450423240662,-0.4087235927581787,-0.7413372993469238,-0.2556820809841156,-0.5987008213996887,-0.20008203387260437,-0.553464949131012,-0.5764838457107544,-0.7833805084228516,-0.5579543113708496,-0.6281984448432922,-0.38812994956970215,-0.4950047433376312,-0.32802096009254456,-0.4084201753139496,-0.700263261795044,-0.600616455078125,-0.669439971446991,-0.5142430067062378,-0.5297558903694153,-0.4097059369087219,-0.4892255365848541
thumbs_down,0.0,0.0,-0.31168681383132935,0.183247372508049,-0.6068302989006042,0.3518179953098297,-0.839186429977417,0.5056167244911194,-1.0,0.6536884903907776,-0.7745799422264099,-0.15256792306900024,-0.9707838892936707,-0.1450623720884323,-0.8161585927009583,-0.03796357288956642,-0.6711705327033997,0.01173569168895483,-0.6897718906402588,-0.3436788320541382,-0.9080914258956909,-0.34815505146980286,-0.7338319420814514,-0.20160765945911407,-0.5839366912841797,-0.14959502220153809,-0.5740312933921814,-0.5166797041893005,-0.7750518321990967,-0.5159569978713989,-0.6178730130195618,-0.3455136716365814,-0.49191734194755554,-0.2945154309272766,-0.41941776871681213,-0.6658892631530762,-0.5807783007621765,-0.6437674164772034,-0.4955674111843109,-0.49443793296813965,-0.4071674942970276,-0.45389804244041443
swipe_left,0.0,0.0,0.05965371057391167,-0.19671882688999176,0.08604095131158829,-0.39338573813438416,0.12231028079986572,-0.5304779410362244,0.15718194842338562,-0.6390915513038635,0.0924304649233818,-0.5116541981697083,0.040316611528396606,-0.7328308820724487,0.00774144334718585,-0.876896321773529,-0.020067954435944557,-0.9936366081237793,0.06827684491872787,-0.48657771944999695,0.002876866376027465,-0.7054436802864075,-0.036450497806072235,-0.8612841963768005,-0.06931158900260925,-1.0,0.043632570654153824,-0.4368398189544678,-0.015755396336317062,-0.6196187734603882,-0.046980030834674835,-0.7659274339675903,-0.07525453716516495,-0.890348494052887,0.02316506952047348,-0.3534412682056427,-0.01746826432645321,-0.4771420955657959,-0.033197179436683655,-0.573607325553894,-0.04597655311226845,-0.6609053611755371
swipe_left,0.0,0.0,-0.033394426107406616,-0.24132569134235382,-0.039060987532138824,-0.47432902455329895,-0.04449291527271271,-0.6574394106864929,-0.049081332981586456,-0.8057920932769775,0.03510338440537453,-0.5678581595420837,0.006810980848968029,-0.7784127593040466,-0.02441282384097576,-0.8957205414772034,-0.051242996007204056,-0.9978881478309631,0.05390528216958046,-0.5419358611106873,0.015138597227633,-0.7505534291267395,-0.020654482766985893,-0.8860252499580383,-0.05587093159556389,-1.0,0.06436266005039215,-0.4982157051563263,0.03650796413421631,-0.6816179156303406,0.0037388636264950037,-0.8080001473426819,-0.031748492270708084,-0.9148126244544983,0.07265568524599075,-0.4388323724269867,0.049403510987758636,-0.5847837328910828,0.025536084547638893,-0.6791964769363403,0.00497037498280406,-0.7646788358688354
swipe_left,0.0,0.0,0.03382880240678787,-0.2564273476600647,0.019190015271306038,-0.46814674139022827,-0.010842915624380112,-0.6296218633651733,-0.033383049070835114,-0.7482932806015015,0.05886704474687576,-0.5218417048454285,-0.0005958629189990461,-0.7459363341331482,-0.03798315301537514,-0.8859753012657166,-0.06861412525177002,-1.0,0.032641440629959106,-0.4841729700565338,-0.0324685275554657,-0.7099773287773132,-0.06997494399547577,-0.8623590469360352,-0.0991934984922409,-0.9936392307281494,-0.00044236984103918076,-0.4143873155117035,-0.050604384392499924,-0.6067721247673035,-0.07940129935741425,-0.7452049255371094,-0.10295140743255615,-0.8659478425979614,-0.03918011486530304,-0.31764042377471924,-0.066940538585186,-0.3852226436138153,-0.07816854864358902,-0.46462711691856384,-0.08845007419586182,-0.5451810956001282
swipe_left,0.0,0.0,0.009470837190747261,-0.22620655596256256,-0.007517790421843529,-0.437800794839859,-0.0326116643846035,-0.5993598699569702,-0.055332016199827194,-0.7145820260047913,0.0511162132024765,-0.5556167960166931,-0.004864288028329611,-0.7770562171936035,-0.05212581902742386,-0.8981836438179016,-0.08960188180208206,-0.9955723881721497,0.04226267337799072,-0.5328788161277771,-0.022875376045703888,-0.7467712163925171,-0.06880886852741241,-0.8856870532035828,-0.1108369454741478,-1.0,0.024669824168086052,-0.48188942670822144,-0.02945755049586296,-0.6590014696121216,-0.07177498936653137,-0.7976227402687073,-0.11601999402046204,-0.9058836102485657,0.008024773560464382,-0.40265411138534546,-0.031651683151721954,-0.5149064660072327,-0.061097051948308945,-0.6073903441429138,-0.09363852441310883,-0.6887811422348022
swipe_left,0.0,0.0,-0.11261189728975296,-0.1032249853014946,-0.1517087072134018,-0.3018723726272583,-0.14801965653896332,-0.44745761156082153,-0.1788838505744934,-0.5588089227676392,-0.06862763315439224,-0.5115222334861755,-0.07599961757659912,-0.7118261456489563,-0.09108886867761612,-0.8408091068267822,-0.10963676124811172,-0.9436616897583008,-0.008109408430755138,-0.504736602306366,-0.013282151892781258,-0.7251969575881958,-0.026796163991093636,-0.8746849894523621,-0.04260299727320671,-1.0,0.04501035436987877,-0.45851731300354004,0.052895642817020416,-0.6707677841186523,0.04676239937543869,-0.8097805976867676,0.035376742482185364,-0.9284601807594299,0.09300369769334793,-0.3801918029785156,0.1162581667304039,-0.5400369763374329,0.11889790743589401,-0.6568188667297363,0.11625159531831741,-0.7627630829811096
swipe_left,0.0,0.0,-0.1225554347038269,-0.09097259491682053,-0.1843651682138443,-0.27515092492103577,-0.18902236223220825,-0.4204922914505005,-0.21377868950366974,-0.536872386932373,-0.09649007022380829,-0.5083418488502502,-0.11606328934431076,-0.7071921229362488,-0.13531354069709778,-0.8339444994926453,-0.15758904814720154,-0.9365499019622803,-0.02426566556096077,-0.5117168426513672,-0.03591965138912201,-0.7279148101806641,-0.05531008541584015,-0.8762273192405701,-0.07851468026638031,-1.0,0.04106594994664192,-0.4753034710884094,0.04227815195918083,-0.6820186376571655,0.0328407883644104,-0.8223259449005127,0.0182352252304554,-0.9401807188987732,0.10085044801235199,-0.4076547920703888,0.11374329030513763,-0.573903501033783,0.11477678269147873,-0.6906636357307434,0.11201899498701096,-0.7946329712867737
swipe_left,0.0,0.0,-0.12574836611747742,-0.09257995337247849,-0.19144435226917267,-0.28740373253822327,-0.20728184282779694,-0.4380606710910797,-0.2384769767522812,-0.554705798625946,-0.10725996643304825,-0.515937089920044,-0.13349243998527527,-0.7107164263725281,-0.15964670479297638,-0.8316420316696167,-0.1868235319852829,-0.9312404990196228,-0.04018867015838623,-0.5199970006942749,-0.058211009949445724,-0.7332937121391296,-0.08174503594636917,-0.8778098821640015,-0.10522525012493134,-1.0,0.022171100601553917,-0.48330292105674744,0.019043929874897003,-0.6882880330085754,0.004192600958049297,-0.8213751912117004,-0.013198639266192913,-0.9335020780563354,0.08195805549621582,-0.41496023535728455,0.08992220461368561,-0.5784958600997925,0.08538126200437546,-0.6902536153793335,0.07807887345552444,-0.7896835207939148
swipe_left,0.0,0.0,-0.11567428708076477,-0.1088532954454422,-0.16665568947792053,-0.29882174730300903,-0.17553460597991943,-0.44125306606292725,-0.2129402607679367,-0.551142156124115,-0.08813496679067612,-0.5317977070808411,-0.10967779904603958,-0.7259674668312073,-0.13047370314598083,-0.843898594379425,-0.1515841782093048,-0.9460930228233337,-0.026149393990635872,-0.5305168032646179,-0.04030919075012207,-0.7440280318260193,-0.06311891227960587,-0.8836899995803833,-0.08747483789920807,-1.0,0.0313030406832695,-0.48994141817092896,0.02807137928903103,-0.6963058710098267,0.012815648689866066,-0.8313676714897156,-0.004982185550034046,-0.942038893699646,0.08524256944656372,-0.4195365607738495,0.09826592355966568,-0.5836449861526489,0.09658334404230118,-0.6989713907241821,0.09121761471033096,-0.8004310727119446
swipe_left,0.0,0.0,-0.12360597401857376,-0.09162618219852448,-0.18730352818965912,-0.28539812564849854,-0.20169150829315186,-0.4259730875492096,-0.2352627068758011,-0.5218994617462158,-0.10225881636142731,-0.5292251110076904,-0.12457823008298874,-0.7239224314689636,-0.14595644176006317,-0.8425700664520264,-0.16877833008766174,-0.9436763525009155,-0.03598831966519356,-0.5306586623191833,-0.056265417486429214,-0.7422804236412048,-0.07922234386205673,-0.8814019560813904,-0.1011420488357544,-1.0,0.02612886391580105,-0.4931321144104004,0.018556494265794754,-0.7008047103881836,0.0037513356655836105,-0.8323612213134766,-0.012163854204118252,-0.9410481452941895,0.08688851445913315,-0.4235042929649353,0.0934722051024437,-0.5872542262077332,0.08511307835578918,-0.6984975337982178,0.07400742173194885,-0.7953947186470032
swipe_left,0.0,0.0,-0.12206552177667618,-0.08974052220582962,-0.18558835983276367,-0.27062636613845825,-0.19914643466472626,-0.40765145421028137,-0.22957837581634521,-0.5143254399299622,-0.1016194298863411,-0.5147942900657654,-0.1264977753162384,-0.7128850221633911,-0.14771147072315216,-0.8372586369514465,-0.16859571635723114,-0.9424024224281311,-0.03561203181743622,-0.5172351002693176,-0.05510891601443291,-0.7329065203666687,-0.07784732431173325,-0.878581166267395,-0.09957088530063629,-1.0,0.026826830580830574,-0.48152077198028564,0.02160009928047657,-0.6914173364639282,0.005422411020845175,-0.8297922611236572,-0.012483441270887852,-0.9431254863739014,0.08841428905725479,-0.4144970774650574,0.09829865396022797,-0.5803820490837097,0.09444236010313034,-0.6972827315330505,0.08685396611690521,-0.801831841468811
swipe_left,0.0,0.0,-0.12516279518604279,-0.08419308066368103,-0.1856689751148224,-0.27188095450401306,-0.19383035600185394,-0.4179914891719818,-0.23160512745380402,-0.5185893177986145,-0.10434570163488388,-0.518072783946991,-0.1303754448890686,-0.7159700393676758,-0.1520487666130066,-0.8384122848510742,-0.17247004806995392,-0.9422794580459595,-0.037957604974508286,-0.5221266150474548,-0.06172037124633789,-0.7366080284118652,-0.08698941767215729,-0.8788489699363708,-0.10980837047100067,-1.0,0.02376977540552616,-0.48684507608413696,0.015979882329702377,-0.6961108446121216,-0.0015761025715619326,-0.8321722745895386,-0.019078627228736877,-0.944068968296051,0.08373815566301346,-0.4201401472091675,0.09158065915107727,-0.5872799158096313,0.08706037700176239,-0.7027048468589783,0.08115138858556747,-0.8035483360290527
swipe_left,0.0,0.0,-0.11911167204380035,-0.09141800552606583,-0.17860591411590576,-0.2728739082813263,-0.18925677239894867,-0.41142821311950684,-0.21989351511001587,-0.5187943577766418,-0.09744210541248322,-0.5228933095932007,-0.12295743823051453,-0.7186353206634521,-0.14538563787937164,-0.8415392637252808,-0.16744738817214966,-0.9463077187538147,-0.0348377488553524,-0.5258622765541077,-0.05655263736844063,-0.7386510968208313,-0.08240260928869247,-0.8820242881774902,-0.1066410019993782,-1.0,0.023897863924503326,-0.49032482504844666,0.018490644171833992,-0.6981176733970642,0.001235693460330367,-0.8368073105812073,-0.01734163798391819,-0.9481842517852783,0.08094091713428497,-0.4231044352054596,0.09247539937496185,-0.5901092886924744,0.088926300406456,-0.707226037979126,0.08130543678998947,-0.8088554739952087
swipe_left,0.0,0.0,-0.11243404448032379,-0.09573016315698624,-0.1666485220193863,-0.27777957916259766,-0.17209507524967194,-0.40993228554725647,-0.18955369293689728,-0.5139907598495483,-0.08859086781740189,-0.5179756283760071,-0.10648614168167114,-0.7115015983581543,-0.1295381337404251,-0.8319712281227112,-0.15507254004478455,-0.9301143288612366,-0.026670079678297043,-0.5178537368774414,-0.043568529188632965,-0.731434166431427,-0.06767716258764267,-0.8787356019020081,-0.09220384806394577,-1.0,0.031584482640028,-0.4805850386619568,0.02645394392311573,-0.6904913187026978,0.011139273643493652,-0.829656183719635,-0.006447184830904007,-0.9434200525283813,0.08675169199705124,-0.41093724966049194,0.09549970179796219,-0.5741446614265442,0.09153129160404205,-0.6909422278404236,0.08396129310131073,-0.7933898568153381
swipe_left,0.0,0.0,-0.1155296191573143,-0.09948647767305374,-0.16187264025211334,-0.28940635919570923,-0.1655750423669815,-0.4256867468357086,-0.19428829848766327,-0.5309282541275024,-0.08020652085542679,-0.5271843075752258,-0.09889908879995346,-0.7193999886512756,-0.12084437906742096,-0.8397440314292908,-0.14514710009098053,-0.9416559338569641,-0.02037031017243862,-0.5263503789901733,-0.03568992391228676,-0.7382755279541016,-0.05895970016717911,-0.8811818361282349,-0.08266405761241913,-1.0,0.034785304218530655,-0.48778775334358215,0.03333062306046486,-0.6975204348564148,0.01871807686984539,-0.8339716792106628,0.0015612347051501274,-0.9455794095993042,0.08746816962957382,-0.4186308979988098,0.1014021560549736,-0.5861274600028992,0.09985647350549698,-0.7041780948638916,0.09390545636415482,-0.8074615597724915
swipe_left,0.0,0.0,-0.11591276526451111,-0.0948779433965683,-0.16909319162368774,-0.2820667028427124,-0.1787758618593216,-0.42229458689689636,-0.20802272856235504,-0.5283384919166565,-0.08980990946292877,-0.5280171632766724,-0.1134834960103035,-0.7216980457305908,-0.13504616916179657,-0.845390260219574,-0.15551413595676422,-0.9499742984771729,-0.030764181166887283,-0.5319026112556458,-0.05104571580886841,-0.7422066926956177,-0.07478368282318115,-0.8841339349746704,-0.09631527215242386,-1.0,0.025536395609378815,-0.4986681044101715,0.019896581768989563,-0.7045851945877075,0.0043614995665848255,-0.8402999639511108,-0.011894705705344677,-0.9495999813079834,0.08084479719400406,-0.4342094659805298,0.09043623507022858,-0.5950078368186951,0.08641406893730164,-0.7082431316375732,0.07940995693206787,-0.806522786617279
swipe_left,0.0,0.0,-0.1155872792005539,-0.08831045031547546,-0.168376624584198,-0.28121036291122437,-0.17420002818107605,-0.4209628701210022,-0.19983795285224915,-0.5273483395576477,-0.08751127868890762,-0.5212801098823547,-0.10545963048934937,-0.7154403924942017,-0.1311512440443039,-0.8353568911552429,-0.1593753844499588,-0.9330053329467773,-0.025373708456754684,-0.5207297205924988,-0.04307395964860916,-0.7354897260665894,-0.06791385263204575,-0.8796102404594421,-0.09164521098136902,-1.0,0.03238443657755852,-0.4817515015602112,0.02830616757273674,-0.6951183080673218,0.01241864450275898,-0.82905113697052,-0.004805881530046463,-0.9385507702827454,0.08818453550338745,-0.41089892387390137,0.09753671288490295,-0.5780979990959167,0.09182039648294449,-0.6955466866493225,0.08286542445421219,-0.7976521253585815
swipe_left,0.0,0.0,-0.11583708226680756,-0.07535243779420853,-0.17660413682460785,-0.2548230290412903,-0.18335312604904175,-0.39210599660873413,-0.20208995044231415,-0.5036442875862122,-0.09916490316390991,-0.5064069032669067,-0.11660853028297424,-0.7034999132156372,-0.1414080560207367,-0.8253958225250244,-0.1682288497686386,-0.9277300834655762,-0.03830229490995407,-0.5075904726982117,-0.059354376047849655,-0.7250058650970459,-0.08389937877655029,-0.8728513121604919,-0.10805441439151764,-1.0,0.02081126719713211,-0.4720533788204193,0.01470401231199503,-0.6891272664070129,0.0014254181878641248,-0.8276549577713013,-0.012683392502367496,-0.9467763304710388,0.0780876874923706,-0.40439489483833313,0.08702798932790756,-0.5779185891151428,0.08494067937135696,-0.6964495778083801,0.08135661482810974,-0.803481936454773
swipe_left,0.0,0.0,-0.11956222355365753,-0.083598293364048,-0.17485980689525604,-0.2726544439792633,-0.1795092672109604,-0.4161731004714966,-0.20724593102931976,-0.528314471244812,-0.09827480465173721,-0.5108426809310913,-0.11875181645154953,-0.7089925408363342,-0.14533796906471252,-0.831990659236908,-0.17513693869113922,-0.9299143552780151,-0.0367523729801178,-0.5145163536071777,-0.05580293387174606,-0.7296003103256226,-0.08185223489999771,-0.8780292868614197,-0.10786288976669312,-1.0,0.02112743631005287,-0.47982197999954224,0.01627299375832081,-0.6928765177726746,-0.00034936232259497046,-0.8309318423271179,-0.017980460077524185,-0.9447535276412964,0.07703690230846405,-0.41349974274635315,0.08768156915903091,-0.5787172913551331,0.08369703590869904,-0.696341872215271,0.07728325575590134,-0.7999424338340759
swipe_left,0.0,0.0,-0.120021291077137,-0.07096481323242188,-0.17383162677288055,-0.2592785060405731,-0.17263588309288025,-0.4016372263431549,-0.20762966573238373,-0.5027068853378296,-0.10048916935920715,-0.4837895929813385,-0.1231829896569252,-0.6899512410163879,-0.14977605640888214,-0.8221455216407776,-0.17872916162014008,-0.9255198240280151,-0.034766603261232376,-0.4849677085876465,-0.05908398702740669,-0.7113626003265381,-0.08603531867265701,-0.8702963590621948,-0.11356610059738159,-1.0,0.026682035997509956,-0.44998934864997864,0.01982209086418152,-0.6728897094726562,0.002675764262676239,-0.8236458897590637,-0.01591751165688038,-0.9489719867706299,0.08566711097955704,-0.3854582607746124,0.09717835485935211,-0.5578362345695496,0.0926676020026207,-0.6821256279945374,0.08446969091892242,-0.7922582030296326
swipe_left,0.0,0.0,-0.11939778178930283,-0.08421186357736588,-0.17418751120567322,-0.2727251648902893,-0.17632783949375153,-0.4112500548362732,-0.19792555272579193,-0.5178667902946472,-0.09584079682826996,-0.5088490843772888,-0.1181950569152832,-0.7050305008888245,-0.14653606712818146,-0.8268734216690063,-0.17747193574905396,-0.9233288168907166,-0.03379886597394943,-0.510806679725647,-0.05473126843571663,-0.7256322503089905,-0.08334317058324814,-0.8755670785903931,-0.11107877641916275,-1.0,0.024523789063096046,-0.47569379210472107,0.01853739656507969,-0.6889094114303589,0.00043157333857379854,-0.8297091722488403,-0.018270419910550117,-0.9457820653915405,0.07911406457424164,-0.4100427031517029,0.08949502557516098,-0.5774866938591003,0.08643517643213272,-0.6967621445655823,0.08105204999446869,-0.8015146255493164
swipe_left,0.0,0.0,-0.11931163817644119,-0.06658709794282913,-0.1789451241493225,-0.24872274696826935,-0.1803770214319229,-0.3894461393356323,-0.2063683122396469,-0.4954521059989929,-0.10156355053186417,-0.49662819504737854,-0.12299706041812897,-0.6956454515457153,-0.14936457574367523,-0.8265341520309448,-0.1772357076406479,-0.9328781962394714,-0.035748738795518875,-0.4997049868106842,-0.059337977319955826,-0.7202333211898804,-0.08624475449323654,-0.8719820380210876,-0.11261563003063202,-1.0,0.025577722117304802,-0.4650071859359741,0.016147449612617493,-0.6865496635437012,-0.001955805579200387,-0.8310633897781372,-0.02009671740233898,-0.9518761038780212,0.08312071859836578,-0.397661030292511,0.09274377673864365,-0.5690343976020813,0.09046182781457901,-0.6887090802192688,0.08670474588871002,-0.7940273284912109
swipe_left,0.0,0.0,-0.11265119165182114,-0.06559225916862488,-0.17493608593940735,-0.24733522534370422,-0.179080069065094,-0.386852890253067,-0.19948184490203857,-0.4922003448009491,-0.09869996458292007,-0.49518856406211853,-0.12506219744682312,-0.6929274797439575,-0.15693873167037964,-0.8193663954734802,-0.19005732238292694,-0.9233245849609375,-0.03460647538304329,-0.5006929039955139,-0.0625600591301918,-0.7199329137802124,-0.09220082312822342,-0.8713668584823608,-0.1200416311621666,-1.0,0.02806527353823185,-0.46624377369880676,0.014291402883827686,-0.6877926588058472,-0.00406426377594471,-0.8268498778343201,-0.02115878090262413,-0.9414210319519043,0.08912055194377899,-0.3989075720310211,0.09286254644393921,-0.5748986005783081,0.08568767458200455,-0.6947830319404602,0.07790557295084,-0.7974280714988708
swipe_left,0.0,0.0,-0.12111444026231766,-0.05800158157944679,-0.1819453239440918,-0.23300014436244965,-0.18694692850112915,-0.37305644154548645,-0.21210752427577972,-0.48060843348503113,-0.10761766880750656,-0.4879119098186493,-0.1307741105556488,-0.6899794340133667,-0.15893758833408356,-0.8211653828620911,-0.18919949233531952,-0.9254632592201233,-0.041931167244911194,-0.49448809027671814,-0.06522499769926071,-0.7153232097625732,-0.09439011663198471,-0.8706494569778442,-0.12465745210647583,-1.0,0.01993820257484913,-0.466818243265152,0.011160203255712986,-0.6842833757400513,-0.009665296413004398,-0.8298353552818298,-0.03146004304289818,-0.950760543346405,0.07844268530607224,-0.40849876403808594,0.08759267628192902,-0.5816737413406372,0.0836748331785202,-0.7009944915771484,0.07655055820941925,-0.8040329217910767
swipe_left,0.0,0.0,-0.11625947058200836,-0.06509178131818771,-0.17565473914146423,-0.2458391636610031,-0.17803575098514557,-0.38607582449913025,-0.20122890174388885,-0.49537602066993713,-0.09983263164758682,-0.4954235851764679,-0.12763629853725433,-0.6963688135147095,-0.15889793634414673,-0.8277132511138916,-0.1904584914445877,-0.9342077970504761,-0.0370684489607811,-0.5002736449241638,-0.0652269721031189,-0.7189434170722961,-0.09543520212173462,-0.8719777464866638,-0.12347585707902908,-1.0,0.023294156417250633,-0.4680432677268982,0.011914107948541641,-0.6888639330863953,-0.006838309112936258,-0.8319206833839417,-0.024587644264101982,-0.9492348432540894,0.08151362091302872,-0.4047927260398865,0.08965518325567245,-0.580167829990387,0.08495912700891495,-0.7028394341468811,0.07814047485589981,-0.8078400492668152
swipe_left,0.0,0.0,-0.12151125073432922,-0.05890481546521187,-0.18202915787696838,-0.24055859446525574,-0.18488182127475739,-0.38531309366226196,-0.21117696166038513,-0.4951223134994507,-0.10719954967498779,-0.48425397276878357,-0.1356814056634903,-0.6885398030281067,-0.16705478727817535,-0.820275604724884,-0.19901515543460846,-0.9238621592521667,-0.04017014801502228,-0.4922741949558258,-0.06774425506591797,-0.7159029841423035,-0.097133569419384,-0.8710277676582336,-0.1262291967868805,-1.0,0.02282712794840336,-0.4627682864665985,0.010017311200499535,-0.6842705011367798,-0.009853927418589592,-0.8307451605796814,-0.027693727985024452,-0.9530109167098999,0.08267640322446823,-0.4021351635456085,0.08965583145618439,-0.5755895376205444,0.08423272520303726,-0.6965966820716858,0.0776551365852356,-0.8013010621070862
swipe_left,0.0,0.0,-0.11647161096334457,-0.07771449536085129,-0.17323243618011475,-0.26195529103279114,-0.17730098962783813,-0.3977174460887909,-0.20654258131980896,-0.5045167803764343,-0.10060270875692368,-0.5108553171157837,-0.1347610205411911,-0.7039380073547363,-0.17020384967327118,-0.824964165687561,-0.20499847829341888,-0.921546995639801,-0.040366679430007935,-0.5152601003646851,-0.07492602616548538,-0.7305954694747925,-0.11193536967039108,-0.8779492378234863,-0.1447293758392334,-1.0,0.016648102551698685,-0.47960948944091797,0.0008396930061280727,-0.695370078086853,-0.023224901407957077,-0.8341397047042847,-0.04389287158846855,-0.9473909139633179,0.07099556922912598,-0.41203537583351135,0.07438626140356064,-0.5806910991668701,0.06608611345291138,-0.7008571028709412,0.05776955559849739,-0.8051812052726746
swipe_left,0.0,0.0,-0.1223830133676529,-0.08585610240697861,-0.18212923407554626,-0.2844143211841583,-0.19330576062202454,-0.437773734331131,-0.23151123523712158,-0.5468494296073914,-0.10616689175367355,-0.5100265145301819,-0.1392776370048523,-0.7074301838874817,-0.17315278947353363,-0.8320098519325256,-0.20927615463733673,-0.9257980585098267,-0.04393491521477699,-0.5179070234298706,-0.0737963393330574,-0.736094057559967,-0.11042482405900955,-0.8843218088150024,-0.14610052108764648,-1.0,0.014400563202798367,-0.48422276973724365,-0.0013277118559926748,-0.6973032355308533,-0.02806086651980877,-0.8405269980430603,-0.05433041974902153,-0.9530896544456482,0.0679449588060379,-0.41937950253486633,0.07400147616863251,-0.5824618935585022,0.06392775475978851,-0.7040466070175171,0.051612257957458496,-0.8080954551696777
swipe_left,0.0,0.0,-0.12478888779878616,-0.06901749223470688,-0.186570405960083,-0.2569580078125,-0.19384454190731049,-0.4051331877708435,-0.22933444380760193,-0.5212208032608032,-0.11868457496166229,-0.4880077838897705,-0.1476813405752182,-0.6916917562484741,-0.1817854791879654,-0.8185622692108154,-0.2170799821615219,-0.9187779426574707,-0.05661865323781967,-0.5005156993865967,-0.08576603978872299,-0.7221625447273254,-0.12229598313570023,-0.8751102685928345,-0.15837684273719788,-1.0,0.005061353091150522,-0.47507157921791077,-0.007054566405713558,-0.6931475400924683,-0.030201418325304985,-0.8360737562179565,-0.053385958075523376,-0.9553991556167603,0.06486489623785019,-0.4180975556373596,0.07104356586933136,-0.5886457562446594,0.06366989016532898,-0.7065298557281494,0.05300605669617653,-0.8110014200210571
swipe_left,0.0,0.0,-0.11863227188587189,-0.06106510013341904,-0.17785191535949707,-0.2410154640674591,-0.1800049990415573,-0.3770274519920349,-0.20246237516403198,-0.48293885588645935,-0.10246443003416061,-0.4874756336212158,-0.13274356722831726,-0.6852645874023438,-0.17135457694530487,-0.8120251893997192,-0.21014346182346344,-0.9112566113471985,-0.03858253359794617,-0.4988134801387787,-0.071149542927742,-0.7208194136619568,-0.11043895035982132,-0.8750985264778137,-0.14865459501743317,-1.0,0.023218149319291115,-0.4708715081214905,0.009236541576683521,-0.6939970850944519,-0.01657959632575512,-0.8399081826210022,-0.0400104820728302,-0.9580504894256592,0.08042591065168381,-0.40952014923095703,0.08729395270347595,-0.5839073061943054,0.07942270487546921,-0.70616215467453,0.07019934058189392,-0.80916428565979
swipe_left,0.0,0.0,-0.13083861768245697,-0.06360162049531937,-0.19650794565677643,-0.2537769675254822,-0.20409099757671356,-0.40665632486343384,-0.24321222305297852,-0.5235478281974792,-0.12320193648338318,-0.48796406388282776,-0.15836437046527863,-0.6850277185440063,-0.19390590488910675,-0.8123015761375427,-0.22919850051403046,-0.9155678153038025,-0.058187756687402725,-0.5036444664001465,-0.0949888825416565,-0.7234134674072266,-0.13363288342952728,-0.8750284910202026,-0.17115283012390137,-1.0,0.004699018783867359,-0.4796930253505707,-0.013218425214290619,-0.6967094540596008,-0.039011742919683456,-0.8387179374694824,-0.065152108669281,-0.956156313419342,0.06405972689390182,-0.4237692356109619,0.06926693767309189,-0.5917426943778992,0.06005829945206642,-0.7096793055534363,0.047404222190380096,-0.8118056654930115
swipe_left,0.0,0.0,-0.12315992265939713,-0.048703864216804504,-0.1898627132177353,-0.23977521061897278,-0.20192329585552216,-0.39622947573661804,-0.24042847752571106,-0.510201096534729,-0.11880231648683548,-0.47907623648643494,-0.15220153331756592,-0.6809664368629456,-0.1902344822883606,-0.8108881711959839,-0.23066353797912598,-0.9110136032104492,-0.05205120891332626,-0.4946467876434326,-0.0866529792547226,-0.7188020348548889,-0.1252414435148239,-0.8743135929107666,-0.16344064474105835,-1.0,0.011937851086258888,-0.4726620316505432,-0.005593270994722843,-0.6959802508354187,-0.03408559039235115,-0.8433738946914673,-0.06153471767902374,-0.9613961577415466,0.0722859650850296,-0.4205057621002197,0.07661156356334686,-0.595116376876831,0.06714282184839249,-0.7193836569786072,0.055898115038871765,-0.8241520524024963
swipe_left,0.0,0.0,-0.12969820201396942,-0.04814564809203148,-0.19981177151203156,-0.22738736867904663,-0.20285242795944214,-0.37536758184432983,-0.23177894949913025,-0.49287787079811096,-0.12755022943019867,-0.4830363988876343,-0.16359619796276093,-0.683354914188385,-0.19964063167572021,-0.8137630224227905,-0.23554132878780365,-0.9171115756034851,-0.05932562053203583,-0.5006230473518372,-0.09899519383907318,-0.7207512855529785,-0.13931167125701904,-0.8734263181686401,-0.17775143682956696,-1.0,0.005608215928077698,-0.4797741174697876,-0.015985826030373573,-0.695893406867981,-0.04383052885532379,-0.8382592797279358,-0.0704851895570755,-0.9575189352035522,0.06769661605358124,-0.4257994294166565,0.06558976322412491,-0.5983660817146301,0.05441192910075188,-0.7151286005973816,0.041049059480428696,-0.8162867426872253
swipe_left,0.0,0.0,-0.1250791698694229,-0.09646958857774734,-0.1872124820947647,-0.2876671254634857,-0.1983172595500946,-0.43318599462509155,-0.23501421511173248,-0.5439742207527161,-0.1208280399441719,-0.5291352868080139,-0.1575150042772293,-0.7206400632858276,-0.19458438456058502,-0.8355242013931274,-0.23310351371765137,-0.9270575642585754,-0.06072497367858887,-0.5374570488929749,-0.09472858160734177,-0.7503083944320679,-0.13416758179664612,-0.8884557485580444,-0.1722986400127411,-1.0,-0.0020156202372163534,-0.5053952932357788,-0.02076112851500511,-0.7179099321365356,-0.04721740633249283,-0.8547271490097046,-0.07342632114887238,-0.9655522704124451,0.055725619196891785,-0.4412675201892853,0.05931089445948601,-0.6094567179679871,0.05073487386107445,-0.7266568541526794,0.04025819152593613,-0.8288156986236572
swipe_left,0.0,0.0,-0.12385950237512589,-0.0814201757311821,-0.1816253364086151,-0.2708972990512848,-0.1884440928697586,-0.4204142987728119,-0.22788956761360168,-0.5336605906486511,-0.11194036900997162,-0.5040237903594971,-0.145736426115036,-0.7057340741157532,-0.18290264904499054,-0.8289109468460083,-0.22206011414527893,-0.9228395819664001,-0.05087743699550629,-0.5122936367988586,-0.08408583700656891,-0.7332766652107239,-0.12443138659000397,-0.8824068903923035,-0.16383221745491028,-1.0,0.008132021874189377,-0.47908198833465576,-0.008857333101332188,-0.6964641809463501,-0.03631415590643883,-0.8383808732032776,-0.0631394237279892,-0.9492454528808594,0.06595242023468018,-0.4143679141998291,0.07001715153455734,-0.5863345265388489,0.05919523537158966,-0.7107300758361816,0.04728323221206665,-0.816947877407074
swipe_left,0.0,0.0,-0.12415619194507599,-0.07542538642883301,-0.18676771223545074,-0.27109670639038086,-0.19380295276641846,-0.42343178391456604,-0.22921177744865417,-0.539764940738678,-0.11023841053247452,-0.5086590647697449,-0.14124825596809387,-0.7021291255950928,-0.1780952364206314,-0.8249078392982483,-0.21798337996006012,-0.9237247109413147,-0.04764007404446602,-0.5174790024757385,-0.08350295573472977,-0.7301821112632751,-0.12247471511363983,-0.8766284584999084,-0.16153207421302795,-1.0,0.013169207610189915,-0.48501524329185486,-0.008017155341804028,-0.704666256904602,-0.033611807972192764,-0.84361732006073,-0.05855981633067131,-0.9595943093299866,0.07202151417732239,-0.41933321952819824,0.07070416957139969,-0.5943924784660339,0.060565024614334106,-0.7155815362930298,0.049399424344301224,-0.8196032643318176
swipe_left,0.0,0.0,-0.12264817953109741,-0.0823088213801384,-0.17694857716560364,-0.2776515483856201,-0.18604198098182678,-0.42625418305397034,-0.22544841468334198,-0.5364758968353271,-0.10315962135791779,-0.5149447321891785,-0.13949799537658691,-0.7069445252418518,-0.17691218852996826,-0.8255159258842468,-0.2137630432844162,-0.924254298210144,-0.04606311768293381,-0.5253487825393677,-0.08360952883958817,-0.7363591194152832,-0.12294048815965652,-0.879101574420929,-0.15777502954006195,-1.0,0.010339809581637383,-0.4977351725101471,-0.010247660800814629,-0.708838939666748,-0.036028627306222916,-0.8447569012641907,-0.05799617990851402,-0.9573805332183838,0.0644104853272438,-0.440539687871933,0.0658361166715622,-0.6052412390708923,0.056821275502443314,-0.7177236676216125,0.04921836405992508,-0.8135332465171814
swipe_left,0.0,0.0,-0.09032352268695831,-0.10533680766820908,-0.11634331196546555,-0.2751021981239319,-0.11049865931272507,-0.40480518341064453,-0.11390940845012665,-0.513606071472168,-0.08993837237358093,-0.46828651428222656,-0.11800269782543182,-0.667792022228241,-0.15168823301792145,-0.8001813888549805,-0.18389205634593964,-0.9038451313972473,-0.049895018339157104,-0.48563170433044434,-0.08568684756755829,-0.7058330774307251,-0.12413984537124634,-0.8660032749176025,-0.16333650052547455,-1.0,-0.0054881093092262745,-0.47493258118629456,-0.03054981492459774,-0.6938729882240295,-0.05903581529855728,-0.8407475352287292,-0.08944287151098251,-0.9664772152900696,0.043604809790849686,-0.4325665533542633,0.036937788128852844,-0.6004544496536255,0.020356159657239914,-0.7154437303543091,0.0005301616038195789,-0.8171359896659851
swipe_left,0.0,0.0,-0.08823590725660324,-0.09993206709623337,-0.11913805454969406,-0.2778036892414093,-0.11911892890930176,-0.42447802424430847,-0.1198776438832283,-0.5545539259910583,-0.08529181033372879,-0.44486111402511597,-0.11138219386339188,-0.6685513257980347,-0.14111089706420898,-0.8371800780296326,-0.16442404687404633,-0.9638745784759521,-0.048020072281360626,-0.46394070982933044,-0.09802468121051788,-0.705682098865509,-0.13852599263191223,-0.8768637776374817,-0.1732518970966339,-1.0,-0.004738365765661001,-0.45879605412483215,-0.0550423339009285,-0.6920837759971619,-0.1003245860338211,-0.8606578707695007,-0.13755634427070618,-0.9932461977005005,0.04507075622677803,-0.42544451355934143,0.018637217581272125,-0.6097526550292969,-0.012732485309243202,-0.7468309998512268,-0.040930479764938354,-0.8670287728309631
swipe_left,0.0,0.0,-0.02493923343718052,-0.11332535743713379,-0.024093111976981163,-0.31456300616264343,-0.019443297758698463,-0.47834110260009766,-0.03627635911107063,-0.6081674695014954,-0.06896993517875671,-0.47185879945755005,-0.10713756829500198,-0.6868066191673279,-0.14275065064430237,-0.8365439176559448,-0.1731749325990677,-0.951353907585144,-0.054208092391490936,-0.48294228315353394,-0.10476881265640259,-0.7221661806106567,-0.14757005870342255,-0.8804641366004944,-0.18518492579460144,-1.0,-0.028659580275416374,-0.4680585265159607,-0.07253637909889221,-0.7029082179069519,-0.11534593999385834,-0.8600937128067017,-0.1536952406167984,-0.987211287021637,0.0053922259248793125,-0.4286680519580841,-0.011870003305375576,-0.619646430015564,-0.03091339021921158,-0.7516217231750488,-0.050258513540029526,-0.8646113872528076
swipe_left,0.0,0.0,-0.06483932584524155,-0.10782835632562637,-0.0829569473862648,-0.28969573974609375,-0.07561662048101425,-0.44203948974609375,-0.0821714922785759,-0.5689472556114197,-0.09266240894794464,-0.4587513208389282,-0.13114221394062042,-0.6804956793785095,-0.1630152314901352,-0.8303765654563904,-0.1899389773607254,-0.945241391658783,-0.06476281583309174,-0.4718587398529053,-0.109540194272995,-0.7164377570152283,-0.15086625516414642,-0.8753268122673035,-0.18500350415706635,-1.0,-0.026105251163244247,-0.4593164622783661,-0.05976806581020355,-0.6924025416374207,-0.1010800376534462,-0.8461188077926636,-0.13812313973903656,-0.970047652721405,0.022040309384465218,-0.4196503460407257,0.01198482234030962,-0.5963495969772339,-0.010357019491493702,-0.7184320688247681,-0.03437402844429016,-0.8217195868492126
swipe_left,0.0,0.0,-0.13434815406799316,-0.0735623762011528,-0.1966884881258011,-0.19682274758815765,-0.20552165806293488,-0.3205285966396332,-0.2144865095615387,-0.4371148645877838,-0.13005760312080383,-0.45249655842781067,-0.16163216531276703,-0.67103111743927,-0.18970049917697906,-0.80483478307724,-0.21791304647922516,-0.9069011211395264,-0.0626269057393074,-0.4947078824043274,-0.10359722375869751,-0.7291799783706665,-0.13794200122356415,-0.8800010681152344,-0.17218990623950958,-1.0,0.0035874764434993267,-0.4979165196418762,-0.019727131351828575,-0.7249857783317566,-0.04160436615347862,-0.8627871870994568,-0.06508578360080719,-0.9760080575942993,0.07139302045106888,-0.4704168736934662,0.07845226675271988,-0.6262221336364746,0.07702987641096115,-0.7285752296447754,0.06976412981748581,-0.8162433505058289
swipe_left,0.0,0.0,-0.13196593523025513,-0.0688752830028534,-0.1979416310787201,-0.19701425731182098,-0.21681325137615204,-0.32451915740966797,-0.22902396321296692,-0.4402860403060913,-0.11442894488573074,-0.4592653214931488,-0.16015592217445374,-0.6774765849113464,-0.19806839525699615,-0.8076997995376587,-0.23518121242523193,-0.9027594327926636,-0.05064567178487778,-0.5046088099479675,-0.09443829208612442,-0.7417066693305969,-0.13737188279628754,-0.8857132792472839,-0.17974326014518738,-1.0,0.008442359045147896,-0.5063247680664062,-0.009634291753172874,-0.7392928004264832,-0.03669040650129318,-0.8706072568893433,-0.06806708127260208,-0.9749911427497864,0.06790562719106674,-0.47440052032470703,0.08155558258295059,-0.6303772330284119,0.0801151692867279,-0.7333365678787231,0.06807287037372589,-0.8221143484115601
swipe_left,0.0,0.0,-0.11617795377969742,-0.08782884478569031,-0.16775381565093994,-0.27377229928970337,-0.1735253632068634,-0.4089839458465576,-0.19491098821163177,-0.5120092630386353,-0.08484753966331482,-0.5089500546455383,-0.11124186217784882,-0.6996897459030151,-0.14528734982013702,-0.8214144706726074,-0.18158471584320068,-0.9153754711151123,-0.02669377438724041,-0.5137099027633667,-0.05109264701604843,-0.7283927202224731,-0.08472740650177002,-0.8793224096298218,-0.11754292994737625,-1.0,0.02525024488568306,-0.4820901155471802,0.016008637845516205,-0.6959626078605652,-0.007793705444782972,-0.8412203788757324,-0.03300231322646141,-0.9581784605979919,0.07292304188013077,-0.4205678701400757,0.08558595925569534,-0.5865857005119324,0.08232828974723816,-0.7041186690330505,0.0736512541770935,-0.8058018088340759
swipe_left,0.0,0.0,-0.1271696388721466,-0.05607679858803749,-0.1999117136001587,-0.15627966821193695,-0.222408264875412,-0.26059743762016296,-0.24299956858158112,-0.35219964385032654,-0.12480129301548004,-0.47306060791015625,-0.16538965702056885,-0.6758022904396057,-0.20039153099060059,-0.793672502040863,-0.23542524874210358,-0.8875710368156433,-0.05309828743338585,-0.5204562544822693,-0.09545491635799408,-0.7425659894943237,-0.13391456007957458,-0.8798555135726929,-0.16584870219230652,-1.0,0.020666545256972313,-0.5122178196907043,-0.0004491301951929927,-0.7336580157279968,-0.025118272751569748,-0.8524038195610046,-0.0515093170106411,-0.9524125456809998,0.09789219498634338,-0.46458834409713745,0.11079887300729752,-0.6040841937065125,0.10685255378484726,-0.6980336904525757,0.09505464881658554,-0.7822459936141968
swipe_left,0.0,0.0,-0.120025135576725,-0.06747406721115112,-0.18782208859920502,-0.2112198770046234,-0.2075040638446808,-0.34957948327064514,-0.2392634004354477,-0.45500075817108154,-0.12667150795459747,-0.4714183211326599,-0.1627211570739746,-0.6878318786621094,-0.19786010682582855,-0.8184008598327637,-0.2345931977033615,-0.9142400622367859,-0.0674515888094902,-0.5016379356384277,-0.10486562550067902,-0.7299290895462036,-0.14045879244804382,-0.8797460794448853,-0.1764124482870102,-1.0,-0.0035799299366772175,-0.49831175804138184,-0.026526793837547302,-0.721052348613739,-0.04954022914171219,-0.8542143106460571,-0.07141166925430298,-0.9630411863327026,0.06338506191968918,-0.46300193667411804,0.06434186547994614,-0.6243267059326172,0.05893503502011299,-0.7272239327430725,0.04975813627243042,-0.8138193488121033
swipe_left,0.0,0.0,-0.15510644018650055,-0.09093129634857178,-0.23749499022960663,-0.21176882088184357,-0.2783721685409546,-0.3251670300960541,-0.3009042739868164,-0.43005308508872986,-0.16172437369823456,-0.45201975107192993,-0.2218673676252365,-0.6564267873764038,-0.2619144916534424,-0.7761654853820801,-0.2992543876171112,-0.8734984993934631,-0.07686711847782135,-0.4960346817970276,-0.13533876836299896,-0.7329779267311096,-0.18707451224327087,-0.8773486018180847,-0.23463116586208344,-1.0,0.006085147149860859,-0.49272486567497253,-0.023334987461566925,-0.7279260158538818,-0.06701464205980301,-0.8638860583305359,-0.11129062622785568,-0.9758570194244385,0.09416132420301437,-0.445300817489624,0.1019161120057106,-0.5916805267333984,0.090381920337677,-0.6948567628860474,0.06765025854110718,-0.7918830513954163
swipe_left,0.0,0.0,-0.1281902939081192,-0.04765450954437256,-0.1902003288269043,-0.16060017049312592,-0.19515074789524078,-0.27855589985847473,-0.2204180806875229,-0.3763408362865448,-0.11698602885007858,-0.4917522072792053,-0.15811367332935333,-0.6853452920913696,-0.19448593258857727,-0.8014192581176758,-0.23027478158473969,-0.8946588039398193,-0.053631022572517395,-0.5249212384223938,-0.08955123275518417,-0.7380357384681702,-0.12837164103984833,-0.876655101776123,-0.16431277990341187,-1.0,0.013118671253323555,-0.5116886496543884,-0.010443386621773243,-0.7242602109909058,-0.03687934949994087,-0.85017991065979,-0.06312182545661926,-0.9621289968490601,0.0814402624964714,-0.46436062455177307,0.08976728469133377,-0.6094956398010254,0.08410266041755676,-0.71135413646698,0.07232144474983215,-0.8077282905578613
swipe_left,0.0,0.0,-0.11820358783006668,-0.06901087611913681,-0.16630631685256958,-0.215677872300148,-0.16726815700531006,-0.34948089718818665,-0.1850430965423584,-0.46543261408805847,-0.09683554619550705,-0.5078299045562744,-0.1420576423406601,-0.6953157782554626,-0.1824093461036682,-0.8112050294876099,-0.21974967420101166,-0.9058437943458557,-0.039832111448049545,-0.5421054363250732,-0.08112338185310364,-0.7523848414421082,-0.1207081526517868,-0.8866122364997864,-0.15637093782424927,-1.0,0.016147341579198837,-0.533909797668457,-0.0015889249043539166,-0.7401175498962402,-0.025891007855534554,-0.8626251220703125,-0.05142843350768089,-0.9687682390213013,0.07149257510900497,-0.489406555891037,0.08096412569284439,-0.6300013065338135,0.07725305110216141,-0.7282225489616394,0.06806056201457977,-0.8199796080589294
swipe_left,0.0,0.0,-0.11506570130586624,-0.10815612971782684,-0.16240480542182922,-0.2979165017604828,-0.17388804256916046,-0.4340195059776306,-0.20060817897319794,-0.537165641784668,-0.09589498490095139,-0.5233065485954285,-0.1249997541308403,-0.7131720185279846,-0.16348843276500702,-0.8322550058364868,-0.20046105980873108,-0.9287424087524414,-0.04535383731126785,-0.5284239053726196,-0.06667225807905197,-0.7442308664321899,-0.10326197743415833,-0.8859526515007019,-0.1361871361732483,-1.0,0.00450493860989809,-0.49782732129096985,-0.001642656046897173,-0.7128202319145203,-0.027937131002545357,-0.8509217500686646,-0.05294440686702728,-0.9609442353248596,0.051556508988142014,-0.4396415948867798,0.06441623717546463,-0.6034000515937805,0.05912323668599129,-0.7225313782691956,0.051255155354738235,-0.8249255418777466
swipe_left,0.0,0.0,-0.11926425993442535,-0.09039345383644104,-0.1703895628452301,-0.27472424507141113,-0.17799782752990723,-0.4067259430885315,-0.20867499709129333,-0.5048235058784485,-0.10039222240447998,-0.5165131688117981,-0.13513697683811188,-0.7083545327186584,-0.17455033957958221,-0.8286640644073486,-0.21334543824195862,-0.9220396876335144,-0.04484441131353378,-0.5223077535629272,-0.07399430871009827,-0.7370278835296631,-0.1124536320567131,-0.8824295997619629,-0.14787907898426056,-1.0,0.007340259850025177,-0.49209800362586975,-0.004672808572649956,-0.7089856266975403,-0.03257624804973602,-0.851134717464447,-0.05932789295911789,-0.9647014737129211,0.05625172704458237,-0.4327349066734314,0.06475651264190674,-0.6042186617851257,0.05679740756750107,-0.7270564436912537,0.04532623291015625,-0.8321992754936218
swipe_left,0.0,0.0,-0.11696165055036545,-0.09860315918922424,-0.16880610585212708,-0.28374725580215454,-0.18111923336982727,-0.41249799728393555,-0.2101510763168335,-0.5095859169960022,-0.09514515846967697,-0.5270534753799438,-0.12655894458293915,-0.7157304883003235,-0.1582244485616684,-0.8351471424102783,-0.1890927255153656,-0.9351004958152771,-0.041937265545129776,-0.5321452617645264,-0.06947062909603119,-0.7434537410736084,-0.10352035611867905,-0.8852480053901672,-0.13486966490745544,-1.0,0.009720254689455032,-0.4987240731716156,-0.0003453990793786943,-0.709080696105957,-0.024707287549972534,-0.849877655506134,-0.0498969629406929,-0.9619429707527161,0.061914972960948944,-0.43529418110847473,0.07664010673761368,-0.6004487872123718,0.07361341267824173,-0.719448447227478,0.06638723611831665,-0.8242552280426025
swipe_left,0.0,0.0,-0.11388477683067322,-0.11485706269741058,-0.1618157923221588,-0.3027305006980896,-0.1784469485282898,-0.4309484660625458,-0.2032814770936966,-0.52972012758255,-0.09180594980716705,-0.5382775068283081,-0.12447349727153778,-0.7232251167297363,-0.15735122561454773,-0.836479902267456,-0.1884954869747162,-0.9346039891242981,-0.03707963600754738,-0.5420013666152954,-0.06259117275476456,-0.7519676089286804,-0.09753604233264923,-0.8877856135368347,-0.13093756139278412,-1.0,0.015080488286912441,-0.5054289698600769,0.00950609240680933,-0.7162965536117554,-0.013612477108836174,-0.8523940443992615,-0.03977430611848831,-0.9631884098052979,0.06457682698965073,-0.43864044547080994,0.08294778317213058,-0.6000025868415833,0.08133247494697571,-0.7178512811660767,0.07345443218946457,-0.8240285515785217
swipe_left,0.0,0.0,-0.11576702445745468,-0.09255736321210861,-0.16304737329483032,-0.28008943796157837,-0.16806522011756897,-0.41280925273895264,-0.19154317677021027,-0.51710045337677,-0.08881569653749466,-0.5209925770759583,-0.11404473334550858,-0.7098497748374939,-0.15081192553043365,-0.8251174688339233,-0.19233940541744232,-0.9132109880447388,-0.031405963003635406,-0.5253509879112244,-0.0520608015358448,-0.73602294921875,-0.08833097666501999,-0.8819990158081055,-0.12570364773273468,-1.0,0.02188717946410179,-0.4897248148918152,0.015987051650881767,-0.7005714774131775,-0.00897121150046587,-0.8400744199752808,-0.037030722945928574,-0.9519122838973999,0.07063594460487366,-0.42356666922569275,0.08778742700815201,-0.5864986777305603,0.08573691546916962,-0.70425945520401,0.07732568681240082,-0.8082610964775085
swipe_left,0.0,0.0,-0.11723411828279495,-0.09492821991443634,-0.17016679048538208,-0.2835175395011902,-0.1814185082912445,-0.4196443259716034,-0.20465309917926788,-0.5210232734680176,-0.09421148151159286,-0.5189568996429443,-0.11896663159132004,-0.7124167680740356,-0.15326417982578278,-0.8301913142204285,-0.1924961656332016,-0.9200122952461243,-0.035578031092882156,-0.5245981812477112,-0.05718596652150154,-0.7395366430282593,-0.09148655831813812,-0.8844518065452576,-0.1273239552974701,-1.0,0.018639715388417244,-0.49138227105140686,0.01136446837335825,-0.7043039202690125,-0.012548736296594143,-0.8443495631217957,-0.04024087265133858,-0.9559021592140198,0.06884097307920456,-0.4270971417427063,0.08468389511108398,-0.5901352167129517,0.08097482472658157,-0.7082615494728088,0.07007300853729248,-0.8121420741081238
swipe_left,0.0,0.0,-0.11431808024644852,-0.10987699776887894,-0.16134576499462128,-0.29829975962638855,-0.17303721606731415,-0.4299628734588623,-0.2000974863767624,-0.5324447154998779,-0.08676870167255402,-0.537540853023529,-0.11869129538536072,-0.7186797857284546,-0.15245729684829712,-0.8338383436203003,-0.1861930638551712,-0.9299530982971191,-0.03156439587473869,-0.5463988184928894,-0.059994056820869446,-0.7544912695884705,-0.096645787358284,-0.8908613324165344,-0.1321694701910019,-1.0,0.022362446412444115,-0.514911413192749,0.013873317278921604,-0.7236392498016357,-0.010278410278260708,-0.8591272830963135,-0.03780117258429527,-0.9681381583213806,0.07502038776874542,-0.45209309458732605,0.09192152321338654,-0.6147676110267639,0.0883568674325943,-0.7304762005805969,0.07779057323932648,-0.833055853843689
swipe_left,0.0,0.0,-0.11333100497722626,-0.10398206114768982,-0.1591709405183792,-0.2901071012020111,-0.1658501923084259,-0.42099443078041077,-0.19522134959697723,-0.5244443416595459,-0.08050519227981567,-0.5223525762557983,-0.1160602942109108,-0.7106061577796936,-0.14977429807186127,-0.8293558955192566,-0.18122129142284393,-0.9285205006599426,-0.023766394704580307,-0.5253207683563232,-0.052156418561935425,-0.7395623326301575,-0.0851505920290947,-0.8825879096984863,-0.11611593514680862,-1.0,0.029949648305773735,-0.4899381399154663,0.022798284888267517,-0.6986003518104553,-0.0009660532232373953,-0.8371465802192688,-0.027668997645378113,-0.9506581425666809,0.08230264484882355,-0.42375731468200684,0.09848492592573166,-0.589127779006958,0.0947461649775505,-0.7065837979316711,0.08300510793924332,-0.8112994432449341
swipe_left,0.0,0.0,-0.11507531255483627,-0.09919010102748871,-0.16473297774791718,-0.291839599609375,-0.1744382083415985,-0.4287930130958557,-0.2007579505443573,-0.5329156517982483,-0.08582284301519394,-0.5265741944313049,-0.12236630171537399,-0.7112497687339783,-0.1591498851776123,-0.826981246471405,-0.19426746666431427,-0.9200490713119507,-0.027936097234487534,-0.5388830900192261,-0.054218754172325134,-0.7500762939453125,-0.09043128043413162,-0.8902527093887329,-0.12662510573863983,-1.0,0.026201963424682617,-0.5099330544471741,0.018007146194577217,-0.7181596755981445,-0.007924267090857029,-0.8577359318733215,-0.036939412355422974,-0.9680794477462769,0.07717014849185944,-0.4484926164150238,0.09427696466445923,-0.6091933846473694,0.09071176499128342,-0.7232775092124939,0.07922723144292831,-0.8217244744300842
swipe_left,0.0,0.0,-0.11556396633386612,-0.09791239351034164,-0.16161414980888367,-0.2857763171195984,-0.16839683055877686,-0.4179553985595703,-0.1983722448348999,-0.5188944339752197,-0.08412865549325943,-0.5264052152633667,-0.11620904505252838,-0.7127938270568848,-0.15033702552318573,-0.8299775719642639,-0.18341180682182312,-0.9261324405670166,-0.025327058508992195,-0.5356921553611755,-0.046524640172719955,-0.7463635206222534,-0.07878389954566956,-0.8877624869346619,-0.11021395027637482,-1.0,0.029961735010147095,-0.5064899921417236,0.02640690468251705,-0.7145745158195496,0.0036246811505407095,-0.8537562489509583,-0.022058233618736267,-0.9631044864654541,0.08312064409255981,-0.4479725956916809,0.09887345880270004,-0.610382616519928,0.09369634836912155,-0.7279061079025269,0.08170060813426971,-0.8287606835365295
swipe_left,0.0,0.0,-0.11844078451395035,-0.09959250688552856,-0.16851124167442322,-0.2877211570739746,-0.17589671909809113,-0.42090633511543274,-0.19997702538967133,-0.522219181060791,-0.09010645747184753,-0.5201797485351562,-0.1200086697936058,-0.7083244919776917,-0.15615831315517426,-0.8218374848365784,-0.19326750934123993,-0.9120749235153198,-0.031269825994968414,-0.5265327095985413,-0.05019617825746536,-0.7413922548294067,-0.08167048543691635,-0.8847766518592834,-0.11344067007303238,-1.0,0.023348845541477203,-0.49221983551979065,0.018610892817378044,-0.7031117081642151,-0.003985006827861071,-0.8445116877555847,-0.02986920066177845,-0.9577194452285767,0.07496713846921921,-0.4266427457332611,0.0898442417383194,-0.5905354619026184,0.0857386365532875,-0.706663191318512,0.07480408251285553,-0.8082472085952759
swipe_left,0.0,0.0,-0.11470013111829758,-0.10062345117330551,-0.1626219004392624,-0.2896535396575928,-0.1710468828678131,-0.42099863290786743,-0.20047993957996368,-0.5195960998535156,-0.08477924764156342,-0.5222745537757874,-0.11681216955184937,-0.7101415991783142,-0.15046454966068268,-0.8262875080108643,-0.18347245454788208,-0.920789897441864,-0.02570253796875477,-0.5274556279182434,-0.048607777804136276,-0.7421217560768127,-0.08037940412759781,-0.8845824599266052,-0.11153459548950195,-1.0,0.02862566150724888,-0.4921654164791107,0.02312363311648369,-0.7010269165039062,-0.0018880395218729973,-0.8394858241081238,-0.030453646555542946,-0.9523442387580872,0.07950450479984283,-0.4251692295074463,0.09629792720079422,-0.5873644948005676,0.09088684618473053,-0.702785849571228,0.07729575037956238,-0.8060969114303589
swipe_left,0.0,0.0,-0.11933261901140213,-0.09559053927659988,-0.1694764345884323,-0.2807554602622986,-0.17749832570552826,-0.4150000214576721,-0.1943119317293167,-0.5136791467666626,-0.08340016007423401,-0.511420726776123,-0.1088680550456047,-0.7020577192306519,-0.14154542982578278,-0.8195881247520447,-0.1764502227306366,-0.9107101559638977,-0.021948153153061867,-0.5151085257530212,-0.04501862823963165,-0.7291433811187744,-0.07546060532331467,-0.8769780397415161,-0.10478688031435013,-1.0,0.03459535166621208,-0.48361751437187195,0.026265908032655716,-0.6988332867622375,0.003410749137401581,-0.8451672792434692,-0.02189401164650917,-0.9675325751304626,0.08789052814245224,-0.4202212393283844,0.10254798084497452,-0.5883470177650452,0.09752414375543594,-0.7065674066543579,0.08509694784879684,-0.811935544013977
swipe_left,0.0,0.0,-0.12222806364297867,-0.09520287066698074,-0.17729350924491882,-0.28280436992645264,-0.18331323564052582,-0.42333269119262695,-0.2071855664253235,-0.5273610353469849,-0.09217377007007599,-0.5129845142364502,-0.12301642447710037,-0.7035619616508484,-0.15692296624183655,-0.8227755427360535,-0.1923474669456482,-0.9167896509170532,-0.030043035745620728,-0.5223027467727661,-0.053014449775218964,-0.7403862476348877,-0.08636396378278732,-0.8843558430671692,-0.11856163293123245,-1.0,0.027204321697354317,-0.4951540529727936,0.01969907619059086,-0.7096481919288635,-0.005260047502815723,-0.8511664867401123,-0.03302087262272835,-0.9674289226531982,0.08274626731872559,-0.433637410402298,0.09388914704322815,-0.5978730320930481,0.08736564218997955,-0.7140735387802124,0.07420267909765244,-0.8186217546463013
swipe_left,0.0,0.0,-0.12128928303718567,-0.09649790823459625,-0.17396962642669678,-0.28597182035446167,-0.18463069200515747,-0.42245712876319885,-0.20688386261463165,-0.5216573476791382,-0.09255778044462204,-0.5113241672515869,-0.12394583225250244,-0.6991031765937805,-0.15869465470314026,-0.8226768970489502,-0.19362498819828033,-0.9189571738243103,-0.027894102036952972,-0.5172284841537476,-0.052009452134370804,-0.7297717928886414,-0.08822394907474518,-0.879806637763977,-0.12237650901079178,-1.0,0.03140666335821152,-0.48738643527030945,0.025337884202599525,-0.697659432888031,-0.0015189234400168061,-0.8470104336738586,-0.030905360355973244,-0.9669913649559021,0.08629891276359558,-0.4254077672958374,0.10076508671045303,-0.5876402258872986,0.09401188790798187,-0.709194004535675,0.0794169008731842,-0.8150809407234192
swipe_left,0.0,0.0,-0.11932966113090515,-0.09312544018030167,-0.1734285205602646,-0.2790360450744629,-0.18253841996192932,-0.4175686836242676,-0.2029571384191513,-0.5137471556663513,-0.08824829012155533,-0.5057983994483948,-0.11835682392120361,-0.7019705176353455,-0.15021385252475739,-0.8254435658454895,-0.18044839799404144,-0.9218785762786865,-0.02455202490091324,-0.5088437795639038,-0.046043556183576584,-0.7308633327484131,-0.07993068546056747,-0.8814303874969482,-0.11090563237667084,-1.0,0.03419273719191551,-0.4794624447822571,0.025456830859184265,-0.6951922178268433,-0.0030655793379992247,-0.8452796339988708,-0.02998802810907364,-0.9632009267807007,0.08999916166067123,-0.4185292720794678,0.10048487782478333,-0.5891064405441284,0.09239206463098526,-0.7145774960517883,0.0806189775466919,-0.8213307857513428
swipe_left,0.0,0.0,-0.12032846361398697,-0.09949491918087006,-0.17424951493740082,-0.2899143397808075,-0.1832643300294876,-0.43079277873039246,-0.20153899490833282,-0.5319530367851257,-0.0882427915930748,-0.5186715126037598,-0.12070570886135101,-0.7101730704307556,-0.1548309177160263,-0.8276320099830627,-0.18730883300304413,-0.9192147254943848,-0.024733563885092735,-0.523251473903656,-0.05107226222753525,-0.7402779459953308,-0.08634120970964432,-0.8841793537139893,-0.11937996745109558,-1.0,0.032985005527734756,-0.49424880743026733,0.02193799801170826,-0.7065375447273254,-0.00640490185469389,-0.8514795899391174,-0.03655899688601494,-0.9696831107139587,0.08843321353197098,-0.4318404793739319,0.09680803120136261,-0.5993313193321228,0.0884881392121315,-0.717460036277771,0.07441909611225128,-0.8229684829711914
swipe_left,0.0,0.0,-0.11841195076704025,-0.09173595160245895,-0.1727847158908844,-0.27699798345565796,-0.18036137521266937,-0.41669440269470215,-0.20179250836372375,-0.5191329717636108,-0.0850231796503067,-0.517368733882904,-0.11894666403532028,-0.7085317969322205,-0.15527327358722687,-0.8250762224197388,-0.19130752980709076,-0.9143676161766052,-0.022376995533704758,-0.5283479690551758,-0.04515383392572403,-0.7487946152687073,-0.08283822238445282,-0.8901219367980957,-0.11982589960098267,-1.0,0.03464232757687569,-0.5040356516838074,0.02407483570277691,-0.7161910533905029,-0.006268426310271025,-0.8566458821296692,-0.03812653198838234,-0.968913197517395,0.08740363270044327,-0.44554442167282104,0.09549269080162048,-0.609297513961792,0.08924835920333862,-0.7226608991622925,0.07742314785718918,-0.821806788444519
swipe_left,0.0,0.0,-0.114370197057724,-0.1019773855805397,-0.16997379064559937,-0.28330397605895996,-0.1769402176141739,-0.4169985353946686,-0.19564944505691528,-0.5240238308906555,-0.08365225791931152,-0.5247881412506104,-0.11417710036039352,-0.7135565876960754,-0.14766331017017365,-0.8292332887649536,-0.18063709139823914,-0.9197536110877991,-0.021133771166205406,-0.5295397043228149,-0.04530500993132591,-0.7520225048065186,-0.08153688907623291,-0.892264723777771,-0.11791661381721497,-1.0,0.03561064228415489,-0.4963981807231903,0.023744726553559303,-0.7152652144432068,-0.005474667996168137,-0.858121931552887,-0.03701048716902733,-0.9711533188819885,0.09010235220193863,-0.4264366626739502,0.095431849360466,-0.5937061905860901,0.08450174331665039,-0.7124728560447693,0.0677168145775795,-0.8153991103172302
swipe_left,0.0,0.0,-0.1248200312256813,-0.09440183639526367,-0.181481271982193,-0.2841687500476837,-0.1910693496465683,-0.42689087986946106,-0.2147226184606552,-0.5338667035102844,-0.08996830880641937,-0.5041439533233643,-0.12630552053451538,-0.6984274387359619,-0.16790041327476501,-0.823239803314209,-0.20741650462150574,-0.9156678915023804,-0.02962464839220047,-0.5130882859230042,-0.06026415899395943,-0.7368876338005066,-0.10066428035497665,-0.8858439326286316,-0.13606809079647064,-1.0,0.02671201527118683,-0.4868462085723877,0.011294996365904808,-0.7084440588951111,-0.021179543808102608,-0.8564469218254089,-0.0522952675819397,-0.973374605178833,0.08154429495334625,-0.42610424757003784,0.08902236074209213,-0.5955063700675964,0.07922069728374481,-0.7164375185966492,0.06498663127422333,-0.8226972222328186
swipe_left,0.0,0.0,-0.11398748308420181,-0.10776021331548691,-0.16834329068660736,-0.2962031066417694,-0.1823662668466568,-0.43381205201148987,-0.20323225855827332,-0.541019856929779,-0.07783737778663635,-0.5174298882484436,-0.10927358269691467,-0.7120189070701599,-0.14545312523841858,-0.8290207386016846,-0.18141692876815796,-0.9207826256752014,-0.016544343903660774,-0.5225074291229248,-0.04784713312983513,-0.7492385506629944,-0.08892888575792313,-0.8895493149757385,-0.1274312138557434,-1.0,0.03909150883555412,-0.4891843795776367,0.02603919990360737,-0.710981547832489,-0.007266529370099306,-0.8557909727096558,-0.04143014922738075,-0.9729800224304199,0.09227275848388672,-0.42033395171165466,0.10036244243383408,-0.5899143218994141,0.08882474154233932,-0.7089810371398926,0.0714501291513443,-0.8149132132530212
swipe_left,0.0,0.0,-0.12398616969585419,-0.10275696218013763,-0.17787842452526093,-0.30049774050712585,-0.18624936044216156,-0.4429124593734741,-0.2100439816713333,-0.550136923789978,-0.08215656131505966,-0.5148889422416687,-0.11712972074747086,-0.7087217569351196,-0.16030831634998322,-0.8253000378608704,-0.20365619659423828,-0.9100880026817322,-0.021486202254891396,-0.5205581784248352,-0.04905669018626213,-0.7460588812828064,-0.08932375907897949,-0.8892263174057007,-0.12810945510864258,-1.0,0.03388335183262825,-0.48893097043037415,0.01932031847536564,-0.7109297513961792,-0.012648484669625759,-0.8549675941467285,-0.04615577682852745,-0.9711204767227173,0.08659979701042175,-0.42266497015953064,0.09630203992128372,-0.5924755334854126,0.08749055117368698,-0.7126904129981995,0.07207366079092026,-0.8200607895851135
swipe_left,0.0,0.0,-0.1240871399641037,-0.09449293464422226,-0.18267183005809784,-0.28698623180389404,-0.19649414718151093,-0.42827537655830383,-0.21227829158306122,-0.5293298959732056,-0.0915549173951149,-0.5009858012199402,-0.1255011260509491,-0.7008557319641113,-0.1625969111919403,-0.8301141858100891,-0.19469064474105835,-0.9266473054885864,-0.025033749639987946,-0.5015116333961487,-0.05151507630944252,-0.7267816066741943,-0.0945066288113594,-0.8821395635604858,-0.13302189111709595,-1.0,0.03471031412482262,-0.4671143591403961,0.022259706631302834,-0.6914173364639282,-0.015918876975774765,-0.8484942317008972,-0.049206122756004333,-0.9697529077529907,0.08810583502054214,-0.39900481700897217,0.09083791077136993,-0.574234664440155,0.07848839461803436,-0.7037444114685059,0.06493490189313889,-0.8138936161994934
swipe_left,0.0,0.0,-0.12351997941732407,-0.1010172888636589,-0.17685703933238983,-0.29831260442733765,-0.1855083554983139,-0.44277605414390564,-0.2110900580883026,-0.5475021600723267,-0.09106496721506119,-0.5176952481269836,-0.11885934323072433,-0.7144019603729248,-0.1554040014743805,-0.8316541910171509,-0.19466854631900787,-0.9199449419975281,-0.028333982452750206,-0.5233418345451355,-0.050671208649873734,-0.7449257969856262,-0.08562720566987991,-0.8872878551483154,-0.1220206469297409,-1.0,0.029992159456014633,-0.4936679005622864,0.01756451278924942,-0.7083747386932373,-0.009965090081095695,-0.848231315612793,-0.0407375693321228,-0.9614131450653076,0.08807066828012466,-0.43025726079940796,0.09305016696453094,-0.6022713780403137,0.08198435604572296,-0.720698356628418,0.06451436877250671,-0.8253936171531677
swipe_left,0.0,0.0,-0.12112325429916382,-0.10133856534957886,-0.173262819647789,-0.30228951573371887,-0.18219317495822906,-0.44529396295547485,-0.20428776741027832,-0.5414881706237793,-0.09281405806541443,-0.5211561322212219,-0.12213042378425598,-0.7136224508285522,-0.159218892455101,-0.8316784501075745,-0.19621321558952332,-0.9231386780738831,-0.027943428605794907,-0.5253139734268188,-0.05404718965291977,-0.7427722215652466,-0.09381821006536484,-0.8857078552246094,-0.13406111299991608,-1.0,0.0318969264626503,-0.4935712516307831,0.0174185149371624,-0.7068361639976501,-0.016902094706892967,-0.8510367274284363,-0.05135427042841911,-0.9672396779060364,0.08916685730218887,-0.42893853783607483,0.09455139189958572,-0.5993658900260925,0.08266308903694153,-0.7204822301864624,0.06424618512392044,-0.8242549300193787
swipe_left,0.0,0.0,-0.12059285491704941,-0.09867645800113678,-0.1746886819601059,-0.30352598428726196,-0.18223614990711212,-0.4512804448604584,-0.2078441083431244,-0.5500142574310303,-0.09416108578443527,-0.5322408080101013,-0.12118232250213623,-0.7266547083854675,-0.15844842791557312,-0.8377587199211121,-0.19721290469169617,-0.9218482375144958,-0.029684284701943398,-0.5365749597549438,-0.05392209440469742,-0.7599380016326904,-0.09072665125131607,-0.8937516808509827,-0.12772557139396667,-1.0,0.029358021914958954,-0.4991656243801117,0.013877642340958118,-0.715492844581604,-0.016435908153653145,-0.8539237976074219,-0.048632875084877014,-0.9684459567070007,0.0864182636141777,-0.42623019218444824,0.08974353969097137,-0.6006630063056946,0.0781787782907486,-0.7219218015670776,0.061706461012363434,-0.8307878971099854
swipe_left,0.0,0.0,-0.1210908368229866,-0.10528630018234253,-0.17400185763835907,-0.3082438111305237,-0.1802259087562561,-0.4524388015270233,-0.20605894923210144,-0.551712155342102,-0.08854342997074127,-0.5270130038261414,-0.11635520309209824,-0.7245644927024841,-0.15720632672309875,-0.8352072834968567,-0.19979959726333618,-0.9166236519813538,-0.024156076833605766,-0.5304664373397827,-0.05183324217796326,-0.7547129988670349,-0.09335000813007355,-0.8918660283088684,-0.13554900884628296,-1.0,0.03468998521566391,-0.49430370330810547,0.016541633754968643,-0.713350772857666,-0.018543140962719917,-0.8586833477020264,-0.05453043803572655,-0.9760859608650208,0.09133201837539673,-0.4228864312171936,0.09251300990581512,-0.5963020920753479,0.07936793565750122,-0.7182444930076599,0.061003491282463074,-0.8256515264511108
swipe_left,0.0,0.0,-0.1209176555275917,-0.09578103572130203,-0.1759386509656906,-0.2948882579803467,-0.18707382678985596,-0.4439500868320465,-0.21412762999534607,-0.5446122884750366,-0.095404714345932,-0.5260074734687805,-0.1231188103556633,-0.7214781641960144,-0.16423183679580688,-0.8355971574783325,-0.20770540833473206,-0.9174943566322327,-0.03360401466488838,-0.536501407623291,-0.05591669678688049,-0.7511574029922485,-0.09441374242305756,-0.890607476234436,-0.13452784717082977,-1.0,0.02523183822631836,-0.5094018578529358,0.014146669767796993,-0.7195658087730408,-0.016616838052868843,-0.8553210496902466,-0.05081577226519585,-0.965118408203125,0.08253137767314911,-0.4490543007850647,0.09016036987304688,-0.6181162595748901,0.08101486414670944,-0.7355316281318665,0.06528989970684052,-0.8398589491844177
swipe_left,0.0,0.0,-0.11573788523674011,-0.10168396681547165,-0.17295587062835693,-0.2891480624675751,-0.18061308562755585,-0.4371851980686188,-0.20726937055587769,-0.5434990525245667,-0.09062155336141586,-0.5261064171791077,-0.11805335432291031,-0.7239731550216675,-0.1554017812013626,-0.8360292911529541,-0.19543316960334778,-0.9199962615966797,-0.026385484263300896,-0.5345785021781921,-0.0528101809322834,-0.7579562664031982,-0.0909181460738182,-0.8926726579666138,-0.13038308918476105,-1.0,0.03447578847408295,-0.5040073394775391,0.016823112964630127,-0.7197498679161072,-0.016129927709698677,-0.8578937649726868,-0.05032988637685776,-0.9712960720062256,0.09442943334579468,-0.43723782896995544,0.09287451207637787,-0.6104944944381714,0.07816431671380997,-0.7279490828514099,0.06022273376584053,-0.8313437104225159
swipe_left,0.0,0.0,-0.12203440815210342,-0.10609842091798782,-0.17305514216423035,-0.3031507730484009,-0.17801709473133087,-0.4470314383506775,-0.20819978415966034,-0.5476745963096619,-0.09256965667009354,-0.5308922529220581,-0.12016551196575165,-0.7260834574699402,-0.15774641931056976,-0.8357055187225342,-0.1978958696126938,-0.9196881651878357,-0.028261959552764893,-0.5360751748085022,-0.04992726817727089,-0.7538089156150818,-0.08604749292135239,-0.8905520439147949,-0.12458640336990356,-1.0,0.03074505925178528,-0.5012942552566528,0.01814359985291958,-0.7137655019760132,-0.012965114787220955,-0.8528523445129395,-0.04710369184613228,-0.9651883244514465,0.08777177333831787,-0.43211761116981506,0.09082021564245224,-0.6067203879356384,0.07838713377714157,-0.7273997068405151,0.06160502880811691,-0.8333789706230164
swipe_left,0.0,0.0,-0.1181136891245842,-0.10750395804643631,-0.16922013461589813,-0.30417102575302124,-0.17651212215423584,-0.4434497058391571,-0.2031436413526535,-0.5453206300735474,-0.08281286060810089,-0.5255138874053955,-0.11051173508167267,-0.7185273170471191,-0.15027494728565216,-0.8318043351173401,-0.19115905463695526,-0.9148179888725281,-0.017518173903226852,-0.5252425074577332,-0.038123343139886856,-0.7485816478729248,-0.07329442352056503,-0.8901654481887817,-0.11030876636505127,-1.0,0.04313018172979355,-0.4867289364337921,0.028169559314846992,-0.7067297697067261,-0.0028006681241095066,-0.8554885387420654,-0.035475049167871475,-0.9767650961875916,0.10062312334775925,-0.41293370723724365,0.10466194152832031,-0.5895251631736755,0.09351243823766708,-0.7170271873474121,0.076898492872715,-0.8297211527824402
swipe_left,0.0,0.0,-0.11723236739635468,-0.11282525211572647,-0.16831697523593903,-0.30855515599250793,-0.1776285469532013,-0.44526803493499756,-0.20299208164215088,-0.551087498664856,-0.07905830442905426,-0.5276255011558533,-0.10979879647493362,-0.7233623266220093,-0.15071624517440796,-0.83241206407547,-0.1928587108850479,-0.9141239523887634,-0.018835069611668587,-0.5300489664077759,-0.045018214732408524,-0.7549214959144592,-0.0836210772395134,-0.8921203017234802,-0.12373217195272446,-1.0,0.03825009986758232,-0.49267563223838806,0.019599394872784615,-0.7130764126777649,-0.014643394388258457,-0.8542078733444214,-0.049622777849435806,-0.9670073986053467,0.0954684391617775,-0.42036935687065125,0.0958799496293068,-0.5995146036148071,0.08071602880954742,-0.7218189239501953,0.06115439906716347,-0.8285048007965088
swipe_left,0.0,0.0,-0.12288346141576767,-0.10839644074440002,-0.17355574667453766,-0.30505022406578064,-0.18094588816165924,-0.44395655393600464,-0.2101089209318161,-0.5409334897994995,-0.0841328501701355,-0.5332745313644409,-0.12238766252994537,-0.7243396043777466,-0.16482342779636383,-0.8348784446716309,-0.2067006379365921,-0.9172003269195557,-0.02063763327896595,-0.539902925491333,-0.053898707032203674,-0.7600767016410828,-0.09646158665418625,-0.8956448435783386,-0.13773518800735474,-1.0,0.03781861811876297,-0.5069912672042847,0.01848452165722847,-0.7240008115768433,-0.018772032111883163,-0.8645490407943726,-0.056475359946489334,-0.9756339192390442,0.09340202808380127,-0.43842077255249023,0.09281417727470398,-0.6133071780204773,0.07617951184511185,-0.7337101101875305,0.05434893071651459,-0.8372611999511719
swipe_left,0.0,0.0,-0.11362069100141525,-0.10764888674020767,-0.16528798639774323,-0.31197118759155273,-0.17491813004016876,-0.4548366367816925,-0.20705044269561768,-0.5583702325820923,-0.07966971397399902,-0.5345374345779419,-0.10902033001184464,-0.7293069958686829,-0.15403799712657928,-0.8355198502540588,-0.20108552277088165,-0.9072455763816833,-0.02076129987835884,-0.5400468707084656,-0.04015631973743439,-0.7678709626197815,-0.08025144040584564,-0.9014389514923096,-0.12257128208875656,-1.0,0.034820206463336945,-0.5016922950744629,0.0203656367957592,-0.7264090180397034,-0.015043298713862896,-0.8656476140022278,-0.05132628604769707,-0.9748006463050842,0.08940216153860092,-0.4283917248249054,0.09334340691566467,-0.6091293692588806,0.07972115278244019,-0.7311519980430603,0.06321799755096436,-0.8380119204521179
swipe_left,0.0,0.0,-0.11966019123792648,-0.10409966856241226,-0.1778268963098526,-0.2983810305595398,-0.19002428650856018,-0.4429125189781189,-0.21424713730812073,-0.5552791953086853,-0.08945425599813461,-0.5347473621368408,-0.12161483615636826,-0.7334282398223877,-0.16734202206134796,-0.842929482460022,-0.21480701863765717,-0.9168691635131836,-0.02919936366379261,-0.5468969345092773,-0.056430116295814514,-0.7671215534210205,-0.09967853873968124,-0.9004777669906616,-0.1431318074464798,-1.0,0.027896834537386894,-0.5170865654945374,0.008676580153405666,-0.7295030355453491,-0.027838097885251045,-0.8674976825714111,-0.06574659794569016,-0.9759829044342041,0.0850001648068428,-0.45124199986457825,0.08993817120790482,-0.6218688488006592,0.07607782632112503,-0.7405815720558167,0.056640688329935074,-0.8440173268318176
swipe_left,0.0,0.0,-0.11823990941047668,-0.10938461124897003,-0.171533465385437,-0.30860158801078796,-0.18308019638061523,-0.4464622735977173,-0.2080308496952057,-0.5490201711654663,-0.0834142193198204,-0.5346019268035889,-0.11513606458902359,-0.7223686575889587,-0.15678240358829498,-0.8335790038108826,-0.1995479315519333,-0.9186657667160034,-0.022996094077825546,-0.5386420488357544,-0.04690881818532944,-0.7543814182281494,-0.08427639305591583,-0.8916687965393066,-0.12268944829702377,-1.0,0.03339375928044319,-0.5012524127960205,0.015249921940267086,-0.715095043182373,-0.016921257600188255,-0.8550958037376404,-0.049836039543151855,-0.9677979350090027,0.08874702453613281,-0.4284379184246063,0.09146372973918915,-0.6024491190910339,0.07862752676010132,-0.72489994764328,0.06110477074980736,-0.8333277702331543
swipe_left,0.0,0.0,-0.1195535808801651,-0.10671988129615784,-0.17506790161132812,-0.30585506558418274,-0.183844655752182,-0.4450266659259796,-0.20848490297794342,-0.5501236915588379,-0.08543556928634644,-0.5283486843109131,-0.11590191721916199,-0.7260239720344543,-0.1574685275554657,-0.8383184671401978,-0.19915030896663666,-0.9237016439437866,-0.023830829188227654,-0.5299829840660095,-0.04805269464850426,-0.7545775771141052,-0.0883198231458664,-0.891778826713562,-0.12884941697120667,-1.0,0.032529763877391815,-0.4913005530834198,0.015516442246735096,-0.7098702192306519,-0.02041097916662693,-0.8511070013046265,-0.056320786476135254,-0.9663354158401489,0.0889461562037468,-0.41733041405677795,0.0921420082449913,-0.5932453274726868,0.0781237781047821,-0.7146143317222595,0.060359030961990356,-0.8231446743011475
swipe_left,0.0,0.0,-0.12273772060871124,-0.10856327414512634,-0.1770404726266861,-0.30364784598350525,-0.18683843314647675,-0.4414289891719818,-0.21360227465629578,-0.5469979047775269,-0.08677314966917038,-0.5272468328475952,-0.12289855629205704,-0.7183965444564819,-0.16731593012809753,-0.8304527401924133,-0.21142514050006866,-0.915424108505249,-0.026543028652668,-0.5330018997192383,-0.054875802248716354,-0.7543637752532959,-0.09652204811573029,-0.8918629884719849,-0.13697382807731628,-1.0,0.029716679826378822,-0.4967958927154541,0.009109029546380043,-0.7128007411956787,-0.027920151129364967,-0.8540736436843872,-0.06335899978876114,-0.9687476754188538,0.08641644567251205,-0.4258390963077545,0.08896571397781372,-0.6007003784179688,0.07445752620697021,-0.7215774655342102,0.055892620235681534,-0.8286164402961731
swipe_left,0.0,0.0,-0.12081650644540787,-0.09732019901275635,-0.18165962398052216,-0.288705974817276,-0.1949438750743866,-0.4329940974712372,-0.22108426690101624,-0.5447036623954773,-0.09181191027164459,-0.5217533707618713,-0.1285141408443451,-0.7127098441123962,-0.16989561915397644,-0.829863429069519,-0.20859219133853912,-0.9206312298774719,-0.02873772755265236,-0.5268546938896179,-0.05780510604381561,-0.7488650679588318,-0.09815835952758789,-0.8895924091339111,-0.13601593673229218,-1.0,0.02984732575714588,-0.49288246035575867,0.009077773429453373,-0.7093537449836731,-0.02769305184483528,-0.8536377549171448,-0.06341487169265747,-0.970575749874115,0.08711021393537521,-0.42313531041145325,0.09023985266685486,-0.5973329544067383,0.07561035454273224,-0.7202627062797546,0.05647285655140877,-0.8277549743652344
swipe_left,0.0,0.0,-0.12373040616512299,-0.0929914191365242,-0.18507574498653412,-0.29466110467910767,-0.19757592678070068,-0.4375843107700348,-0.22390367090702057,-0.5495094060897827,-0.09131459891796112,-0.5182229280471802,-0.1270689219236374,-0.7163100242614746,-0.17120477557182312,-0.8340018391609192,-0.21144525706768036,-0.9198110699653625,-0.030795836821198463,-0.5224467515945435,-0.05688962712883949,-0.7518789172172546,-0.09899260848760605,-0.8931393027305603,-0.1352338045835495,-1.0,0.025804106146097183,-0.4882219135761261,0.003919578623026609,-0.71323561668396,-0.036606959998607635,-0.8573260307312012,-0.07010871171951294,-0.9707819819450378,0.08223647624254227,-0.4193646311759949,0.08430926501750946,-0.5984044671058655,0.06775780767202377,-0.7220883369445801,0.04951771721243858,-0.8266867995262146
swipe_left,0.0,0.0,-0.11723316460847855,-0.10767906904220581,-0.1717701256275177,-0.2988813817501068,-0.1808219850063324,-0.4432685673236847,-0.20705702900886536,-0.5529423952102661,-0.08380229771137238,-0.5351046323776245,-0.11899959295988083,-0.7194915413856506,-0.1629001498222351,-0.8269057273864746,-0.207306370139122,-0.9049814939498901,-0.021022722125053406,-0.5457068681716919,-0.0494745597243309,-0.7622695565223694,-0.09101533144712448,-0.896576464176178,-0.13368232548236847,-1.0,0.03655901923775673,-0.5127567648887634,0.01855321414768696,-0.7228126525878906,-0.016904586926102638,-0.8588004112243652,-0.054350774735212326,-0.9688395261764526,0.09232838451862335,-0.4427461624145508,0.09780597686767578,-0.6125280857086182,0.08409327268600464,-0.7310171723365784,0.06320877373218536,-0.8358861804008484
swipe_left,0.0,0.0,-0.12345860153436661,-0.09962546825408936,-0.18086235225200653,-0.2962271571159363,-0.19238868355751038,-0.4382754862308502,-0.2194591611623764,-0.5465694665908813,-0.08576253801584244,-0.524721086025238,-0.12156164646148682,-0.7162948846817017,-0.1660539209842682,-0.8295032382011414,-0.20977292954921722,-0.913235604763031,-0.023292260244488716,-0.5283499956130981,-0.05118438974022865,-0.7536475658416748,-0.09274136275053024,-0.8918870687484741,-0.1328464150428772,-1.0,0.03396233916282654,-0.4930330812931061,0.012620938010513783,-0.7150442004203796,-0.025641359388828278,-0.8569473624229431,-0.06259260326623917,-0.9724299907684326,0.08994497358798981,-0.4222095310688019,0.09112624824047089,-0.5985380411148071,0.07562492787837982,-0.7207667827606201,0.055738288909196854,-0.8282365798950195
swipe_left,0.0,0.0,-0.11881748586893082,-0.10536652058362961,-0.17238344252109528,-0.3154853880405426,-0.18398253619670868,-0.4621758460998535,-0.2136724591255188,-0.5562073588371277,-0.09014404565095901,-0.5278330445289612,-0.12751512229442596,-0.7157813310623169,-0.17209574580192566,-0.825311541557312,-0.21764220297336578,-0.8992615938186646,-0.03078029677271843,-0.542280375957489,-0.06050269678235054,-0.7622464299201965,-0.10524964332580566,-0.8985264301300049,-0.15254159271717072,-1.0,0.027166666463017464,-0.5123712420463562,0.0048769013956189156,-0.7299183011054993,-0.03245806321501732,-0.8696091175079346,-0.07238539308309555,-0.9776778817176819,0.08523380011320114,-0.44623246788978577,0.08579061180353165,-0.6206974387168884,0.06997751444578171,-0.7361512184143066,0.04919406399130821,-0.8349459171295166
swipe_left,0.0,0.0,-0.10799361765384674,-0.1107742115855217,-0.16273875534534454,-0.3117544949054718,-0.1768905520439148,-0.45610541105270386,-0.20586563646793365,-0.56162428855896,-0.07496139407157898,-0.5459007024765015,-0.11229833960533142,-0.7363520264625549,-0.15731608867645264,-0.8418175578117371,-0.20194566249847412,-0.9171573519706726,-0.013332965783774853,-0.5531871914863586,-0.043010033667087555,-0.7754534482955933,-0.08395209908485413,-0.9032883644104004,-0.12591205537319183,-1.0,0.044831532984972,-0.5176601409912109,0.021933868527412415,-0.7333441972732544,-0.014777207747101784,-0.8660341501235962,-0.05237038806080818,-0.9733211398124695,0.10268484055995941,-0.4454176723957062,0.10603221505880356,-0.617581844329834,0.09202694892883301,-0.735266923904419,0.07193514704704285,-0.8406878113746643
swipe_left,0.0,0.0,-0.1228746771812439,-0.10542792081832886,-0.17775416374206543,-0.3017392158508301,-0.18543845415115356,-0.44044074416160583,-0.21072852611541748,-0.5515905618667603,-0.0856957659125328,-0.5307254791259766,-0.12099327892065048,-0.7256615161895752,-0.16617411375045776,-0.8391031622886658,-0.20995230972766876,-0.9239720106124878,-0.026430701836943626,-0.5364086031913757,-0.06017277389764786,-0.762872040271759,-0.1094914898276329,-0.8971055150032043,-0.15351563692092896,-1.0,0.02908889390528202,-0.5016235113143921,0.006878984626382589,-0.7259659171104431,-0.03699324280023575,-0.8663471937179565,-0.07587487250566483,-0.9773370623588562,0.0862186849117279,-0.43006202578544617,0.08904841542243958,-0.6100863814353943,0.07377491891384125,-0.7308075428009033,0.05517484247684479,-0.8355111479759216
swipe_left,0.0,0.0,-0.11348311603069305,-0.1100057065486908,-0.16766566038131714,-0.30768346786499023,-0.18071061372756958,-0.4526183307170868,-0.20688526332378387,-0.5621559023857117,-0.07763461768627167,-0.5361881852149963,-0.11337727308273315,-0.7317984700202942,-0.15680311620235443,-0.8480361700057983,-0.19824206829071045,-0.9344373345375061,-0.016600152477622032,-0.5413389205932617,-0.04888205602765083,-0.766636073589325,-0.09537020325660706,-0.9004012942314148,-0.1395968794822693,-1.0,0.04081156477332115,-0.506130039691925,0.020120399072766304,-0.7267208099365234,-0.021532239392399788,-0.8659582138061523,-0.06094463914632797,-0.9750202894210815,0.09740526974201202,-0.43323391675949097,0.10270247608423233,-0.6071498394012451,0.08679653704166412,-0.7281747460365295,0.06490293145179749,-0.833160936832428
swipe_left,0.0,0.0,-0.11948166787624359,-0.10621409118175507,-0.17339962720870972,-0.30226004123687744,-0.1843077838420868,-0.44497349858283997,-0.21690994501113892,-0.555038332939148,-0.08165225386619568,-0.537817120552063,-0.1117067039012909,-0.7362661957740784,-0.16146163642406464,-0.8456382155418396,-0.21249473094940186,-0.9151940941810608,-0.020397411659359932,-0.5436661243438721,-0.042837679386138916,-0.766832709312439,-0.08803613483905792,-0.9012318849563599,-0.13308662176132202,-1.0,0.036575425416231155,-0.5045308470726013,0.020211290568113327,-0.7251198887825012,-0.01746804267168045,-0.8667940497398376,-0.05508500337600708,-0.9784291982650757,0.09094387292861938,-0.42930397391319275,0.09562298655509949,-0.6056519150733948,0.08012231439352036,-0.7298334836959839,0.060239702463150024,-0.8386446237564087
swipe_left,0.0,0.0,-0.11661819368600845,-0.11384444683790207,-0.17137950658798218,-0.31418243050575256,-0.18393287062644958,-0.45617496967315674,-0.21408210694789886,-0.5613190531730652,-0.08571339398622513,-0.5425028800964355,-0.11962080746889114,-0.7339232563972473,-0.16676874458789825,-0.8416001200675964,-0.2140505313873291,-0.9156590700149536,-0.026819637045264244,-0.5517556667327881,-0.05402662232518196,-0.7730788588523865,-0.10058356821537018,-0.9042527675628662,-0.14797212183475494,-1.0,0.02890351414680481,-0.5175390839576721,0.0078034913167357445,-0.7352550625801086,-0.03244496509432793,-0.8721036911010742,-0.07312759757041931,-0.978545069694519,0.08392796665430069,-0.44817864894866943,0.08718059957027435,-0.6180711984634399,0.07204602658748627,-0.737128734588623,0.05264424905180931,-0.8410437107086182
swipe_left,0.0,0.0,-0.10645616054534912,-0.1204628199338913,-0.1563294231891632,-0.32275956869125366,-0.1708788126707077,-0.4696853756904602,-0.19834598898887634,-0.5802191495895386,-0.05554073676466942,-0.5477718710899353,-0.08673620223999023,-0.7456362247467041,-0.13834989070892334,-0.8501126766204834,-0.18823526799678802,-0.9280642867088318,0.002299245912581682,-0.548657238483429,-0.022520480677485466,-0.782400369644165,-0.0705123096704483,-0.9063408374786377,-0.11736376583576202,-1.0,0.05515243858098984,-0.5089425444602966,0.038071662187576294,-0.7344286441802979,-0.00599191477522254,-0.8607349991798401,-0.04923615977168083,-0.9623891711235046,0.10608027130365372,-0.43088260293006897,0.10932370275259018,-0.6058072447776794,0.09090423583984375,-0.7275062203407288,0.06767360121011734,-0.8368878364562988
swipe_left,0.0,0.0,-0.1107618659734726,-0.11933354288339615,-0.1650446504354477,-0.31905534863471985,-0.17861391603946686,-0.46195513010025024,-0.20067647099494934,-0.5705317258834839,-0.07044214755296707,-0.5432068109512329,-0.1092575192451477,-0.7375261187553406,-0.1590583175420761,-0.8387737274169922,-0.2065192461013794,-0.9109027981758118,-0.009742984548211098,-0.5501838326454163,-0.039183247834444046,-0.7825726270675659,-0.08431891351938248,-0.9085131287574768,-0.12917353212833405,-1.0,0.047611746937036514,-0.5155385136604309,0.023496069014072418,-0.7387485504150391,-0.018924375995993614,-0.8694994449615479,-0.06070508807897568,-0.9704722762107849,0.1043706163764,-0.44275596737861633,0.10122116655111313,-0.6179414987564087,0.08343566954135895,-0.7409586906433105,0.06245018541812897,-0.8502029776573181
swipe_left,0.0,0.0,-0.11649760603904724,-0.10323034971952438,-0.1703166365623474,-0.3107163906097412,-0.18354345858097076,-0.4608243405818939,-0.21632468700408936,-0.5703185796737671,-0.09287853538990021,-0.5385543704032898,-0.12491737306118011,-0.7329346537590027,-0.1700233817100525,-0.845259428024292,-0.21747373044490814,-0.9239902496337891,-0.030907608568668365,-0.5484867095947266,-0.05730205774307251,-0.7667694091796875,-0.1025543138384819,-0.901138424873352,-0.15030361711978912,-1.0,0.029011880978941917,-0.515917181968689,0.01079960260540247,-0.7341994643211365,-0.024840883910655975,-0.8755906224250793,-0.06256067007780075,-0.9851951003074646,0.0886337086558342,-0.4479837715625763,0.08989701420068741,-0.6281283497810364,0.0739915743470192,-0.7529755234718323,0.053178612142801285,-0.8605877757072449
swipe_left,0.0,0.0,-0.11953747272491455,-0.11671517789363861,-0.16985681653022766,-0.327304869890213,-0.18302977085113525,-0.47629955410957336,-0.2176070362329483,-0.584022045135498,-0.08735339343547821,-0.5548474788665771,-0.1228172779083252,-0.748145341873169,-0.17337104678153992,-0.8514125347137451,-0.22296717762947083,-0.9208759069442749,-0.024670682847499847,-0.5623923540115356,-0.05429072305560112,-0.7865055203437805,-0.10293950885534286,-0.9124792814254761,-0.15080425143241882,-1.0,0.033826496452093124,-0.5281847715377808,0.01537184789776802,-0.7488070726394653,-0.025022000074386597,-0.8848957419395447,-0.06576225906610489,-0.9881733059883118,0.09094424545764923,-0.4590964913368225,0.0936916396021843,-0.6371841430664062,0.07850484549999237,-0.7657268047332764,0.0591500885784626,-0.8776073455810547
swipe_left,0.0,0.0,-0.11017540842294693,-0.10550935566425323,-0.16381680965423584,-0.30940666794776917,-0.17734193801879883,-0.45910900831222534,-0.20686125755310059,-0.5718886852264404,-0.07586080580949783,-0.5412930250167847,-0.1132858395576477,-0.7325894832611084,-0.16080644726753235,-0.8360443711280823,-0.20573289692401886,-0.9116665124893188,-0.01233580056577921,-0.5485981106758118,-0.04139692708849907,-0.770366370677948,-0.08406935632228851,-0.900280237197876,-0.1261872798204422,-1.0,0.046687547117471695,-0.5146289467811584,0.02596176229417324,-0.7289495468139648,-0.011903158389031887,-0.8603218793869019,-0.05074068531394005,-0.9658977389335632,0.10377553850412369,-0.4441751539707184,0.10204567015171051,-0.6193229556083679,0.0837627500295639,-0.7426536679267883,0.06016238033771515,-0.8531599640846252
swipe_left,0.0,0.0,-0.11685202270746231,-0.11409896612167358,-0.17091985046863556,-0.3134768605232239,-0.18384477496147156,-0.4602985680103302,-0.2180875986814499,-0.5742611289024353,-0.08588715642690659,-0.5518412590026855,-0.11867563426494598,-0.7384962439537048,-0.1700739562511444,-0.8360086679458618,-0.22444526851177216,-0.9025397300720215,-0.025735903531312943,-0.5620762705802917,-0.05258798226714134,-0.7813193202018738,-0.09990706294775009,-0.9062126278877258,-0.14878028631210327,-1.0,0.033209096640348434,-0.5272912383079529,0.013247841969132423,-0.7409088611602783,-0.027195142582058907,-0.8735123872756958,-0.07038658112287521,-0.9782990217208862,0.09107594192028046,-0.45536306500434875,0.09240475296974182,-0.6312545537948608,0.07578928768634796,-0.7520106434822083,0.053590212017297745,-0.8578131198883057
swipe_left,0.0,0.0,-0.10815415531396866,-0.11305451393127441,-0.15937988460063934,-0.3159594237804413,-0.17501196265220642,-0.45620808005332947,-0.20382805168628693,-0.5630963444709778,-0.06889218091964722,-0.5454556345939636,-0.1070151999592781,-0.7346099615097046,-0.15572041273117065,-0.8390657305717468,-0.20074424147605896,-0.9187535643577576,-0.008379103615880013,-0.5498185753822327,-0.04270680248737335,-0.7737987041473389,-0.08953902125358582,-0.9003604650497437,-0.132638618350029,-1.0,0.04871318116784096,-0.5127610564231873,0.021174082532525063,-0.729565441608429,-0.024192379787564278,-0.8583309054374695,-0.06592322885990143,-0.961959958076477,0.10572683066129684,-0.4398675262928009,0.10117124021053314,-0.6186268925666809,0.07926393300294876,-0.7416698932647705,0.05451062694191933,-0.8505932688713074
swipe_left,0.0,0.0,-0.11615757644176483,-0.11520577222108841,-0.16934114694595337,-0.32773593068122864,-0.1820254772901535,-0.4727892279624939,-0.21226295828819275,-0.5799225568771362,-0.08662727475166321,-0.5569718480110168,-0.12752586603164673,-0.7404590249061584,-0.1717868149280548,-0.8391955494880676,-0.21663741767406464,-0.9103360772132874,-0.021959932520985603,-0.5623363256454468,-0.057392802089452744,-0.7846524119377136,-0.10320553183555603,-0.9073144197463989,-0.15142859518527985,-1.0,0.03822802007198334,-0.5214403867721558,0.013806495815515518,-0.7400113940238953,-0.025973601266741753,-0.8708056211471558,-0.06784632802009583,-0.9775120615959167,0.09685864299535751,-0.44234129786491394,0.09494466334581375,-0.6197205185890198,0.075999416410923,-0.7385148406028748,0.050820138305425644,-0.8438360095024109
swipe_left,0.0,0.0,-0.11204054206609726,-0.11915479600429535,-0.16410484910011292,-0.3179470896720886,-0.17912675440311432,-0.4626995623111725,-0.20638468861579895,-0.5752003192901611,-0.05981554463505745,-0.5579982399940491,-0.09876442700624466,-0.7454280853271484,-0.15225303173065186,-0.8444027304649353,-0.20388488471508026,-0.9172288775444031,6.189331179484725e-05,-0.5613526105880737,-0.03458285704255104,-0.7879287600517273,-0.08675578981637955,-0.9087839722633362,-0.13701477646827698,-1.0,0.05543430894613266,-0.5226529836654663,0.02800261415541172,-0.742152988910675,-0.019193056970834732,-0.8684712052345276,-0.06492989510297775,-0.9691910147666931,0.10763812810182571,-0.447073757648468,0.10389109700918198,-0.6256802082061768,0.08315753191709518,-0.7481335997581482,0.05850745365023613,-0.8572686910629272
swipe_right,0.0,0.0,-0.10986992716789246,-0.08706454187631607,-0.16173002123832703,-0.2730388045310974,-0.17064228653907776,-0.40642857551574707,-0.19261333346366882,-0.5111883282661438,-0.10003813356161118,-0.5131150484085083,-0.1340516060590744,-0.7045174837112427,-0.17175601422786713,-0.8228155970573425,-0.21059739589691162,-0.9152728319168091,-0.040884729474782944,-0.5217604637145996,-0.07079540193080902,-0.7399397492408752,-0.10735677927732468,-0.8829514980316162,-0.14317716658115387,-1.0,0.014671633020043373,-0.4892370402812958,-0.004958709701895714,-0.7059077024459839,-0.037782181054353714,-0.8487812280654907,-0.07085304707288742,-0.9652235507965088,0.06708110868930817,-0.42309680581092834,0.07061853259801865,-0.590357780456543,0.060962289571762085,-0.7095954418182373,0.04793063923716545,-0.8126579523086548
swipe_right,0.0,0.0,-0.1154043897986412,-0.08315431326627731,-0.1683063507080078,-0.2708131968975067,-0.1747829169034958,-0.40263423323631287,-0.19772864878177643,-0.5044641494750977,-0.10633902996778488,-0.5118448734283447,-0.14251984655857086,-0.702171802520752,-0.1798919141292572,-0.8208721280097961,-0.21788543462753296,-0.914665162563324,-0.04424794763326645,-0.5197773575782776,-0.07334107905626297,-0.7348131537437439,-0.11002618074417114,-0.8805974125862122,-0.1452331840991974,-1.0,0.013099314644932747,-0.4880508482456207,-0.005595146678388119,-0.7010700106620789,-0.038632556796073914,-0.8449973464012146,-0.07120448350906372,-0.9624016880989075,0.06595203280448914,-0.42405059933662415,0.06812276691198349,-0.5920506715774536,0.058516811579465866,-0.7121659517288208,0.046533625572919846,-0.8166301250457764
swipe_right,0.0,0.0,-0.1076449453830719,-0.09521723538637161,-0.15729546546936035,-0.27791494131088257,-0.16526243090629578,-0.40728384256362915,-0.1898515522480011,-0.5101128816604614,-0.09521818161010742,-0.5188091993331909,-0.13421542942523956,-0.7101794481277466,-0.17090801894664764,-0.8297872543334961,-0.20521432161331177,-0.9255977272987366,-0.03377513587474823,-0.5246043801307678,-0.06134876608848572,-0.7411379218101501,-0.09662099927663803,-0.884043276309967,-0.13090012967586517,-1.0,0.021414946764707565,-0.49085694551467896,0.003815513337031007,-0.7061176896095276,-0.030611945316195488,-0.8475024700164795,-0.06288980692625046,-0.9636633396148682,0.07150106132030487,-0.42365676164627075,0.07513995468616486,-0.5869981646537781,0.06426072865724564,-0.7097094058990479,0.0506901741027832,-0.8173162341117859
swipe_right,0.0,0.0,-0.11204575002193451,-0.09212539345026016,-0.16296415030956268,-0.2752217650413513,-0.17130467295646667,-0.40547415614128113,-0.19526520371437073,-0.510977566242218,-0.1041591465473175,-0.5165233612060547,-0.14090804755687714,-0.7060189843177795,-0.18024282157421112,-0.8224461078643799,-0.21800310909748077,-0.9149206876754761,-0.04437655210494995,-0.5258175134658813,-0.07335560023784637,-0.743205726146698,-0.11293374001979828,-0.8850642442703247,-0.15208564698696136,-1.0,0.011729489080607891,-0.49211618304252625,-0.006750037427991629,-0.7092772722244263,-0.04120854288339615,-0.8523150682449341,-0.07562904059886932,-0.9684821367263794,0.06452591717243195,-0.42469602823257446,0.06907095015048981,-0.5938855409622192,0.0577983520925045,-0.7157528400421143,0.043410878628492355,-0.8218003511428833
swipe_right,0.0,0.0,-0.11323074996471405,-0.09270191937685013,-0.16619668900966644,-0.27715879678726196,-0.17653775215148926,-0.4074981212615967,-0.2053770273923874,-0.509017825126648,-0.1116178035736084,-0.5199776887893677,-0.1488896906375885,-0.7055780291557312,-0.18858276307582855,-0.8196630477905273,-0.22787518799304962,-0.9100985527038574,-0.052053265273571014,-0.5312685966491699,-0.08112657070159912,-0.7464321851730347,-0.11955058574676514,-0.8860491514205933,-0.15839463472366333,-1.0,0.0045621395111083984,-0.49992644786834717,-0.012273970060050488,-0.7146221995353699,-0.04615388065576553,-0.8537670373916626,-0.081247977912426,-0.9674697518348694,0.05858108401298523,-0.4351867139339447,0.06375443935394287,-0.601452112197876,0.05273314565420151,-0.7190420031547546,0.0370195209980011,-0.8224526047706604
swipe_right,0.0,0.0,-0.11302893608808517,-0.09036509692668915,-0.1681046187877655,-0.2717732787132263,-0.18313463032245636,-0.4044366478919983,-0.21250098943710327,-0.5024675726890564,-0.11077503859996796,-0.5135829448699951,-0.15399357676506042,-0.7070428133010864,-0.1936209350824356,-0.8244429230690002,-0.23090916872024536,-0.9155094027519226,-0.04778258129954338,-0.5235617756843567,-0.07812461256980896,-0.7391486763954163,-0.11631312221288681,-0.8825306296348572,-0.15232054889202118,-1.0,0.010946115478873253,-0.4931611120700836,-0.011438513174653053,-0.7064357995986938,-0.04727457836270332,-0.8518573641777039,-0.08102695643901825,-0.9716053605079651,0.06628768891096115,-0.42967110872268677,0.0669790506362915,-0.5944698452949524,0.05343404412269592,-0.7163761854171753,0.037027984857559204,-0.8229675889015198
swipe_right,0.0,0.0,-0.11572832614183426,-0.09870875626802444,-0.1688688099384308,-0.28526419401168823,-0.17857463657855988,-0.41765040159225464,-0.2084822952747345,-0.5149691104888916,-0.10763206332921982,-0.5187835097312927,-0.149154931306839,-0.703603208065033,-0.18409456312656403,-0.8215759992599487,-0.21670053899288177,-0.9182016849517822,-0.045740365982055664,-0.5288878679275513,-0.07778151333332062,-0.7444772124290466,-0.11316052079200745,-0.8851028084754944,-0.14743609726428986,-1.0,0.013220241293311119,-0.4989945590496063,-0.009713046252727509,-0.7100956439971924,-0.040528252720832825,-0.8496224284172058,-0.07126302272081375,-0.96489417552948,0.07087711244821548,-0.4350125193595886,0.0685671865940094,-0.6007149815559387,0.054515667259693146,-0.7173725366592407,0.03707534819841385,-0.8203087449073792
swipe_right,0.0,0.0,-0.11525742709636688,-0.09639491885900497,-0.17842939496040344,-0.26588091254234314,-0.18921644985675812,-0.3922188878059387,-0.20690074563026428,-0.49008867144584656,-0.0977204367518425,-0.5187444090843201,-0.14484667778015137,-0.7122443914413452,-0.1816960722208023,-0.8334493637084961,-0.21423174440860748,-0.9314266443252563,-0.031779464334249496,-0.5286082029342651,-0.061997588723897934,-0.7517368793487549,-0.1008334681391716,-0.8903349041938782,-0.13722842931747437,-1.0,0.027399837970733643,-0.4973178207874298,0.001833474263548851,-0.7074165940284729,-0.034654758870601654,-0.8474896550178528,-0.06859050691127777,-0.9637225270271301,0.08375771343708038,-0.4299192726612091,0.08601964265108109,-0.596751868724823,0.0728040561079979,-0.7138249278068542,0.055721379816532135,-0.8186895251274109
swipe_right,0.0,0.0,-0.11525742709636688,-0.09639491885900497,-0.17842939496040344,-0.26588091254234314,-0.18921644985675812,-0.3922188878059387,-0.20690074563026428,-0.49008867144584656,-0.0977204367518425,-0.5187444090843201,-0.14484667778015137,-0.7122443914413452,-0.1816960722208023,-0.8334493637084961,-0.21423174440860748,-0.9314266443252563,-0.031779464334249496,-0.5286082029342651,-0.061997588723897934,-0.7517368793487549,-0.1008334681391716,-0.8903349041938782,-0.13722842931747437,-1.0,0.027399837970733643,-0.4973178207874298,0.001833474263548851,-0.7074165940284729,-0.034654758870601654,-0.8474896550178528,-0.06859050691127777,-0.9637225270271301,0.08375771343708038,-0.4299192726612091,0.08601964265108109,-0.596751868724823,0.0728040561079979,-0.7138249278068542,0.055721379816532135,-0.8186895251274109
swipe_right,0.0,0.0,-0.12084152549505234,-0.08212396502494812,-0.1935284584760666,-0.24698160588741302,-0.2067101150751114,-0.3755964934825897,-0.2269662469625473,-0.4791649281978607,-0.11009104549884796,-0.4976857602596283,-0.15615761280059814,-0.6937480568885803,-0.19054560363292694,-0.8221980929374695,-0.22428783774375916,-0.9209785461425781,-0.03752366453409195,-0.5111202001571655,-0.06257705390453339,-0.735521674156189,-0.10031960159540176,-0.8838284015655518,-0.13898229598999023,-1.0,0.028780192136764526,-0.4857226014137268,0.006468703970313072,-0.7013602256774902,-0.026850014925003052,-0.8467854261398315,-0.061647333204746246,-0.9644917845726013,0.09045498818159103,-0.42392975091934204,0.09693864732980728,-0.5896473526954651,0.08682189136743546,-0.7091337442398071,0.07033587247133255,-0.814248263835907
swipe_right,0.0,0.0,-0.11770808696746826,-0.08837730437517166,-0.19397440552711487,-0.24253863096237183,-0.21309992671012878,-0.36364850401878357,-0.22162018716335297,-0.45219555497169495,-0.1026204526424408,-0.5127094388008118,-0.14490462839603424,-0.7056179642677307,-0.1771300733089447,-0.8242215514183044,-0.20738986134529114,-0.9196968674659729,-0.031929317861795425,-0.5265601277351379,-0.0578356571495533,-0.745944619178772,-0.0867319256067276,-0.8867713212966919,-0.11592154949903488,-1.0,0.03186146914958954,-0.4947004020214081,0.013514011166989803,-0.7112935781478882,-0.013138430193066597,-0.8484327793121338,-0.041940052062273026,-0.9604485034942627,0.0950523167848587,-0.42395615577697754,0.10509007424116135,-0.5887197256088257,0.09759007394313812,-0.7025421261787415,0.08303292095661163,-0.8046733736991882
swipe_right,0.0,0.0,-0.12188425660133362,-0.07592377066612244,-0.2005535066127777,-0.2149749994277954,-0.2224109023809433,-0.33637547492980957,-0.2369348257780075,-0.43114107847213745,-0.11527088284492493,-0.48687246441841125,-0.15756116807460785,-0.68346107006073,-0.18899108469486237,-0.8077576160430908,-0.2175675630569458,-0.9049385786056519,-0.043615154922008514,-0.5066030025482178,-0.07135055959224701,-0.734462559223175,-0.09970326721668243,-0.88213711977005,-0.12384115159511566,-1.0,0.024148184806108475,-0.48158782720565796,0.006544224452227354,-0.707939088344574,-0.016368987038731575,-0.8550111055374146,-0.03767326474189758,-0.977020800113678,0.09328032284975052,-0.41839712858200073,0.10394852608442307,-0.5840567350387573,0.09992527961730957,-0.6990906000137329,0.09044671803712845,-0.8030076622962952
swipe_right,0.0,0.0,-0.12604211270809174,-0.07101572304964066,-0.20974740386009216,-0.21275953948497772,-0.23097161948680878,-0.33323508501052856,-0.24736076593399048,-0.42322057485580444,-0.11502578854560852,-0.47836899757385254,-0.1538865864276886,-0.6795970797538757,-0.18259352445602417,-0.803092360496521,-0.21109136939048767,-0.901793360710144,-0.04361429810523987,-0.4996224641799927,-0.06937012821435928,-0.7273948192596436,-0.09496898204088211,-0.8764808773994446,-0.11693209409713745,-1.0,0.023352880030870438,-0.4729250967502594,0.003320727963000536,-0.6972731947898865,-0.01908114366233349,-0.8444920778274536,-0.03999355807900429,-0.9682692289352417,0.09089459478855133,-0.40756651759147644,0.10288849472999573,-0.5758681893348694,0.0980946272611618,-0.6929225325584412,0.08833955228328705,-0.8009963035583496
swipe_right,0.0,0.0,-0.11950386315584183,-0.08195972442626953,-0.19468538463115692,-0.22066760063171387,-0.2142929583787918,-0.33381420373916626,-0.2320244461297989,-0.4166721701622009,-0.11102702468633652,-0.4888896644115448,-0.146964892745018,-0.6899141073226929,-0.1741642951965332,-0.8144295811653137,-0.20153895020484924,-0.9140745997428894,-0.038540083914995193,-0.5045011043548584,-0.06056544557213783,-0.7312031388282776,-0.08436387032270432,-0.8799850940704346,-0.10705558210611343,-1.0,0.03027690201997757,-0.47758597135543823,0.01543129701167345,-0.6974477767944336,-0.004497752524912357,-0.8436307907104492,-0.024159178137779236,-0.9631247520446777,0.1004401221871376,-0.4143603444099426,0.1113903596997261,-0.58696448802948,0.10838888585567474,-0.7054287791252136,0.10089976340532303,-0.8109214305877686
swipe_right,0.0,0.0,-0.13156689703464508,-0.08874989300966263,-0.21166183054447174,-0.25135353207588196,-0.21843235194683075,-0.3868791460990906,-0.22443613409996033,-0.48487791419029236,-0.12016583234071732,-0.5106423497200012,-0.15245749056339264,-0.7141831517219543,-0.1784733384847641,-0.8333743810653687,-0.20444102585315704,-0.9290317893028259,-0.042934782803058624,-0.5209162831306458,-0.05856754258275032,-0.7420293092727661,-0.07815014570951462,-0.8844132423400879,-0.09779956936836243,-1.0,0.027012372389435768,-0.48656442761421204,0.018455827608704567,-0.6991802453994751,0.0020903069525957108,-0.836289644241333,-0.01553713995963335,-0.9516530632972717,0.09696920961141586,-0.41585052013397217,0.10808505117893219,-0.5857719779014587,0.10571232438087463,-0.7004991173744202,0.09956943988800049,-0.8050844669342041
swipe_right,0.0,0.0,-0.13088826835155487,-0.0856698751449585,-0.2110915333032608,-0.2343013882637024,-0.22274093329906464,-0.3622603714466095,-0.23447714745998383,-0.4709886908531189,-0.12140607833862305,-0.49871891736984253,-0.1560194194316864,-0.7034253478050232,-0.18172045052051544,-0.8266626000404358,-0.2075023651123047,-0.9260460138320923,-0.043102387338876724,-0.5105078816413879,-0.05966957286000252,-0.7337756752967834,-0.08195760846138,-0.8803708553314209,-0.10545363277196884,-1.0,0.026144005358219147,-0.48050224781036377,0.020184703171253204,-0.6936623454093933,0.0026334202848374844,-0.8332691788673401,-0.017920760437846184,-0.9494489431381226,0.09529823809862137,-0.4156159460544586,0.11154161393642426,-0.5805678963661194,0.11240384727716446,-0.6954718828201294,0.10694175958633423,-0.7998637557029724
swipe_right,0.0,0.0,-0.11876260489225388,-0.09012184292078018,-0.209131121635437,-0.23152346909046173,-0.24910153448581696,-0.34461620450019836,-0.2756774127483368,-0.4399568438529968,-0.1281658113002777,-0.5045291185379028,-0.161905437707901,-0.7061939239501953,-0.18549612164497375,-0.8247688412666321,-0.20828264951705933,-0.924494743347168,-0.0491025447845459,-0.5144304037094116,-0.06586408615112305,-0.7368388175964355,-0.08508115261793137,-0.8805443048477173,-0.10402852296829224,-1.0,0.021921444684267044,-0.4798429012298584,0.01792127825319767,-0.6918815970420837,0.0024299900978803635,-0.8334827423095703,-0.01576613448560238,-0.9544063210487366,0.09368431568145752,-0.4086577296257019,0.1126340925693512,-0.5765087604522705,0.1143433004617691,-0.6923322677612305,0.10927145928144455,-0.8000324964523315
swipe_right,0.0,0.0,-0.1269395351409912,-0.09396390616893768,-0.21312683820724487,-0.24052534997463226,-0.24046127498149872,-0.359517365694046,-0.25845101475715637,-0.47035109996795654,-0.12288981676101685,-0.5040141344070435,-0.15760308504104614,-0.7038581371307373,-0.1828484833240509,-0.8233258128166199,-0.2078959196805954,-0.9238172173500061,-0.043251778930425644,-0.5152353644371033,-0.060744743794202805,-0.73403000831604,-0.08207941055297852,-0.8775957226753235,-0.1030208021402359,-1.0,0.02851089835166931,-0.4802321195602417,0.025410179048776627,-0.6930135488510132,0.009633682668209076,-0.8286572098731995,-0.009173460304737091,-0.9458613991737366,0.10065285861492157,-0.40806299448013306,0.12156453728675842,-0.5714508891105652,0.12221682816743851,-0.6851540207862854,0.11621589213609695,-0.7917687296867371
swipe_right,0.0,0.0,-0.1291513592004776,-0.09049895405769348,-0.22312107682228088,-0.24408599734306335,-0.2672639787197113,-0.3697108030319214,-0.310902863740921,-0.46582216024398804,-0.12808799743652344,-0.5043368339538574,-0.1598188728094101,-0.7075524926185608,-0.18087762594223022,-0.8321598768234253,-0.20188011229038239,-0.9340016841888428,-0.04657259210944176,-0.5134086608886719,-0.06218487024307251,-0.7341361045837402,-0.08221700042486191,-0.8798280954360962,-0.10066904127597809,-1.0,0.027943069115281105,-0.4748581647872925,0.023777421563863754,-0.6904924511909485,0.005957758519798517,-0.830763578414917,-0.010850880295038223,-0.9489843249320984,0.10254018753767014,-0.4004667103290558,0.12226184457540512,-0.5680912137031555,0.1189342513680458,-0.6807717084884644,0.11113342642784119,-0.7827888131141663
swipe_right,0.0,0.0,-0.13166353106498718,-0.09332644194364548,-0.21874265372753143,-0.254112184047699,-0.2518603503704071,-0.3914368152618408,-0.28475654125213623,-0.5045636892318726,-0.12901411950588226,-0.500127375125885,-0.16085141897201538,-0.7022820115089417,-0.17948058247566223,-0.8271704316139221,-0.19718648493289948,-0.9325480461120605,-0.04481000825762749,-0.5100176334381104,-0.058910250663757324,-0.7305532693862915,-0.0776258036494255,-0.8767580389976501,-0.09771499037742615,-1.0,0.03238648176193237,-0.4735437035560608,0.030576815828680992,-0.6858867406845093,0.01645340956747532,-0.8251197934150696,0.0006715890485793352,-0.9456856846809387,0.10831530392169952,-0.4007018208503723,0.12841491401195526,-0.5663116574287415,0.12724822759628296,-0.6809027791023254,0.12035885453224182,-0.7858880758285522
swipe_right,0.0,0.0,-0.13350781798362732,-0.0976731926202774,-0.22159956395626068,-0.2586579918861389,-0.25291764736175537,-0.3968542218208313,-0.2784900665283203,-0.5171155333518982,-0.12070545554161072,-0.5036634802818298,-0.1484687328338623,-0.7039659023284912,-0.1668490767478943,-0.828183650970459,-0.1852543205022812,-0.9344318509101868,-0.036917027086019516,-0.511719286441803,-0.04878094792366028,-0.73015958070755,-0.06435510516166687,-0.8756864666938782,-0.08059345185756683,-1.0,0.040261633694171906,-0.4728521704673767,0.03913024067878723,-0.6818417906761169,0.029194632545113564,-0.8184782862663269,0.016026293858885765,-0.9341520071029663,0.11635047942399979,-0.39749234914779663,0.1363299936056137,-0.5649182796478271,0.1353427916765213,-0.6813636422157288,0.12791097164154053,-0.7875555753707886
swipe_right,0.0,0.0,-0.1420636624097824,-0.08556821942329407,-0.22531117498874664,-0.2544117867946625,-0.24584175646305084,-0.3982216417789459,-0.2747817039489746,-0.5125835537910461,-0.12059744447469711,-0.48207396268844604,-0.14557760953903198,-0.684572160243988,-0.16155432164669037,-0.8176770806312561,-0.17707416415214539,-0.9317940473556519,-0.029547886922955513,-0.4943062365055084,-0.04107145220041275,-0.7191823124885559,-0.054596178233623505,-0.8695111870765686,-0.06793168932199478,-1.0,0.05375472083687782,-0.4592248797416687,0.05461205542087555,-0.6763957142829895,0.04060320928692818,-0.8174896836280823,0.024561449885368347,-0.9377938508987427,0.13373248279094696,-0.3877173960208893,0.15457241237163544,-0.5590214133262634,0.15200941264629364,-0.6760203242301941,0.14220501482486725,-0.7828693389892578
swipe_right,0.0,0.0,-0.1471835970878601,-0.09184382855892181,-0.23553577065467834,-0.2625288665294647,-0.2615845501422882,-0.4036009609699249,-0.2915650010108948,-0.5133769512176514,-0.13047543168067932,-0.4892125427722931,-0.15339414775371552,-0.6895760297775269,-0.1656591296195984,-0.8164618015289307,-0.17840752005577087,-0.9285365343093872,-0.04023187607526779,-0.5002002716064453,-0.048149459064006805,-0.723484456539154,-0.05898020416498184,-0.8711168766021729,-0.0701218992471695,-1.0,0.04309521242976189,-0.46493005752563477,0.04802846163511276,-0.677918016910553,0.03785311430692673,-0.8165125846862793,0.02410314232110977,-0.9345236420631409,0.12371671944856644,-0.3932507038116455,0.14595799148082733,-0.5590947866439819,0.14688816666603088,-0.6736010313034058,0.1400756686925888,-0.7792686820030212
swipe_right,0.0,0.0,-0.14619353413581848,-0.08972004801034927,-0.23314234614372253,-0.2600620687007904,-0.2575077712535858,-0.404709130525589,-0.2869641184806824,-0.5172930955886841,-0.12403415888547897,-0.4883740246295929,-0.14566205441951752,-0.6890561580657959,-0.15954037010669708,-0.8172574639320374,-0.17457790672779083,-0.9298003911972046,-0.03174656629562378,-0.4993560016155243,-0.038841839879751205,-0.7218294739723206,-0.05011375620961189,-0.8687649965286255,-0.0622166208922863,-1.0,0.05249188095331192,-0.46350789070129395,0.0577278733253479,-0.676998496055603,0.04709913209080696,-0.8138291835784912,0.032916899770498276,-0.9333447217941284,0.13239189982414246,-0.3919641673564911,0.1571408212184906,-0.5562171936035156,0.1575695276260376,-0.6687766909599304,0.15009577572345734,-0.7730634212493896
swipe_right,0.0,0.0,-0.14267852902412415,-0.09060497581958771,-0.22354957461357117,-0.2714740037918091,-0.24700525403022766,-0.41635316610336304,-0.28292450308799744,-0.521972119808197,-0.11427327245473862,-0.4934981167316437,-0.13717947900295258,-0.6941238641738892,-0.1494278758764267,-0.8227430582046509,-0.16145136952400208,-0.9360933303833008,-0.024600166827440262,-0.5016716122627258,-0.0321086049079895,-0.7227131128311157,-0.040077414363622665,-0.86817467212677,-0.047137532383203506,-1.0,0.05844932422041893,-0.4633389711380005,0.06445290148258209,-0.6768914461135864,0.055810049176216125,-0.8140169382095337,0.044726185500621796,-0.9334499835968018,0.13955014944076538,-0.38969340920448303,0.16608959436416626,-0.5535242557525635,0.16816675662994385,-0.6659543514251709,0.16205298900604248,-0.7714210152626038
swipe_right,0.0,0.0,-0.14892135560512543,-0.09680429100990295,-0.23176993429660797,-0.27365925908088684,-0.2572721540927887,-0.4175229072570801,-0.2909986674785614,-0.5247618556022644,-0.12052059918642044,-0.49601978063583374,-0.13993504643440247,-0.6971523761749268,-0.15055888891220093,-0.8256327509880066,-0.1616954207420349,-0.9380127191543579,-0.029000068083405495,-0.5073554515838623,-0.033971212804317474,-0.7287790179252625,-0.04231563210487366,-0.8727964758872986,-0.050461359322071075,-1.0,0.05356897786259651,-0.4681236743927002,0.06510000675916672,-0.6789464950561523,0.058949075639247894,-0.8128991723060608,0.049654558300971985,-0.9288114309310913,0.13297894597053528,-0.38987869024276733,0.16057902574539185,-0.5540707111358643,0.16370421648025513,-0.6674281358718872,0.15894193947315216,-0.7738550305366516
swipe_right,0.0,0.0,-0.14769241213798523,-0.104780413210392,-0.23538164794445038,-0.27715086936950684,-0.26439544558525085,-0.4219103455543518,-0.2986792325973511,-0.5389245748519897,-0.12287835776805878,-0.5100368857383728,-0.14510968327522278,-0.7096355557441711,-0.15279348194599152,-0.8354113101959229,-0.15850812196731567,-0.9424620866775513,-0.03091203048825264,-0.5191861987113953,-0.032794445753097534,-0.7388864755630493,-0.03775283694267273,-0.8785305619239807,-0.0417792983353138,-1.0,0.05039135739207268,-0.4805057644844055,0.060937974601984024,-0.6866437792778015,0.05740887671709061,-0.8174581527709961,0.051113106310367584,-0.9311699867248535,0.12979823350906372,-0.40212032198905945,0.15465562045574188,-0.5620797276496887,0.15657229721546173,-0.67303466796875,0.1507072001695633,-0.7782570123672485
swipe_right,0.0,0.0,-0.1409052610397339,-0.1088075116276741,-0.2279900163412094,-0.28373202681541443,-0.26171502470970154,-0.4266696870326996,-0.29381367564201355,-0.5385374426841736,-0.11458499729633331,-0.5099543929100037,-0.13408982753753662,-0.7090708017349243,-0.14070406556129456,-0.8329882025718689,-0.14498622715473175,-0.9418506026268005,-0.02303275279700756,-0.516947865486145,-0.02476271241903305,-0.7308774590492249,-0.028685439378023148,-0.871747612953186,-0.031755998730659485,-1.0,0.05960479751229286,-0.4760996103286743,0.07021600753068924,-0.6793888807296753,0.06726798415184021,-0.8090862035751343,0.06057587265968323,-0.9247301816940308,0.13800041377544403,-0.39818090200424194,0.16256260871887207,-0.560175895690918,0.16529232263565063,-0.670819103717804,0.16158293187618256,-0.7747331857681274
swipe_right,0.0,0.0,-0.13708391785621643,-0.10639932006597519,-0.2275133579969406,-0.2792922258377075,-0.264934241771698,-0.4214405119419098,-0.29855620861053467,-0.5380117297172546,-0.1160690113902092,-0.5128390192985535,-0.13289114832878113,-0.7118607759475708,-0.1374632865190506,-0.8321423530578613,-0.14059923589229584,-0.937896728515625,-0.025743842124938965,-0.5197531580924988,-0.023806121200323105,-0.7384779453277588,-0.025408057495951653,-0.8770966529846191,-0.028132254257798195,-1.0,0.05496065691113472,-0.477653443813324,0.06910569220781326,-0.681906521320343,0.06884054839611053,-0.8103307485580444,0.062638059258461,-0.9232519268989563,0.13278235495090485,-0.39753180742263794,0.15970879793167114,-0.5539381504058838,0.16370321810245514,-0.6634442806243896,0.15979845821857452,-0.7676891088485718
swipe_right,0.0,0.0,-0.1360866129398346,-0.10667739063501358,-0.22605402767658234,-0.27913326025009155,-0.2621818482875824,-0.41975879669189453,-0.2927061915397644,-0.5335326790809631,-0.11447003483772278,-0.5111272931098938,-0.13042886555194855,-0.7108902335166931,-0.13398312032222748,-0.8352614641189575,-0.13520143926143646,-0.9431875348091125,-0.022610409185290337,-0.5176652073860168,-0.02016524411737919,-0.7341800332069397,-0.02083003893494606,-0.8743575811386108,-0.021372409537434578,-1.0,0.060007404536008835,-0.47558480501174927,0.07285262644290924,-0.6786189079284668,0.07235406339168549,-0.8081054091453552,0.06747931987047195,-0.921760618686676,0.13880358636379242,-0.3949209451675415,0.16378213465213776,-0.553942084312439,0.16810700297355652,-0.6636562943458557,0.16606073081493378,-0.7669704556465149
swipe_right,0.0,0.0,-0.1341000497341156,-0.10859417170286179,-0.22389958798885345,-0.2784007489681244,-0.26193395256996155,-0.4205099642276764,-0.2942758798599243,-0.5387849807739258,-0.11637474596500397,-0.5167410373687744,-0.13533784449100494,-0.7152478694915771,-0.13914044201374054,-0.8363205194473267,-0.1405227780342102,-0.9419457316398621,-0.02473672665655613,-0.5258319973945618,-0.022818487137556076,-0.7398840188980103,-0.025094568729400635,-0.8776516914367676,-0.02751190960407257,-1.0,0.05601080507040024,-0.4856143891811371,0.06830819696187973,-0.6856556534767151,0.06762637943029404,-0.8162353038787842,0.06291449815034866,-0.9339454770088196,0.13271105289459229,-0.407137006521225,0.15933984518051147,-0.5642469525337219,0.16491559147834778,-0.6722398996353149,0.1640181988477707,-0.7763891220092773
swipe_right,0.0,0.0,-0.13787724077701569,-0.10237710177898407,-0.22867611050605774,-0.2706671357154846,-0.2678956985473633,-0.4097782075405121,-0.30421382188796997,-0.5250771641731262,-0.11692140251398087,-0.5056366324424744,-0.13338492810726166,-0.7078660130500793,-0.13744238018989563,-0.8300461769104004,-0.13916686177253723,-0.9381097555160522,-0.025103650987148285,-0.5127943754196167,-0.023616382852196693,-0.732836902141571,-0.024030016735196114,-0.87408846616745,-0.023877136409282684,-1.0,0.05719022452831268,-0.4713383615016937,0.06974686682224274,-0.6770358085632324,0.07099646329879761,-0.8084614276885986,0.06784596294164658,-0.9242236614227295,0.1358242779970169,-0.3921355903148651,0.16411763429641724,-0.5529029369354248,0.1704358011484146,-0.6642563343048096,0.16969355940818787,-0.7714776992797852
swipe_right,0.0,0.0,-0.14599977433681488,-0.0983777567744255,-0.23909690976142883,-0.2719587981700897,-0.27314189076423645,-0.4165091812610626,-0.3033292591571808,-0.5320075750350952,-0.12828995287418365,-0.5069616436958313,-0.14494678378105164,-0.710931658744812,-0.14756785333156586,-0.8389763832092285,-0.14824780821800232,-0.948542058467865,-0.035042088478803635,-0.5156406760215759,-0.033590205013751984,-0.7350195050239563,-0.03280912712216377,-0.8756653070449829,-0.03076331876218319,-1.0,0.04952196031808853,-0.47652310132980347,0.06208345666527748,-0.6827698349952698,0.06381896883249283,-0.8159201741218567,0.06274185329675674,-0.9321321845054626,0.1319158971309662,-0.3981514573097229,0.15706150233745575,-0.5599773526191711,0.16202057898044586,-0.6708670258522034,0.16086114943027496,-0.7749057412147522
swipe_right,0.0,0.0,-0.1427590399980545,-0.10269741714000702,-0.23460347950458527,-0.2748260200023651,-0.2673727571964264,-0.4179135859012604,-0.29904085397720337,-0.5334168672561646,-0.12404132634401321,-0.5102744102478027,-0.13877877593040466,-0.7098937034606934,-0.14049899578094482,-0.8357040882110596,-0.140914648771286,-0.945894718170166,-0.030066365376114845,-0.5185120701789856,-0.027389947324991226,-0.7352859973907471,-0.02779817022383213,-0.8745572566986084,-0.02852671779692173,-1.0,0.054947786033153534,-0.47639209032058716,0.07036472111940384,-0.6830276250839233,0.07115372270345688,-0.8146259784698486,0.06724019348621368,-0.9319604635238647,0.13562646508216858,-0.3952447175979614,0.1655164510011673,-0.5544705986976624,0.1729353964328766,-0.6657947301864624,0.1729331910610199,-0.7724831104278564
swipe_right,0.0,0.0,-0.14744038879871368,-0.10281359404325485,-0.23841071128845215,-0.28060105443000793,-0.26990386843681335,-0.42610737681388855,-0.3022649884223938,-0.5379199981689453,-0.12493427842855453,-0.5143898725509644,-0.14137639105319977,-0.7113310694694519,-0.14578229188919067,-0.8334648609161377,-0.1484312266111374,-0.9424861669540405,-0.032141927629709244,-0.5222917795181274,-0.03163326904177666,-0.7379202842712402,-0.033648014068603516,-0.8751764893531799,-0.03623245656490326,-1.0,0.051159344613552094,-0.48068398237228394,0.06312955170869827,-0.6889021992683411,0.06254517287015915,-0.8184043169021606,0.05731860548257828,-0.933410108089447,0.13077817857265472,-0.40133509039878845,0.15612594783306122,-0.5666393637657166,0.16103564202785492,-0.6797953844070435,0.15902817249298096,-0.7866866588592529
swipe_right,0.0,0.0,-0.14486567676067352,-0.10033714026212692,-0.2344367653131485,-0.2733878791332245,-0.2678219974040985,-0.415746808052063,-0.3001847565174103,-0.5288547277450562,-0.12330523133277893,-0.5096075534820557,-0.1406373530626297,-0.7107030153274536,-0.14530938863754272,-0.8362916111946106,-0.1481866091489792,-0.9462563991546631,-0.032311562448740005,-0.5168687701225281,-0.032086148858070374,-0.7348751425743103,-0.033907078206539154,-0.8746858239173889,-0.035152751952409744,-1.0,0.05075327306985855,-0.47604289650917053,0.06290866434574127,-0.6823000907897949,0.062458887696266174,-0.815645158290863,0.0581301674246788,-0.9331718683242798,0.13092689216136932,-0.3987409770488739,0.15839384496212006,-0.5640080571174622,0.16403108835220337,-0.6767795085906982,0.16281819343566895,-0.7831696271896362
swipe_right,0.0,0.0,-0.14957205951213837,-0.09797585010528564,-0.24266158044338226,-0.26930394768714905,-0.27535033226013184,-0.4121007025241852,-0.30787476897239685,-0.5267356038093567,-0.130876362323761,-0.5096148252487183,-0.1504020094871521,-0.7060908675193787,-0.15681570768356323,-0.830034077167511,-0.16218172013759613,-0.9403814673423767,-0.037958938628435135,-0.5181607007980347,-0.04187044873833656,-0.7357158660888672,-0.045905135571956635,-0.8739829659461975,-0.0492505207657814,-1.0,0.0471794493496418,-0.47756633162498474,0.05794795602560043,-0.6887908577919006,0.05558573082089424,-0.8223434090614319,0.04914975166320801,-0.9413307905197144,0.1283244490623474,-0.39874187111854553,0.15556402504444122,-0.5639406442642212,0.15916913747787476,-0.6777250170707703,0.1556251496076584,-0.7854575514793396
swipe_right,0.0,0.0,-0.1453395038843155,-0.09413804858922958,-0.2427392303943634,-0.2621455788612366,-0.2823508083820343,-0.4073353409767151,-0.3205249607563019,-0.5230264663696289,-0.13392500579357147,-0.5090572834014893,-0.15625514090061188,-0.7072097063064575,-0.16371802985668182,-0.8316475749015808,-0.16862040758132935,-0.9408357739448547,-0.0432586707174778,-0.5208578109741211,-0.046419087797403336,-0.735689640045166,-0.051280710846185684,-0.8748626112937927,-0.05544070526957512,-1.0,0.039015550166368484,-0.48162713646888733,0.04948092997074127,-0.6851835250854492,0.04772914573550224,-0.8145765066146851,0.04218006506562233,-0.9296053647994995,0.11907309293746948,-0.4027407467365265,0.14535143971443176,-0.5645719766616821,0.15018215775489807,-0.6748651266098022,0.14782088994979858,-0.7786206007003784
swipe_right,0.0,0.0,-0.1550602912902832,-0.08882736414670944,-0.24739696085453033,-0.265958309173584,-0.2792162001132965,-0.4118626117706299,-0.31722670793533325,-0.5208030939102173,-0.13210523128509521,-0.505299985408783,-0.15489761531352997,-0.7029364109039307,-0.1621616780757904,-0.8301733732223511,-0.16787360608577728,-0.9403454065322876,-0.038253724575042725,-0.5174728035926819,-0.044260259717702866,-0.7361026406288147,-0.05038946494460106,-0.876055121421814,-0.055667851120233536,-1.0,0.044508084654808044,-0.4779452681541443,0.0562373548746109,-0.6908851861953735,0.053023967891931534,-0.8269127011299133,0.047829769551754,-0.9456709623336792,0.12456734478473663,-0.39709872007369995,0.15347301959991455,-0.5596743822097778,0.15718692541122437,-0.6740930080413818,0.15403896570205688,-0.7819392681121826
swipe_right,0.0,0.0,-0.15181687474250793,-0.09293718636035919,-0.24130497872829437,-0.2686190903186798,-0.2718992829322815,-0.4151571989059448,-0.3068716526031494,-0.5296882390975952,-0.13185609877109528,-0.49907711148262024,-0.1534034162759781,-0.7006977796554565,-0.16230440139770508,-0.8315547704696655,-0.17084597051143646,-0.9432230591773987,-0.036727938801050186,-0.5125780701637268,-0.04278745874762535,-0.7329543828964233,-0.05049411952495575,-0.8756195306777954,-0.05807521194219589,-1.0,0.04857775941491127,-0.475556880235672,0.05596281588077545,-0.6887326240539551,0.050803858786821365,-0.8250508904457092,0.04263664036989212,-0.944220781326294,0.13008539378643036,-0.39910832047462463,0.15232396125793457,-0.5638208985328674,0.1541934460401535,-0.6778067350387573,0.14902779459953308,-0.7845165729522705
swipe_right,0.0,0.0,-0.14867891371250153,-0.0959257185459137,-0.23721943795681,-0.272555410861969,-0.26836568117141724,-0.4159482717514038,-0.3038162887096405,-0.525810182094574,-0.1309690773487091,-0.49640288949012756,-0.15191073715686798,-0.6998356580734253,-0.16079987585544586,-0.8298585414886475,-0.16960422694683075,-0.9399721026420593,-0.038477685302495956,-0.5090753436088562,-0.04358120635151863,-0.7328323721885681,-0.050661686807870865,-0.8770461082458496,-0.05805300176143646,-1.0,0.046199943870306015,-0.47183337807655334,0.05333005264401436,-0.6897709965705872,0.049019668251276016,-0.8276699185371399,0.04189402982592583,-0.9459492564201355,0.12838220596313477,-0.39517197012901306,0.15621818602085114,-0.5608941912651062,0.15968015789985657,-0.6757890582084656,0.1544952541589737,-0.7830384373664856
swipe_right,0.0,0.0,-0.14746218919754028,-0.08661281317472458,-0.23192618787288666,-0.26508137583732605,-0.25904417037963867,-0.4123799502849579,-0.2977552115917206,-0.517365574836731,-0.11902642250061035,-0.4893989861011505,-0.14234335720539093,-0.6918311715126038,-0.15394327044487,-0.8234004378318787,-0.16495251655578613,-0.9365695714950562,-0.027513345703482628,-0.5010637640953064,-0.033658284693956375,-0.7245208024978638,-0.0435626395046711,-0.8716432452201843,-0.05317095294594765,-1.0,0.05598244443535805,-0.4650914669036865,0.06447920948266983,-0.6783688068389893,0.05709196999669075,-0.8178876042366028,0.04687318578362465,-0.938952624797821,0.13625656068325043,-0.3918544352054596,0.16791778802871704,-0.5556228756904602,0.1728367954492569,-0.6684669256210327,0.1681372970342636,-0.7737845778465271
swipe_right,0.0,0.0,-0.14557909965515137,-0.08484944701194763,-0.2341141402721405,-0.25442054867744446,-0.26116594672203064,-0.39880993962287903,-0.2916960120201111,-0.5101092457771301,-0.12885719537734985,-0.4870229661464691,-0.1516643613576889,-0.6895711421966553,-0.16440239548683167,-0.8190490007400513,-0.17695312201976776,-0.931140124797821,-0.036336593329906464,-0.49792516231536865,-0.042929861694574356,-0.7231026887893677,-0.0532618947327137,-0.870646059513092,-0.06225829944014549,-1.0,0.0495464988052845,-0.46044811606407166,0.05579056963324547,-0.6795097589492798,0.046402767300605774,-0.8186261057853699,0.03468836843967438,-0.9364625215530396,0.13242070376873016,-0.3857174515724182,0.15960590541362762,-0.5579239130020142,0.1616889238357544,-0.6741175651550293,0.15531109273433685,-0.7797024846076965
swipe_right,0.0,0.0,-0.1436154842376709,-0.0938965380191803,-0.2336575835943222,-0.26086050271987915,-0.2653904855251312,-0.4044214189052582,-0.2912161350250244,-0.5188049077987671,-0.12965171039104462,-0.5004404187202454,-0.15354980528354645,-0.7044019103050232,-0.16661405563354492,-0.8294575810432434,-0.17906732857227325,-0.9370009303092957,-0.03991784527897835,-0.509967565536499,-0.04855953902006149,-0.7330715656280518,-0.060799289494752884,-0.8766994476318359,-0.07351690530776978,-1.0,0.04340860992670059,-0.47183993458747864,0.044643841683864594,-0.6847258806228638,0.03721308335661888,-0.8242972493171692,0.027745474129915237,-0.9435665607452393,0.12460924685001373,-0.39668145775794983,0.1499476432800293,-0.5647129416465759,0.1534319519996643,-0.680346667766571,0.1494651883840561,-0.787407398223877
swipe_right,0.0,0.0,-0.13087214529514313,-0.10372817516326904,-0.22034434974193573,-0.2694670855998993,-0.25000905990600586,-0.4142324924468994,-0.27827009558677673,-0.5328506827354431,-0.125113382935524,-0.5098724961280823,-0.15842442214488983,-0.7098962068557739,-0.17779354751110077,-0.8283208608627319,-0.19548460841178894,-0.9300222992897034,-0.038355592638254166,-0.518389105796814,-0.05525125935673714,-0.7408670783042908,-0.07548755407333374,-0.8818260431289673,-0.09586817771196365,-1.0,0.03944237902760506,-0.47726970911026,0.03791192173957825,-0.6875312924385071,0.021313097327947617,-0.8267111778259277,0.0030012698844075203,-0.947810709476471,0.1160937026143074,-0.3971323072910309,0.14151106774806976,-0.5538405776023865,0.14286385476589203,-0.664358913898468,0.13916674256324768,-0.7715631127357483
swipe_right,0.0,0.0,-0.1652909815311432,-0.07077577710151672,-0.28504613041877747,-0.2821911871433258,-0.30084049701690674,-0.4591629207134247,-0.27626875042915344,-0.5548917055130005,-0.15790556371212006,-0.56009840965271,-0.20568619668483734,-0.7910411953926086,-0.24972400069236755,-0.9183251261711121,-0.2988177239894867,-1.0,-0.03490639105439186,-0.5822527408599854,-0.07049872726202011,-0.8404572010040283,-0.11684433370828629,-0.9381641149520874,-0.15497002005577087,-0.9800905585289001,0.08121532946825027,-0.5405742526054382,0.05589056387543678,-0.7174044847488403,0.013798536732792854,-0.6805179715156555,-0.007497319485992193,-0.6157137751579285,0.1812961995601654,-0.45713406801223755,0.16791309416294098,-0.6101533770561218,0.12575703859329224,-0.5871732234954834,0.1085653305053711,-0.5195389986038208
swipe_right,0.0,0.0,-0.17537613213062286,0.03093275986611843,-0.34380102157592773,0.04671783000230789,-0.4319196343421936,0.0348786860704422,-0.5240799188613892,-0.006998458877205849,-0.25428307056427,-0.09108182042837143,-0.3780113756656647,0.27142947912216187,-0.4034619629383087,0.5542685389518738,-0.4074147343635559,0.765248715877533,-0.08914538472890854,-0.06589802354574203,-0.17366868257522583,0.3422011137008667,-0.2377903014421463,0.6882413625717163,-0.2857688069343567,0.952354907989502,0.060037996619939804,0.0004571749013848603,-0.00888690073043108,0.44117674231529236,-0.09564691036939621,0.765633225440979,-0.15427400171756744,1.0,0.1883452981710434,0.1127220168709755,0.14058911800384521,0.5127729773521423,0.09291443228721619,0.765028715133667,0.056428391486406326,0.9457893371582031
swipe_right,0.0,0.0,-0.15954244136810303,-0.05685608088970184,-0.2905524969100952,-0.18478555977344513,-0.38008740544319153,-0.3037398159503937,-0.46005696058273315,-0.39357197284698486,-0.2038024216890335,-0.4534327983856201,-0.27983248233795166,-0.6593144536018372,-0.3303925096988678,-0.7784470319747925,-0.37772634625434875,-0.8796237111091614,-0.10730423033237457,-0.4856460988521576,-0.15214639902114868,-0.7210240960121155,-0.1907261461019516,-0.8731691837310791,-0.22965453565120697,-1.0,-0.014037569984793663,-0.4677431881427765,-0.03167928755283356,-0.6929796934127808,-0.05622491613030434,-0.8379610180854797,-0.08279627561569214,-0.9583876132965088,0.07620617002248764,-0.41599059104919434,0.08259914070367813,-0.5912500619888306,0.07580580562353134,-0.7098740935325623,0.06085044518113136,-0.812272846698761
swipe_right,0.0,0.0,-0.1534573882818222,-0.051376618444919586,-0.2874465584754944,-0.18431706726551056,-0.37989723682403564,-0.2976410388946533,-0.46306943893432617,-0.37447819113731384,-0.20224854350090027,-0.47526490688323975,-0.2766159176826477,-0.6709888577461243,-0.3275345265865326,-0.786415696144104,-0.37733110785484314,-0.8824461102485657,-0.10665100067853928,-0.5103457570075989,-0.1550009548664093,-0.737772524356842,-0.19278690218925476,-0.8816553354263306,-0.23187769949436188,-1.0,-0.01222490705549717,-0.48969465494155884,-0.040316350758075714,-0.7085142135620117,-0.0727534219622612,-0.8430833220481873,-0.1057903915643692,-0.9557149410247803,0.07926857471466064,-0.43096068501472473,0.07787083089351654,-0.5974318385124207,0.06650414317846298,-0.7125362157821655,0.0496811605989933,-0.8153930902481079
swipe_right,0.0,0.0,-0.15125776827335358,-0.05094418302178383,-0.2878589332103729,-0.18389764428138733,-0.3819606602191925,-0.30156421661376953,-0.45790180563926697,-0.38104701042175293,-0.20421695709228516,-0.4781492352485657,-0.2801785469055176,-0.6699846982955933,-0.3302454352378845,-0.7819643020629883,-0.37815868854522705,-0.8760764002799988,-0.11036427319049835,-0.5157396197319031,-0.15721186995506287,-0.7394598126411438,-0.19461603462696075,-0.8824586272239685,-0.23405393958091736,-1.0,-0.01822059415280819,-0.4984591603279114,-0.04507201910018921,-0.7066899538040161,-0.07641410082578659,-0.8383235335350037,-0.10934283584356308,-0.9494335651397705,0.07208810746669769,-0.4437248408794403,0.07107294350862503,-0.6065182685852051,0.0598706416785717,-0.716749370098114,0.04296400398015976,-0.8149021863937378
swipe_right,0.0,0.0,-0.1633569896221161,-0.04814089834690094,-0.3049251139163971,-0.18362317979335785,-0.4062390625476837,-0.3026566505432129,-0.48400282859802246,-0.39491379261016846,-0.21398065984249115,-0.46758490800857544,-0.2879425883293152,-0.6666132211685181,-0.34072446823120117,-0.7839882373809814,-0.3902750313282013,-0.8808435797691345,-0.119204580783844,-0.5066061019897461,-0.16625411808490753,-0.7342789769172668,-0.20414161682128906,-0.8787774443626404,-0.24113111197948456,-1.0,-0.026125140488147736,-0.4892878532409668,-0.05318613722920418,-0.7147857546806335,-0.08694560080766678,-0.8484556078910828,-0.12134097516536713,-0.9639633893966675,0.0663701519370079,-0.43120214343070984,0.07007163017988205,-0.599350094795227,0.05702073127031326,-0.7120195031166077,0.035087984055280685,-0.8154006004333496
swipe_right,0.0,0.0,-0.15516409277915955,-0.06257420778274536,-0.2942619025707245,-0.20144011080265045,-0.3949657082557678,-0.3213079273700714,-0.47633832693099976,-0.406634658575058,-0.1991455852985382,-0.47600680589675903,-0.2699557840824127,-0.6755847930908203,-0.317707896232605,-0.7888818979263306,-0.3648565113544464,-0.8860556483268738,-0.11010658740997314,-0.5087582468986511,-0.1559242308139801,-0.7375165224075317,-0.19057343900203705,-0.8794978260993958,-0.22719690203666687,-1.0,-0.021948549896478653,-0.4881475865840912,-0.045112188905477524,-0.702957034111023,-0.07206042110919952,-0.8366147875785828,-0.10194884985685349,-0.951299250125885,0.06691494584083557,-0.4313504099845886,0.07338203489780426,-0.600259006023407,0.06541287899017334,-0.7124214768409729,0.04764154925942421,-0.8147615194320679
swipe_right,0.0,0.0,-0.15126000344753265,-0.07020104676485062,-0.2845352292060852,-0.21044546365737915,-0.37976470589637756,-0.3330099880695343,-0.45494595170021057,-0.4219258725643158,-0.19375604391098022,-0.4882556200027466,-0.25699344277381897,-0.6824859380722046,-0.29988834261894226,-0.7916796803474426,-0.34364715218544006,-0.8890572786331177,-0.10318436473608017,-0.51986163854599,-0.1400686502456665,-0.7440851926803589,-0.17127665877342224,-0.881436824798584,-0.20612002909183502,-1.0,-0.015219789929687977,-0.4975673258304596,-0.03246681019663811,-0.7041676640510559,-0.05678480118513107,-0.8345550894737244,-0.08662927895784378,-0.9467543363571167,0.07169342786073685,-0.439323365688324,0.08156369626522064,-0.6040801405906677,0.07652721554040909,-0.7144749760627747,0.06150033324956894,-0.8157079219818115
swipe_right,0.0,0.0,-0.1500411033630371,-0.06464023143053055,-0.2796713411808014,-0.19456559419631958,-0.3730469048023224,-0.3089655041694641,-0.4491851031780243,-0.39732301235198975,-0.18882673978805542,-0.47347256541252136,-0.2560800313949585,-0.671049177646637,-0.29987597465515137,-0.784111499786377,-0.34192484617233276,-0.8857811093330383,-0.09658415615558624,-0.5040011405944824,-0.1396496742963791,-0.7311111092567444,-0.17071868479251862,-0.8745222687721252,-0.20310130715370178,-1.0,-0.0066696153953671455,-0.48137348890304565,-0.02989477477967739,-0.6904180645942688,-0.05549786612391472,-0.8249943256378174,-0.08371982723474503,-0.9412729144096375,0.08239173144102097,-0.4244548976421356,0.08867087960243225,-0.5927543640136719,0.08216848224401474,-0.7043898105621338,0.06689104437828064,-0.8066219091415405
swipe_right,0.0,0.0,-0.14662177860736847,-0.06773503869771957,-0.27548426389694214,-0.20440182089805603,-0.3695850074291229,-0.3231428563594818,-0.4476035237312317,-0.40867072343826294,-0.1852370649576187,-0.4811357855796814,-0.2514578700065613,-0.6785078048706055,-0.2948209345340729,-0.7893663048744202,-0.3365587294101715,-0.8885301947593689,-0.09344510734081268,-0.5103116631507874,-0.1341320127248764,-0.7371852397918701,-0.16513210535049438,-0.8779276013374329,-0.19826142489910126,-1.0,-0.004295307211577892,-0.4861244559288025,-0.022284826263785362,-0.6970736980438232,-0.047238945960998535,-0.8302860856056213,-0.07690272480249405,-0.9442499279975891,0.08360326290130615,-0.42720693349838257,0.09410620480775833,-0.5938323140144348,0.08870483189821243,-0.7054646611213684,0.07214865833520889,-0.8076891303062439
swipe_right,0.0,0.0,-0.14643636345863342,-0.06500229984521866,-0.2760583162307739,-0.19931060075759888,-0.3654463589191437,-0.3159245252609253,-0.4372711777687073,-0.4036095440387726,-0.19062070548534393,-0.4945727288722992,-0.25287050008773804,-0.6859022378921509,-0.29285138845443726,-0.7943589091300964,-0.33183908462524414,-0.8902741074562073,-0.09738928079605103,-0.5259660482406616,-0.13456998765468597,-0.750711977481842,-0.16251534223556519,-0.8874261975288391,-0.1939675509929657,-1.0,-0.006817750632762909,-0.5011749267578125,-0.02296224981546402,-0.7098621726036072,-0.04734230414032936,-0.838032066822052,-0.07736614346504211,-0.9460231065750122,0.08335942029953003,-0.4383111000061035,0.09472676366567612,-0.6013746857643127,0.08879096060991287,-0.7110328674316406,0.07258695363998413,-0.8116599321365356
swipe_right,0.0,0.0,-0.14349660277366638,-0.07297638803720474,-0.2720334231853485,-0.2095032036304474,-0.36703217029571533,-0.327133446931839,-0.44459298253059387,-0.41664406657218933,-0.1830674707889557,-0.4928424656391144,-0.24831265211105347,-0.6851563453674316,-0.28820303082466125,-0.7959632277488708,-0.3272377848625183,-0.8953787088394165,-0.0921158641576767,-0.5240632891654968,-0.13137368857860565,-0.7498721480369568,-0.16115109622478485,-0.8853716850280762,-0.1940247118473053,-1.0,-0.002536733401939273,-0.4975152313709259,-0.01929699257016182,-0.7090029120445251,-0.04491107910871506,-0.8385242223739624,-0.07508600503206253,-0.9486696720123291,0.08603773266077042,-0.43296167254447937,0.09953252971172333,-0.5970375537872314,0.09662383794784546,-0.7081233263015747,0.08393387496471405,-0.8107088804244995
swipe_right,0.0,0.0,-0.14938268065452576,-0.06583600491285324,-0.2815660834312439,-0.19602109491825104,-0.3738783299922943,-0.31162819266319275,-0.4483588635921478,-0.4010283052921295,-0.1944599449634552,-0.48084625601768494,-0.2581285536289215,-0.6776919364929199,-0.29892146587371826,-0.7923619151115417,-0.3377690017223358,-0.8935102224349976,-0.09936928749084473,-0.5103268027305603,-0.13811837136745453,-0.7370905876159668,-0.16657738387584686,-0.877688467502594,-0.19690969586372375,-1.0,-0.0067161936312913895,-0.4852689504623413,-0.025783244520425797,-0.6988904476165771,-0.05198461189866066,-0.8326475024223328,-0.08238661289215088,-0.9479365348815918,0.08468350768089294,-0.42351579666137695,0.09629114717245102,-0.590903639793396,0.09089390933513641,-0.704831063747406,0.07521604746580124,-0.8102104067802429
swipe_right,0.0,0.0,-0.14677031338214874,-0.0670534074306488,-0.2760966718196869,-0.20500615239143372,-0.36885330080986023,-0.32110607624053955,-0.44633573293685913,-0.40432414412498474,-0.1873548924922943,-0.4832020699977875,-0.2501252591609955,-0.6749659776687622,-0.2904414236545563,-0.7872534990310669,-0.3307900130748749,-0.8877103924751282,-0.09434052556753159,-0.5143207907676697,-0.1324298232793808,-0.7396790981292725,-0.16088558733463287,-0.8793037533760071,-0.1932957023382187,-1.0,-0.0032951359171420336,-0.49000540375709534,-0.022212620824575424,-0.6964841485023499,-0.046549294143915176,-0.8289591670036316,-0.07612334936857224,-0.9420363306999207,0.08652959764003754,-0.4290488362312317,0.09878478944301605,-0.5950466394424438,0.09443958103656769,-0.7083080410957336,0.07858183979988098,-0.8108843564987183
swipe_right,0.0,0.0,-0.1428423821926117,-0.06924638897180557,-0.2726195752620697,-0.20076347887516022,-0.36785489320755005,-0.3142201006412506,-0.444499671459198,-0.4008748233318329,-0.19041483104228973,-0.4860750138759613,-0.2529568374156952,-0.6804994344711304,-0.2925584316253662,-0.7937628626823425,-0.3303980529308319,-0.894877552986145,-0.09756976366043091,-0.5173203945159912,-0.138667494058609,-0.7428826689720154,-0.16895249485969543,-0.8812643885612488,-0.20092268288135529,-1.0,-0.006129350978881121,-0.49188098311424255,-0.024478211998939514,-0.703138530254364,-0.049023598432540894,-0.8369506001472473,-0.07674285024404526,-0.9515154361724854,0.08400747179985046,-0.4280599355697632,0.09693839401006699,-0.5943150520324707,0.09333014488220215,-0.7082831859588623,0.07960649579763412,-0.8129053115844727
swipe_right,0.0,0.0,-0.14370442926883698,-0.07513506710529327,-0.2709044814109802,-0.21045340597629547,-0.36273351311683655,-0.3248750865459442,-0.44061604142189026,-0.409278929233551,-0.1820366084575653,-0.49200427532196045,-0.24577338993549347,-0.6817681789398193,-0.28512653708457947,-0.7920564413070679,-0.3233412206172943,-0.8911401033401489,-0.08963655680418015,-0.5247322916984558,-0.12826624512672424,-0.7488245964050293,-0.15725770592689514,-0.8848345279693604,-0.18924283981323242,-1.0,0.0009873425588011742,-0.5000074505805969,-0.01563190296292305,-0.7056249976158142,-0.04088230058550835,-0.8347356915473938,-0.07078731060028076,-0.944847047328949,0.09045419096946716,-0.4367261826992035,0.1035391315817833,-0.5989125370979309,0.10074880719184875,-0.7095256447792053,0.08789147436618805,-0.8117766976356506
swipe_right,0.0,0.0,-0.14346785843372345,-0.07552637159824371,-0.2705416679382324,-0.21612922847270966,-0.3648184835910797,-0.3359941840171814,-0.44466134905815125,-0.42314571142196655,-0.18348681926727295,-0.49646472930908203,-0.24700775742530823,-0.6831262111663818,-0.28615397214889526,-0.7928261160850525,-0.3233506679534912,-0.8911450505256653,-0.09267028421163559,-0.5290554165840149,-0.13295748829841614,-0.7504976391792297,-0.16164514422416687,-0.8852807879447937,-0.1928982138633728,-1.0,-0.003156081074848771,-0.5036963820457458,-0.01943894289433956,-0.7099620699882507,-0.04453180357813835,-0.8381915092468262,-0.07490956783294678,-0.9483345150947571,0.08606602996587753,-0.4398030638694763,0.10053915530443192,-0.6000543236732483,0.0976499617099762,-0.7087464332580566,0.0836038663983345,-0.8095185160636902
swipe_right,0.0,0.0,-0.14857350289821625,-0.0700431540608406,-0.27612271904945374,-0.20042361319065094,-0.36900806427001953,-0.314143568277359,-0.44765999913215637,-0.3996393084526062,-0.18979758024215698,-0.4874712824821472,-0.2526825964450836,-0.6816658973693848,-0.29242420196533203,-0.7958057522773743,-0.3308364450931549,-0.8996391892433167,-0.09567628055810928,-0.5176117420196533,-0.13420583307743073,-0.739075779914856,-0.1641983836889267,-0.8768940567970276,-0.19725623726844788,-1.0,-0.004669318441301584,-0.4918655753135681,-0.021340759471058846,-0.6994314789772034,-0.04537122696638107,-0.8310458660125732,-0.0741238072514534,-0.9468773007392883,0.0844373032450676,-0.42903268337249756,0.09735880047082901,-0.5955167412757874,0.09322535991668701,-0.7082332968711853,0.0781487300992012,-0.8130632638931274
swipe_right,0.0,0.0,-0.15208770334720612,-0.06631830334663391,-0.2849215269088745,-0.19690273702144623,-0.37567031383514404,-0.31087955832481384,-0.4518181383609772,-0.39712050557136536,-0.18981291353702545,-0.48109927773475647,-0.2542770802974701,-0.6762494444847107,-0.2956514358520508,-0.7927084565162659,-0.3363974690437317,-0.8981639742851257,-0.09709160029888153,-0.5133889317512512,-0.13689245283603668,-0.7370084524154663,-0.1701108068227768,-0.8767710328102112,-0.20471568405628204,-1.0,-0.006538087036460638,-0.4890502095222473,-0.024126233533024788,-0.7006323337554932,-0.04909004271030426,-0.8363173007965088,-0.07607591152191162,-0.9562007784843445,0.08295634388923645,-0.42572495341300964,0.09765972197055817,-0.5919559597969055,0.09483678638935089,-0.7047399878501892,0.08256533741950989,-0.809556782245636
swipe_right,0.0,0.0,-0.14580312371253967,-0.07499025762081146,-0.2709106504917145,-0.2068532407283783,-0.362130343914032,-0.32541561126708984,-0.43967702984809875,-0.4140699505805969,-0.18347179889678955,-0.4898161292076111,-0.2478080540895462,-0.6829509735107422,-0.2883552610874176,-0.7968236207962036,-0.32638758420944214,-0.8981726169586182,-0.09341037273406982,-0.521525502204895,-0.13202624022960663,-0.7427648305892944,-0.1625950187444687,-0.881514847278595,-0.1945662498474121,-1.0,-0.005097256042063236,-0.4992036521434784,-0.022637754678726196,-0.708057701587677,-0.04549660533666611,-0.8395345211029053,-0.07096877694129944,-0.9518609642982483,0.08287721127271652,-0.44009989500045776,0.09550587832927704,-0.603628933429718,0.09320567548274994,-0.7144493460655212,0.08232362568378448,-0.815377414226532
swipe_right,0.0,0.0,-0.14595867693424225,-0.07536350190639496,-0.2711724042892456,-0.21646378934383392,-0.358904629945755,-0.3354858160018921,-0.43021148443222046,-0.42250198125839233,-0.1793505847454071,-0.49091801047325134,-0.2424807846546173,-0.6879792809486389,-0.2790093719959259,-0.8023450970649719,-0.3109223544597626,-0.904265284538269,-0.0891970694065094,-0.523874044418335,-0.12512794137001038,-0.7464199066162109,-0.1535588949918747,-0.8837234377861023,-0.1812637746334076,-1.0,-0.0014232766116037965,-0.5037499666213989,-0.017451316118240356,-0.7162207365036011,-0.04199344664812088,-0.8449046611785889,-0.0698845386505127,-0.9551712870597839,0.08504848182201385,-0.44748568534851074,0.09811898320913315,-0.6109700202941895,0.09542037546634674,-0.7202925682067871,0.08450426161289215,-0.8227143883705139
swipe_right,0.0,0.0,-0.14488659799098969,-0.08366205543279648,-0.27405449748039246,-0.22166502475738525,-0.3658445477485657,-0.3389973044395447,-0.43941858410835266,-0.42681363224983215,-0.17669767141342163,-0.4999385178089142,-0.24042761325836182,-0.6942822337150574,-0.2801959216594696,-0.8052682280540466,-0.31610575318336487,-0.9037702083587646,-0.0850328728556633,-0.5320497751235962,-0.12183205783367157,-0.7503585815429688,-0.1535671353340149,-0.8843169212341309,-0.18449482321739197,-1.0,0.004026591777801514,-0.5125557780265808,-0.009230630472302437,-0.7226953506469727,-0.0349307544529438,-0.8495169281959534,-0.06554137170314789,-0.9589223265647888,0.09030547738075256,-0.45629042387008667,0.10169197618961334,-0.6225788593292236,0.09794127196073532,-0.7317606210708618,0.08532784879207611,-0.8319587707519531
swipe_right,0.0,0.0,-0.15062279999256134,-0.08522938936948776,-0.2800194323062897,-0.22684228420257568,-0.3713476061820984,-0.34053102135658264,-0.4392896592617035,-0.4368385970592499,-0.17930757999420166,-0.5304181575775146,-0.23905637860298157,-0.7257310748100281,-0.27992621064186096,-0.8357160687446594,-0.3196297287940979,-0.9232999682426453,-0.08431123942136765,-0.5637226104736328,-0.12277987599372864,-0.7726776003837585,-0.16154345870018005,-0.8975428938865662,-0.20294548571109772,-1.0,0.010678877122700214,-0.5426749587059021,-0.00651636952534318,-0.7522464394569397,-0.03560081124305725,-0.8718732595443726,-0.0688917487859726,-0.97293621301651,0.10553167760372162,-0.4805530607700348,0.11734054982662201,-0.6457386612892151,0.1093040406703949,-0.7521341443061829,0.09155265241861343,-0.8512181043624878
swipe_right,0.0,0.0,-0.1602110117673874,-0.13977676630020142,-0.29957425594329834,-0.3552411198616028,-0.3534625172615051,-0.5556169748306274,-0.28938785195350647,-0.6992986798286438,-0.24130859971046448,-0.695989191532135,-0.2844955325126648,-0.9365825653076172,-0.3028542697429657,-0.7596853375434875,-0.2720513343811035,-0.619481086730957,-0.12892228364944458,-0.7108210325241089,-0.15573066473007202,-1.0,-0.185353085398674,-0.7726398706436157,-0.16372118890285492,-0.6319669485092163,-0.00695000309497118,-0.6994705200195312,-0.034249547868967056,-0.9556028246879578,-0.07503312081098557,-0.7295275330543518,-0.06544511765241623,-0.5831505656242371,0.124922975897789,-0.645058810710907,0.09970417618751526,-0.8723490238189697,0.051758553832769394,-0.7289837598800659,0.04926350340247154,-0.6004066467285156
swipe_right,0.0,0.0,-0.17390477657318115,-0.13618406653404236,-0.30812346935272217,-0.41142740845680237,-0.30098485946655273,-0.6664426326751709,-0.21276280283927917,-0.826163649559021,-0.24665893614292145,-0.7112225294113159,-0.3052256107330322,-0.9595826268196106,-0.31633761525154114,-0.7393827438354492,-0.2820266783237457,-0.6068629026412964,-0.11766956001520157,-0.7234055399894714,-0.16281135380268097,-1.0,-0.1788671910762787,-0.7208824753761292,-0.15038734674453735,-0.6080296039581299,0.014206565916538239,-0.7047533392906189,-0.0348123237490654,-0.9460877776145935,-0.07238506525754929,-0.6617668271064758,-0.04821275919675827,-0.5432285666465759,0.15919727087020874,-0.6343702077865601,0.09334179759025574,-0.8331737518310547,0.04517986252903938,-0.6323042511940002,0.06210771203041077,-0.5194783806800842
swipe_right,0.0,0.0,-0.18201245367527008,-0.16501043736934662,-0.3143284320831299,-0.48503440618515015,-0.25959351658821106,-0.7360190153121948,-0.11831861734390259,-0.8138740062713623,-0.2462264895439148,-0.7806167602539062,-0.31690090894699097,-1.0,-0.32068508863449097,-0.7510135173797607,-0.2788827121257782,-0.6359236240386963,-0.10276788473129272,-0.7752437591552734,-0.15702326595783234,-0.9916486740112305,-0.1685589700937271,-0.6869210004806519,-0.1353551149368286,-0.597149670124054,0.047081109136343,-0.7343093156814575,-0.010778401046991348,-0.9198529720306396,-0.0547647699713707,-0.6063334941864014,-0.032329026609659195,-0.5076861381530762,0.1962028294801712,-0.6516865491867065,0.11619048565626144,-0.8047130107879639,0.06961087137460709,-0.5874941349029541,0.0920749232172966,-0.4925990104675293
swipe_right,0.0,0.0,-0.1777818500995636,-0.17755253612995148,-0.29588398337364197,-0.4940339922904968,-0.2246870994567871,-0.7431002855300903,-0.0919560045003891,-0.8427044153213501,-0.2492777556180954,-0.7912431955337524,-0.32042038440704346,-0.9971520900726318,-0.3251873850822449,-0.7436445951461792,-0.2802642285823822,-0.626578688621521,-0.10243884474039078,-0.784155011177063,-0.1487506926059723,-1.0,-0.16732072830200195,-0.709040105342865,-0.13798943161964417,-0.6131122708320618,0.05011659860610962,-0.7387635111808777,-0.0059901452623307705,-0.9028110504150391,-0.05151033774018288,-0.5975795388221741,-0.027690555900335312,-0.49911218881607056,0.20147207379341125,-0.6505287885665894,0.12381739169359207,-0.79725581407547,0.08045709878206253,-0.5870810747146606,0.1077621728181839,-0.49218177795410156
swipe_right,0.0,0.0,-0.1863509714603424,-0.1843743920326233,-0.30078306794166565,-0.5106306076049805,-0.22047922015190125,-0.7581130862236023,-0.07131628692150116,-0.8217282295227051,-0.24170342087745667,-0.7813114523887634,-0.2985873818397522,-1.0,-0.3192913830280304,-0.7279151678085327,-0.27629411220550537,-0.620812714099884,-0.10387279093265533,-0.7690077424049377,-0.15607254207134247,-0.9886878728866577,-0.18424902856349945,-0.6817271113395691,-0.14678475260734558,-0.5925010442733765,0.03886321932077408,-0.7250834703445435,-0.027310851961374283,-0.8782185316085815,-0.07597166299819946,-0.5802873969078064,-0.039523325860500336,-0.4994316101074219,0.1792149394750595,-0.6465105414390564,0.09099290519952774,-0.7701844573020935,0.05384727939963341,-0.570396363735199,0.09616999328136444,-0.4913066625595093
swipe_right,0.0,0.0,-0.19283437728881836,-0.16946247220039368,-0.31982168555259705,-0.500550389289856,-0.24112631380558014,-0.7577442526817322,-0.08928894251585007,-0.8409508466720581,-0.2694357633590698,-0.7465798258781433,-0.3403560221195221,-0.9896226525306702,-0.33186104893684387,-0.7361453771591187,-0.2837221324443817,-0.6091192960739136,-0.12653043866157532,-0.7558826804161072,-0.1829461008310318,-1.0,-0.1880459487438202,-0.6993427872657776,-0.14853708446025848,-0.6047597527503967,0.022543029859662056,-0.728176474571228,-0.037022486329078674,-0.903613269329071,-0.07128709554672241,-0.5891964435577393,-0.03410549461841583,-0.4931209683418274,0.1763254851102829,-0.6569398045539856,0.09588528424501419,-0.7965816855430603,0.05865497514605522,-0.5801084041595459,0.09566481411457062,-0.4938780665397644
swipe_right,0.0,0.0,-0.19251826405525208,-0.16446979343891144,-0.3253145217895508,-0.5001055598258972,-0.2443544566631317,-0.769115149974823,-0.08414456248283386,-0.8426001667976379,-0.2791077792644501,-0.7664781212806702,-0.34005117416381836,-0.9993953108787537,-0.32926011085510254,-0.7379454374313354,-0.28055471181869507,-0.6172313690185547,-0.1290886253118515,-0.7761601209640503,-0.1864974945783615,-1.0,-0.18541651964187622,-0.6946679949760437,-0.14341126382350922,-0.6075798273086548,0.021093297749757767,-0.7500787973403931,-0.03652243688702583,-0.9401972889900208,-0.06941673904657364,-0.6288245916366577,-0.034389618784189224,-0.5275152921676636,0.1730111688375473,-0.6813286542892456,0.09258648753166199,-0.8150389194488525,0.058315254747867584,-0.597399890422821,0.0980440303683281,-0.5062456727027893
swipe_right,0.0,0.0,-0.18992042541503906,-0.18080002069473267,-0.3079558312892914,-0.5131261348724365,-0.2240351438522339,-0.7759022116661072,-0.07645241916179657,-0.8568567633628845,-0.2699914276599884,-0.7591429948806763,-0.340152770280838,-1.0,-0.33669474720954895,-0.736545979976654,-0.2882743179798126,-0.6122366189956665,-0.129726380109787,-0.7677099704742432,-0.18459153175354004,-0.9995866417884827,-0.19074082374572754,-0.6937949657440186,-0.1519971638917923,-0.6003614068031311,0.01572255790233612,-0.7400138974189758,-0.039651162922382355,-0.9177886247634888,-0.07618053257465363,-0.6110655665397644,-0.044181231409311295,-0.5149323344230652,0.16179144382476807,-0.6731709837913513,0.08981619775295258,-0.8193609118461609,0.05563172325491905,-0.6055587530136108,0.08993097394704819,-0.5110298991203308
swipe_right,0.0,0.0,-0.18390564620494843,-0.1734904795885086,-0.3084905743598938,-0.5060515999794006,-0.23482537269592285,-0.7781743407249451,-0.08264335989952087,-0.8547430038452148,-0.23545145988464355,-0.7819000482559204,-0.31357139348983765,-1.0,-0.3176916837692261,-0.7434145212173462,-0.26498380303382874,-0.6394790410995483,-0.09283100068569183,-0.7805405259132385,-0.16484014689922333,-0.9891425967216492,-0.17553196847438812,-0.6712889671325684,-0.12190133333206177,-0.5945773124694824,0.05087755247950554,-0.7468023896217346,-0.02158435992896557,-0.9127820730209351,-0.06235859543085098,-0.5997197031974792,-0.01560557633638382,-0.5160194635391235,0.19231344759464264,-0.6784276366233826,0.10021889954805374,-0.8205292820930481,0.06453844159841537,-0.6039326190948486,0.1097365990281105,-0.5164654850959778
swipe_right,0.0,0.0,-0.17952971160411835,-0.160517618060112,-0.31550970673561096,-0.48085445165634155,-0.2601878345012665,-0.7463979721069336,-0.1178312599658966,-0.8293124437332153,-0.26462626457214355,-0.7815760970115662,-0.3314942717552185,-0.9858646392822266,-0.3316137492656708,-0.7161666750907898,-0.2832253575325012,-0.6208866238594055,-0.12076400965452194,-0.7793046832084656,-0.16953690350055695,-1.0,-0.18482407927513123,-0.6923997402191162,-0.14762307703495026,-0.6201865673065186,0.027076752856373787,-0.7406994700431824,-0.03599003702402115,-0.8850815892219543,-0.07492520660161972,-0.5755283832550049,-0.035682592540979385,-0.5064805746078491,0.17439782619476318,-0.6640207767486572,0.0875910222530365,-0.7772959470748901,0.058253467082977295,-0.5662100911140442,0.10385183244943619,-0.4924573004245758
swipe_right,0.0,0.0,-0.18344412744045258,-0.18388627469539642,-0.3070380687713623,-0.5007498860359192,-0.2376704216003418,-0.7569099068641663,-0.09771787375211716,-0.8473365902900696,-0.26010069251060486,-0.7712195515632629,-0.31672924757003784,-0.9870322346687317,-0.3208918273448944,-0.7266386151313782,-0.2748333811759949,-0.6136164665222168,-0.12233466655015945,-0.7654581665992737,-0.15942049026489258,-1.0,-0.18000528216362,-0.7044456601142883,-0.15078267455101013,-0.6128477454185486,0.021014288067817688,-0.7258928418159485,-0.03071524202823639,-0.8942716717720032,-0.07370933145284653,-0.5924056172370911,-0.04531724005937576,-0.5014833211898804,0.16418057680130005,-0.6475585103034973,0.09224767237901688,-0.7891322374343872,0.053325992077589035,-0.5822252631187439,0.08411330729722977,-0.49308547377586365
swipe_right,0.0,0.0,-0.18325772881507874,-0.1770397573709488,-0.30445778369903564,-0.5053061842918396,-0.24149037897586823,-0.7622042298316956,-0.09789375960826874,-0.856732964515686,-0.2485419511795044,-0.787463366985321,-0.3215404152870178,-0.9988486766815186,-0.32933932542800903,-0.7409440875053406,-0.283561110496521,-0.634689450263977,-0.10970336198806763,-0.7855738401412964,-0.1672222763299942,-1.0,-0.18172931671142578,-0.6978392004966736,-0.1433757245540619,-0.6162334680557251,0.03807581216096878,-0.7518320679664612,-0.02949265018105507,-0.9274853467941284,-0.07064729183912277,-0.6086670756340027,-0.03574465215206146,-0.5145573019981384,0.1867745816707611,-0.6803708672523499,0.09988768398761749,-0.8248211741447449,0.06196790188550949,-0.6017035245895386,0.10038206726312637,-0.5062784552574158
swipe_right,0.0,0.0,-0.17864300310611725,-0.18161389231681824,-0.3116874694824219,-0.4930829703807831,-0.2495923638343811,-0.7499250769615173,-0.10249648243188858,-0.8291077613830566,-0.2578601539134979,-0.7797521948814392,-0.31059709191322327,-1.0,-0.32531124353408813,-0.7319848537445068,-0.28589874505996704,-0.6203734874725342,-0.12060736119747162,-0.7716562151908875,-0.16611076891422272,-0.9936338067054749,-0.1857631504535675,-0.6916624307632446,-0.151982843875885,-0.6103514432907104,0.023793064057826996,-0.732261061668396,-0.033252909779548645,-0.8975387215614319,-0.0710185095667839,-0.5988859534263611,-0.038433097302913666,-0.5197764039039612,0.16844651103019714,-0.6563984155654907,0.09114611148834229,-0.7890943884849548,0.061163607984781265,-0.5924574136734009,0.09806063026189804,-0.5175377130508423
swipe_right,0.0,0.0,-0.1820000559091568,-0.1768302470445633,-0.3057315945625305,-0.5031057596206665,-0.24882957339286804,-0.7524797916412354,-0.10955030471086502,-0.8195083141326904,-0.2543596029281616,-0.7737868428230286,-0.31542837619781494,-0.9898059964179993,-0.3206871449947357,-0.7226549983024597,-0.2739894986152649,-0.6262441277503967,-0.11474534869194031,-0.772612988948822,-0.1648227870464325,-1.0,-0.18180960416793823,-0.6991347670555115,-0.14207667112350464,-0.6273865103721619,0.029777085408568382,-0.7354493141174316,-0.03255414962768555,-0.900577187538147,-0.07414809614419937,-0.5974209904670715,-0.03576619550585747,-0.5275949239730835,0.17522087693214417,-0.6598086357116699,0.08791665732860565,-0.7797300815582275,0.055014293640851974,-0.5787175297737122,0.09889893233776093,-0.5090993046760559
swipe_right,0.0,0.0,-0.18583354353904724,-0.17260317504405975,-0.3136325180530548,-0.4953054189682007,-0.24321791529655457,-0.7564803957939148,-0.09553521871566772,-0.8481027483940125,-0.25972986221313477,-0.7891156077384949,-0.3258685767650604,-0.9935858845710754,-0.3346920311450958,-0.734246551990509,-0.289435476064682,-0.6245566010475159,-0.1178409680724144,-0.7858169674873352,-0.16686005890369415,-1.0,-0.1842750459909439,-0.6967393159866333,-0.1505959928035736,-0.6063657999038696,0.03124038502573967,-0.7480129599571228,-0.03173183277249336,-0.9119064211845398,-0.07584293186664581,-0.5949812531471252,-0.045974668115377426,-0.49851059913635254,0.17972831428050995,-0.6711127758026123,0.09685757756233215,-0.813705563545227,0.058097515255212784,-0.5945500135421753,0.09387947618961334,-0.49830615520477295
swipe_right,0.0,0.0,-0.19059883058071136,-0.17083550989627838,-0.31653833389282227,-0.5021770596504211,-0.2391192466020584,-0.7669760584831238,-0.08441964536905289,-0.8449780344963074,-0.26900750398635864,-0.7753467559814453,-0.341964989900589,-0.9880850911140442,-0.3384942412376404,-0.7238255739212036,-0.2884701192378998,-0.6108997464179993,-0.12619659304618835,-0.7851430177688599,-0.1838330179452896,-1.0,-0.19171689450740814,-0.6877127289772034,-0.15219560265541077,-0.5985745191574097,0.020106421783566475,-0.7548502087593079,-0.042461078613996506,-0.905387818813324,-0.08065558969974518,-0.5882577300071716,-0.04628027230501175,-0.49536415934562683,0.1648254692554474,-0.6828471422195435,0.08468008041381836,-0.8006291389465332,0.052845548838377,-0.5804670453071594,0.092768594622612,-0.49095863103866577
swipe_right,0.0,0.0,-0.20004557073116302,-0.17845337092876434,-0.34012940526008606,-0.5013678073883057,-0.2743736207485199,-0.7696587443351746,-0.1129000186920166,-0.8308126926422119,-0.2867565155029297,-0.7827112078666687,-0.35022905468940735,-1.0,-0.3435952365398407,-0.7402065396308899,-0.2924325168132782,-0.6290615200996399,-0.13869665563106537,-0.7938902974128723,-0.19931800663471222,-0.9995070099830627,-0.2045324295759201,-0.6956943869590759,-0.1604522466659546,-0.6184644103050232,0.006269621662795544,-0.7690367698669434,-0.05408322811126709,-0.9404001832008362,-0.08855614066123962,-0.6349607706069946,-0.0462878979742527,-0.5406585335731506,0.1568296253681183,-0.6976559162139893,0.06857932358980179,-0.8133578896522522,0.0402710922062397,-0.6082344055175781,0.08895224332809448,-0.5316702127456665
swipe_right,0.0,0.0,-0.19189448654651642,-0.18163304030895233,-0.32024136185646057,-0.503882884979248,-0.2364293783903122,-0.7440580725669861,-0.07001332938671112,-0.7727734446525574,-0.25929537415504456,-0.8065196871757507,-0.3223343789577484,-0.9954884052276611,-0.3378360867500305,-0.7241106629371643,-0.28707802295684814,-0.6203687787055969,-0.11280995607376099,-0.803485095500946,-0.15960069000720978,-1.0,-0.18725882470607758,-0.685735821723938,-0.14385861158370972,-0.6048128604888916,0.035416506230831146,-0.7626768946647644,-0.02187580242753029,-0.8989652991294861,-0.07369501888751984,-0.5912577509880066,-0.03612558916211128,-0.5143143534660339,0.18120616674423218,-0.6812867522239685,0.10396875441074371,-0.7965404391288757,0.06321176886558533,-0.5843425393104553,0.10224169492721558,-0.5042659640312195
swipe_right,0.0,0.0,-0.20929208397865295,-0.16046181321144104,-0.3476179242134094,-0.5048663020133972,-0.25296106934547424,-0.7486454248428345,-0.07424580305814743,-0.7364603877067566,-0.29433876276016235,-0.8063704967498779,-0.3631049394607544,-0.9908037185668945,-0.362504243850708,-0.7248077988624573,-0.31038427352905273,-0.6199778914451599,-0.13706938922405243,-0.8183836936950684,-0.1826368123292923,-1.0,-0.19740906357765198,-0.7009915709495544,-0.1606636494398117,-0.620693027973175,0.015455219894647598,-0.7833313345909119,-0.04111151769757271,-0.8755646347999573,-0.08148572593927383,-0.5805525779724121,-0.048948340117931366,-0.5067372918128967,0.16970664262771606,-0.7053108811378479,0.09332822263240814,-0.7780892848968506,0.06085735559463501,-0.5777643322944641,0.09860394150018692,-0.5061878561973572
swipe_right,0.0,0.0,-0.20895178616046906,-0.1639430969953537,-0.35871562361717224,-0.5002599954605103,-0.26788777112960815,-0.7404108047485352,-0.08010498434305191,-0.7304235100746155,-0.28803643584251404,-0.8167546987533569,-0.3802315890789032,-1.0,-0.38038918375968933,-0.7113642692565918,-0.32497623562812805,-0.6032480597496033,-0.12858444452285767,-0.8273013234138489,-0.2048436552286148,-0.9935952425003052,-0.20664457976818085,-0.6652206778526306,-0.15359267592430115,-0.5848290920257568,0.027385782450437546,-0.7910884022712708,-0.046921923756599426,-0.8988586664199829,-0.08265916258096695,-0.5886731743812561,-0.04038957133889198,-0.5131803154945374,0.1814129799604416,-0.7097587585449219,0.09024391323328018,-0.7958066463470459,0.05816909298300743,-0.5832701325416565,0.10319220274686813,-0.507368266582489
swipe_right,0.0,0.0,-0.21263408660888672,-0.16102375090122223,-0.37194719910621643,-0.4834442436695099,-0.2796924114227295,-0.7301849722862244,-0.08778898417949677,-0.7346234917640686,-0.3094044029712677,-0.8146095275878906,-0.3833259046077728,-1.0,-0.38080155849456787,-0.7123477458953857,-0.33306223154067993,-0.6007000803947449,-0.1459951400756836,-0.8305503129959106,-0.20449092984199524,-0.9929407238960266,-0.20692992210388184,-0.6569885611534119,-0.1637912392616272,-0.5756157040596008,0.013565185479819775,-0.7984095811843872,-0.03849085047841072,-0.8894324898719788,-0.07908945530653,-0.572387158870697,-0.05104130879044533,-0.4968984127044678,0.1687667816877365,-0.717407763004303,0.09965146332979202,-0.7938433885574341,0.06194325536489487,-0.5771880745887756,0.0912802666425705,-0.5030348300933838
swipe_right,0.0,0.0,-0.2030891478061676,-0.17267468571662903,-0.3486228287220001,-0.4922809600830078,-0.2608455419540405,-0.7305270433425903,-0.07905767112970352,-0.7335975170135498,-0.29423287510871887,-0.8430576324462891,-0.37683460116386414,-1.0,-0.3671903908252716,-0.7053960561752319,-0.31257933378219604,-0.6026600003242493,-0.1302359253168106,-0.8539837598800659,-0.2037210762500763,-0.9868271350860596,-0.20292702317237854,-0.6614995002746582,-0.15794223546981812,-0.5899219512939453,0.029446423053741455,-0.8176806569099426,-0.03733491525053978,-0.8902958631515503,-0.07623142749071121,-0.5818704962730408,-0.04744336009025574,-0.508786678314209,0.18284644186496735,-0.7342556118965149,0.10081008821725845,-0.7796363830566406,0.06735527515411377,-0.5691096186637878,0.10140626132488251,-0.4955238103866577
swipe_right,0.0,0.0,-0.19931377470493317,-0.17521576583385468,-0.33642858266830444,-0.49756336212158203,-0.28881528973579407,-0.7451451420783997,-0.1586894690990448,-0.8206022381782532,-0.20198896527290344,-0.8713225722312927,-0.3296901285648346,-1.0,-0.3534388244152069,-0.7441161870956421,-0.2939912676811218,-0.6567562818527222,-0.05322812497615814,-0.871803343296051,-0.20370136201381683,-0.9649386405944824,-0.21611319482326508,-0.6673648953437805,-0.13892348110675812,-0.5996530652046204,0.08811736851930618,-0.8222617506980896,-0.0531918965280056,-0.8768035769462585,-0.08982066065073013,-0.5875328779220581,-0.024419790133833885,-0.5212751030921936,0.22160427272319794,-0.7334288954734802,0.10158412903547287,-0.7936328053474426,0.0644863024353981,-0.5838558673858643,0.11967106908559799,-0.4985285997390747
swipe_right,0.0,0.0,-0.2036910057067871,-0.16015848517417908,-0.35258665680885315,-0.4927900433540344,-0.2652474045753479,-0.7386863827705383,-0.07986008375883102,-0.7401782870292664,-0.29226937890052795,-0.832158088684082,-0.3750486969947815,-1.0,-0.3717331886291504,-0.6975910067558289,-0.31845054030418396,-0.6026926636695862,-0.12852726876735687,-0.8437097072601318,-0.21124719083309174,-0.9882779717445374,-0.2141357958316803,-0.6522083878517151,-0.16406816244125366,-0.586932361125946,0.030043596401810646,-0.8107334971427917,-0.04658118262887001,-0.8962945938110352,-0.08442291617393494,-0.5831957459449768,-0.04784126579761505,-0.5167983174324036,0.1832687109708786,-0.7327632308006287,0.09432171285152435,-0.7925184965133667,0.06262791156768799,-0.5765326619148254,0.10364261269569397,-0.5067576766014099
swipe_right,0.0,0.0,-0.20428647100925446,-0.15591123700141907,-0.35554713010787964,-0.49515122175216675,-0.27218127250671387,-0.7432323098182678,-0.07847460359334946,-0.7393130660057068,-0.2833174169063568,-0.8331062197685242,-0.3731972873210907,-1.0,-0.3725641369819641,-0.7241357564926147,-0.31911301612854004,-0.6203808784484863,-0.12310086935758591,-0.8442527651786804,-0.21008777618408203,-0.9836084246635437,-0.21172353625297546,-0.6575245261192322,-0.15537935495376587,-0.5869487524032593,0.03013725019991398,-0.8077285885810852,-0.0494423545897007,-0.8880853652954102,-0.0871519222855568,-0.5775855779647827,-0.042238883674144745,-0.506118893623352,0.18023039400577545,-0.7266976237297058,0.08582431823015213,-0.8005682826042175,0.05353898927569389,-0.5860891342163086,0.0979897752404213,-0.5109313130378723
swipe_right,0.0,0.0,-0.20586475729942322,-0.1657477170228958,-0.35049742460250854,-0.49337485432624817,-0.2584177255630493,-0.7357039451599121,-0.0774964913725853,-0.7296436429023743,-0.29615873098373413,-0.800901472568512,-0.3688221275806427,-1.0,-0.3645652234554291,-0.7213344573974609,-0.31031617522239685,-0.5989120006561279,-0.1391906589269638,-0.814038097858429,-0.19469022750854492,-0.9918093681335449,-0.20292121171951294,-0.6838992834091187,-0.16003260016441345,-0.5927240252494812,0.013511416502296925,-0.788396954536438,-0.04298426955938339,-0.8778003454208374,-0.08291025459766388,-0.5836297869682312,-0.04879118502140045,-0.5031895041465759,0.1663275510072708,-0.7206529974937439,0.09023119509220123,-0.7792909145355225,0.05872416868805885,-0.5767224431037903,0.09863302111625671,-0.4998481571674347
swipe_right,0.0,0.0,-0.20075009763240814,-0.166029691696167,-0.34154778718948364,-0.5032817721366882,-0.25192102789878845,-0.7409070134162903,-0.062102995812892914,-0.732903003692627,-0.27508288621902466,-0.8052192330360413,-0.36741432547569275,-1.0,-0.364972859621048,-0.7384365797042847,-0.316031813621521,-0.6122801303863525,-0.11905071139335632,-0.823428213596344,-0.20274664461612701,-0.9939287304878235,-0.202989399433136,-0.6812974810600281,-0.156179741024971,-0.5875368118286133,0.03264784440398216,-0.7969998717308044,-0.04366828128695488,-0.9133880138397217,-0.07816234976053238,-0.6034713387489319,-0.037028390914201736,-0.5109427571296692,0.18450552225112915,-0.7257789969444275,0.09718123823404312,-0.828554630279541,0.0675424188375473,-0.6069006323814392,0.11339859664440155,-0.5121536254882812
swipe_right,0.0,0.0,-0.1969856321811676,-0.15700753033161163,-0.33105772733688354,-0.4998762011528015,-0.2512575089931488,-0.73909592628479,-0.07530131191015244,-0.7184318900108337,-0.2572280168533325,-0.8357539772987366,-0.34878242015838623,-1.0,-0.355735719203949,-0.7271742224693298,-0.3012502193450928,-0.6313560605049133,-0.10279984772205353,-0.8469799160957336,-0.20935054123401642,-0.9727439284324646,-0.2113315612077713,-0.6624324917793274,-0.14744123816490173,-0.597106397151947,0.04376909136772156,-0.8130286335945129,-0.053922053426504135,-0.8918006420135498,-0.08900434523820877,-0.6024484038352966,-0.04019175469875336,-0.5364016890525818,0.18556763231754303,-0.7403644919395447,0.08372755348682404,-0.7991666197776794,0.056632090359926224,-0.5934494137763977,0.1083691343665123,-0.5167551040649414
swipe_right,0.0,0.0,-0.20224551856517792,-0.182252436876297,-0.34452080726623535,-0.4973098337650299,-0.26093605160713196,-0.721904456615448,-0.07469647377729416,-0.7353916168212891,-0.2726060450077057,-0.8478726148605347,-0.3857475519180298,-1.0,-0.38149571418762207,-0.7149879932403564,-0.3165525197982788,-0.6105678081512451,-0.11918534338474274,-0.8598957657814026,-0.2236110419034958,-0.9780572652816772,-0.22413383424282074,-0.6613079905509949,-0.16259954869747162,-0.5898693799972534,0.02940289117395878,-0.8260074853897095,-0.06432545930147171,-0.8893887400627136,-0.09506075829267502,-0.5928752422332764,-0.042551904916763306,-0.524774968624115,0.17662790417671204,-0.748540997505188,0.07606571912765503,-0.8011420369148254,0.05153843015432358,-0.5918759703636169,0.10381649434566498,-0.520951509475708
swipe_right,0.0,0.0,-0.20963889360427856,-0.16494925320148468,-0.35831689834594727,-0.48252955079078674,-0.2665717899799347,-0.7207626700401306,-0.07760030031204224,-0.7584860920906067,-0.2972247898578644,-0.8492776155471802,-0.39717811346054077,-1.0,-0.39061248302459717,-0.734150767326355,-0.34169089794158936,-0.6144154071807861,-0.13352172076702118,-0.878689706325531,-0.22599898278713226,-0.9858649373054504,-0.22134733200073242,-0.6716925501823425,-0.17021197080612183,-0.5916677117347717,0.024447232484817505,-0.8483412861824036,-0.06179213896393776,-0.8954177498817444,-0.09198734909296036,-0.5923141837120056,-0.05033935606479645,-0.5157148838043213,0.1795479953289032,-0.7702357172966003,0.08013475686311722,-0.8022409677505493,0.058613453060388565,-0.5921100974082947,0.10892131179571152,-0.5241855978965759
swipe_right,0.0,0.0,-0.19907625019550323,-0.17295530438423157,-0.3309932053089142,-0.4942854046821594,-0.2429434210062027,-0.7222084999084473,-0.05554015189409256,-0.7229400873184204,-0.24569158256053925,-0.854702353477478,-0.34239211678504944,-1.0,-0.35454726219177246,-0.7296698689460754,-0.30580049753189087,-0.6185463666915894,-0.08525598049163818,-0.8763070106506348,-0.19654400646686554,-0.9509963393211365,-0.20633108913898468,-0.6435940265655518,-0.14470386505126953,-0.579131007194519,0.06097767874598503,-0.8403922319412231,-0.03916925936937332,-0.8634445071220398,-0.08069786429405212,-0.5766974687576294,-0.030654562637209892,-0.5148405432701111,0.20028576254844666,-0.7627313137054443,0.09635042399168015,-0.7756316661834717,0.06309329718351364,-0.5649957656860352,0.10950926691293716,-0.4917994737625122
swipe_right,0.0,0.0,-0.19907625019550323,-0.17295530438423157,-0.3309932053089142,-0.4942854046821594,-0.2429434210062027,-0.7222084999084473,-0.05554015189409256,-0.7229400873184204,-0.24569158256053925,-0.854702353477478,-0.34239211678504944,-1.0,-0.35454726219177246,-0.7296698689460754,-0.30580049753189087,-0.6185463666915894,-0.08525598049163818,-0.8763070106506348,-0.19654400646686554,-0.9509963393211365,-0.20633108913898468,-0.6435940265655518,-0.14470386505126953,-0.579131007194519,0.06097767874598503,-0.8403922319412231,-0.03916925936937332,-0.8634445071220398,-0.08069786429405212,-0.5766974687576294,-0.030654562637209892,-0.5148405432701111,0.20028576254844666,-0.7627313137054443,0.09635042399168015,-0.7756316661834717,0.06309329718351364,-0.5649957656860352,0.10950926691293716,-0.4917994737625122
swipe_right,0.0,0.0,-0.19868330657482147,-0.1791503131389618,-0.3406350910663605,-0.4992947578430176,-0.25503987073898315,-0.7280334830284119,-0.06050686538219452,-0.7264400124549866,-0.24904002249240875,-0.8518569469451904,-0.34413763880729675,-1.0,-0.3650771379470825,-0.7384847402572632,-0.3230953514575958,-0.6170405149459839,-0.09345654398202896,-0.8607580661773682,-0.18606817722320557,-0.9667258262634277,-0.20635506510734558,-0.6565277576446533,-0.1555676907300949,-0.5659737586975098,0.05418857932090759,-0.8190398812294006,-0.03524729236960411,-0.8613523244857788,-0.08355464786291122,-0.5691203474998474,-0.041706912219524384,-0.4883565604686737,0.19510722160339355,-0.7357884049415588,0.09755774587392807,-0.7788850665092468,0.06367245316505432,-0.5660704374313354,0.10778355598449707,-0.48366618156433105
swipe_right,0.0,0.0,-0.18450315296649933,-0.18469291925430298,-0.3054080605506897,-0.516282856464386,-0.22645775973796844,-0.7338120937347412,-0.0417674295604229,-0.7229868173599243,-0.19040562212467194,-0.8865415453910828,-0.3057689368724823,-1.0,-0.31844496726989746,-0.7444573640823364,-0.2492782473564148,-0.6698065996170044,-0.04594030976295471,-0.8901631236076355,-0.17089201509952545,-0.9457790851593018,-0.18551352620124817,-0.656185507774353,-0.11590901762247086,-0.6073476076126099,0.08567705005407333,-0.8387365937232971,-0.03018798679113388,-0.8427320718765259,-0.07029100507497787,-0.5740541815757751,-0.011303293518722057,-0.5269874930381775,0.21271777153015137,-0.7507471442222595,0.10379930585622787,-0.7726157307624817,0.06652963906526566,-0.5731425285339355,0.11264011263847351,-0.5080077052116394
swipe_right,0.0,0.0,-0.2152007520198822,-0.167723149061203,-0.36686912178993225,-0.48590341210365295,-0.2726828455924988,-0.728654682636261,-0.08496131002902985,-0.7311065196990967,-0.30630961060523987,-0.8285987377166748,-0.38774624466896057,-1.0,-0.37198805809020996,-0.708551287651062,-0.3165339231491089,-0.5988494753837585,-0.14573456346988678,-0.8440754413604736,-0.21715888381004333,-0.9806275367736816,-0.21063417196273804,-0.6607303619384766,-0.16466283798217773,-0.5873996019363403,0.010661058127880096,-0.8153565526008606,-0.055058553814888,-0.8760565519332886,-0.08909270167350769,-0.576999843120575,-0.056156039237976074,-0.511610746383667,0.1658560186624527,-0.7399861812591553,0.08573442697525024,-0.7754045128822327,0.05228240787982941,-0.5670994520187378,0.08780919760465622,-0.49813196063041687
swipe_right,0.0,0.0,-0.2014399617910385,-0.17208603024482727,-0.3590664565563202,-0.4733611047267914,-0.2841194272041321,-0.7122663259506226,-0.09482108801603317,-0.7460861802101135,-0.2873772978782654,-0.8328961730003357,-0.3799911141395569,-1.0,-0.36719274520874023,-0.71221524477005,-0.31485500931739807,-0.5903993248939514,-0.12227759510278702,-0.8533084988594055,-0.21010321378707886,-0.981893002986908,-0.20737308263778687,-0.6638274192810059,-0.16063636541366577,-0.5847697854042053,0.033742181956768036,-0.8218920230865479,-0.04248250275850296,-0.8942455649375916,-0.07954762130975723,-0.5866569876670837,-0.04481998085975647,-0.5025999546051025,0.18548783659934998,-0.7407466769218445,0.0940382182598114,-0.7835607528686523,0.06470943242311478,-0.5751263499259949,0.10657703131437302,-0.5036669373512268
swipe_right,0.0,0.0,-0.20026184618473053,-0.16201531887054443,-0.34584683179855347,-0.4869125187397003,-0.26101142168045044,-0.7247166633605957,-0.07128768414258957,-0.7151809930801392,-0.2686258852481842,-0.8490035533905029,-0.35363152623176575,-1.0,-0.3601369261741638,-0.7177214622497559,-0.3096875548362732,-0.6340068578720093,-0.10887660831212997,-0.8574423789978027,-0.19028787314891815,-0.968780517578125,-0.19951920211315155,-0.6408934593200684,-0.14882992208003998,-0.5869946479797363,0.04453938454389572,-0.8126506805419922,-0.03791499882936478,-0.8581126928329468,-0.07893505692481995,-0.5486990213394165,-0.03808455914258957,-0.49205443263053894,0.19242247939109802,-0.724589467048645,0.09885358810424805,-0.7679227590560913,0.06791693717241287,-0.554455041885376,0.1118258386850357,-0.49132177233695984
swipe_right,0.0,0.0,-0.19411706924438477,-0.17105311155319214,-0.34780585765838623,-0.48679742217063904,-0.28522422909736633,-0.7290168404579163,-0.10696859657764435,-0.7522583603858948,-0.27493220567703247,-0.8163248896598816,-0.3595597743988037,-1.0,-0.36029696464538574,-0.723993182182312,-0.3091873228549957,-0.6130483150482178,-0.12396979331970215,-0.8202231526374817,-0.20405198633670807,-0.9738674759864807,-0.20825129747390747,-0.6604326367378235,-0.15695416927337646,-0.5908339619636536,0.025250235572457314,-0.7850823998451233,-0.0514574833214283,-0.8816300630569458,-0.08663543313741684,-0.5827602744102478,-0.044340986758470535,-0.519300639629364,0.1724659651517868,-0.7096480131149292,0.07954125106334686,-0.7746941447257996,0.05235467851161957,-0.5731306076049805,0.09782812744379044,-0.5111297369003296
swipe_right,0.0,0.0,-0.1907532960176468,-0.19741927087306976,-0.3242203891277313,-0.4846262037754059,-0.2933741807937622,-0.7124872803688049,-0.18171349167823792,-0.7993530631065369,-0.23619920015335083,-0.8080190420150757,-0.33267611265182495,-0.9811197519302368,-0.3532065451145172,-0.7402487397193909,-0.30841419100761414,-0.6454334855079651,-0.0970984622836113,-0.8198848962783813,-0.17960993945598602,-1.0,-0.20204879343509674,-0.6992055773735046,-0.15684419870376587,-0.6016697883605957,0.044257719069719315,-0.7928655743598938,-0.04274141788482666,-0.9566893577575684,-0.08505503833293915,-0.6426353454589844,-0.044104449450969696,-0.5344444513320923,0.1816880851984024,-0.7200019955635071,0.08430889993906021,-0.8173802495002747,0.04809769615530968,-0.599708080291748,0.09463544189929962,-0.4993034899234772
swipe_right,0.0,0.0,-0.163262277841568,-0.06652338802814484,-0.2990647852420807,-0.22339463233947754,-0.37666192650794983,-0.3517882227897644,-0.4209913909435272,-0.4526805579662323,-0.18253107368946075,-0.5299696326255798,-0.21645084023475647,-0.7196359038352966,-0.24390459060668945,-0.8222824335098267,-0.278652161359787,-0.9071431159973145,-0.09044905006885529,-0.5583521723747253,-0.12333786487579346,-0.7688298225402832,-0.15490102767944336,-0.8929147720336914,-0.1927586793899536,-1.0,9.843317093327641e-05,-0.5394457578659058,-0.016560442745685577,-0.7444506287574768,-0.03998814523220062,-0.8667763471603394,-0.0715482234954834,-0.9752265214920044,0.09224699437618256,-0.47962936758995056,0.0977998673915863,-0.64688640832901,0.08506645262241364,-0.7501915693283081,0.06229594722390175,-0.846927285194397
swipe_right,0.0,0.0,-0.15533027052879333,-0.06079996004700661,-0.28268197178840637,-0.20261532068252563,-0.3574984669685364,-0.33155691623687744,-0.4155846834182739,-0.4324347674846649,-0.18079623579978943,-0.5032035708427429,-0.21831761300563812,-0.6912199854850769,-0.2434992492198944,-0.8099253177642822,-0.2698498070240021,-0.9166444540023804,-0.09042111784219742,-0.5320245623588562,-0.12483028322458267,-0.7443878054618835,-0.15175658464431763,-0.8788790106773376,-0.18002334237098694,-1.0,-0.0022285496816039085,-0.5109543800354004,-0.018464012071490288,-0.7178271412849426,-0.03787313029170036,-0.8468496203422546,-0.061333902180194855,-0.9621582627296448,0.08711683750152588,-0.4502297341823578,0.09467414766550064,-0.617905855178833,0.08533495664596558,-0.7254762053489685,0.0685611292719841,-0.8255813717842102
swipe_right,0.0,0.0,-0.14828892052173615,-0.06635026633739471,-0.2717594504356384,-0.20413817465305328,-0.3485865592956543,-0.32611364126205444,-0.40783408284187317,-0.4222417175769806,-0.17183923721313477,-0.49091261625289917,-0.2252974659204483,-0.6855473518371582,-0.2557711601257324,-0.8073904514312744,-0.28092503547668457,-0.9193131327629089,-0.0844157263636589,-0.5179016590118408,-0.12399160116910934,-0.733329713344574,-0.15388374030590057,-0.8744762539863586,-0.1803129017353058,-1.0,0.001128563191741705,-0.4953309893608093,-0.016793567687273026,-0.7020885944366455,-0.03804583474993706,-0.8302903771400452,-0.06069919466972351,-0.9426901936531067,0.088552325963974,-0.43456563353538513,0.09928292036056519,-0.5980539917945862,0.09394761919975281,-0.705696702003479,0.08015388250350952,-0.8062217235565186
swipe_right,0.0,0.0,-0.14877714216709137,-0.06479446589946747,-0.2709685266017914,-0.20139935612678528,-0.3515538275241852,-0.32872462272644043,-0.41529810428619385,-0.4236944615840912,-0.17685461044311523,-0.48500314354896545,-0.22860947251319885,-0.6840885877609253,-0.25887924432754517,-0.8101356625556946,-0.2856682240962982,-0.9238059520721436,-0.08890674263238907,-0.5134995579719543,-0.12681208550930023,-0.7353065609931946,-0.1535838544368744,-0.8760051727294922,-0.17879177629947662,-1.0,-0.002463018987327814,-0.49283304810523987,-0.02109677344560623,-0.7006654143333435,-0.0396033450961113,-0.8312360048294067,-0.05960453301668167,-0.9450199007987976,0.08491192013025284,-0.43554291129112244,0.09483027458190918,-0.5986455082893372,0.08990275859832764,-0.7029287219047546,0.0776262879371643,-0.798353374004364
swipe_right,0.0,0.0,-0.1467798501253128,-0.06565270572900772,-0.27039769291877747,-0.20530778169631958,-0.3470553755760193,-0.3319028913974762,-0.4056015610694885,-0.4316977560520172,-0.17027755081653595,-0.4865272641181946,-0.2243986874818802,-0.6820840835571289,-0.25582629442214966,-0.8057527542114258,-0.28416529297828674,-0.9180864691734314,-0.08048609644174576,-0.5152478814125061,-0.11959506571292877,-0.7354564070701599,-0.14916425943374634,-0.8762925267219543,-0.17687726020812988,-1.0,0.007066096179187298,-0.4919559061527252,-0.010414953343570232,-0.7005138397216797,-0.030948935076594353,-0.8314812183380127,-0.052925001829862595,-0.9464994072914124,0.09506627172231674,-0.43021148443222046,0.10717782378196716,-0.5928014516830444,0.10367363691329956,-0.700251579284668,0.09154225140810013,-0.8007051348686218
swipe_right,0.0,0.0,-0.1497121900320053,-0.06747009605169296,-0.26992401480674744,-0.20389807224273682,-0.34701094031333923,-0.3318520486354828,-0.40968161821365356,-0.42757973074913025,-0.17457838356494904,-0.488593190908432,-0.22775794565677643,-0.6853007674217224,-0.25937947630882263,-0.8069042563438416,-0.28788453340530396,-0.9177893996238708,-0.08724013715982437,-0.517728865146637,-0.12498360127210617,-0.7369585633277893,-0.1527557373046875,-0.876022458076477,-0.17866793274879456,-1.0,-0.0009093445260077715,-0.4961727559566498,-0.01768793724477291,-0.7042928338050842,-0.03539055585861206,-0.8336327075958252,-0.05448826774954796,-0.9465745687484741,0.08735893666744232,-0.4375377893447876,0.09801248461008072,-0.6008769273757935,0.09453026205301285,-0.7059077024459839,0.08407432585954666,-0.802709698677063
swipe_right,0.0,0.0,-0.15320932865142822,-0.05920882523059845,-0.27506592869758606,-0.2006368637084961,-0.3485175669193268,-0.3338852524757385,-0.41193658113479614,-0.4280552864074707,-0.17647363245487213,-0.4812690317630768,-0.22960659861564636,-0.680570125579834,-0.2599179148674011,-0.8074280023574829,-0.28693878650665283,-0.9210751056671143,-0.08585692942142487,-0.508658230304718,-0.12378577888011932,-0.7349556088447571,-0.15028876066207886,-0.8768497705459595,-0.17544633150100708,-1.0,0.002015461912378669,-0.48545488715171814,-0.015167257748544216,-0.6969674825668335,-0.034695159643888474,-0.8302096724510193,-0.05509643256664276,-0.9457465410232544,0.08988028019666672,-0.42505940794944763,0.09874508529901505,-0.5906437039375305,0.09365673363208771,-0.6967417597770691,0.08192808926105499,-0.7940142154693604
swipe_right,0.0,0.0,-0.1512288749217987,-0.06095893308520317,-0.271161824464798,-0.20063748955726624,-0.3457266092300415,-0.33354535698890686,-0.4089917838573456,-0.4322667121887207,-0.17529305815696716,-0.48037341237068176,-0.22951312363147736,-0.6789196133613586,-0.2603350281715393,-0.8052986264228821,-0.2878149747848511,-0.9183825254440308,-0.08589047938585281,-0.5096665620803833,-0.12344314157962799,-0.7348297834396362,-0.14869025349617004,-0.8766365647315979,-0.17338716983795166,-1.0,0.0005470928736031055,-0.48858487606048584,-0.01620711013674736,-0.6962583661079407,-0.03486114367842674,-0.8271377682685852,-0.056514665484428406,-0.9409155249595642,0.08771025389432907,-0.43160831928253174,0.10048466920852661,-0.5933033227920532,0.09664899855852127,-0.6957558989524841,0.08366990089416504,-0.7905416488647461
swipe_right,0.0,0.0,-0.1469561904668808,-0.06643225997686386,-0.26733383536338806,-0.21180737018585205,-0.34086576104164124,-0.3403763175010681,-0.39910632371902466,-0.43696752190589905,-0.16766642034053802,-0.48698607087135315,-0.22127185761928558,-0.6863976716995239,-0.2512200176715851,-0.8098481893539429,-0.2771216928958893,-0.921379566192627,-0.0806276798248291,-0.5119258761405945,-0.11726098507642746,-0.734728217124939,-0.14358125627040863,-0.8767815828323364,-0.16806825995445251,-1.0,0.004161005839705467,-0.4882397949695587,-0.0112173305824399,-0.698300302028656,-0.02865338698029518,-0.8313753008842468,-0.04767942428588867,-0.9455996751785278,0.08945927768945694,-0.4280582666397095,0.10048495978116989,-0.5889279246330261,0.09810035675764084,-0.6940402984619141,0.08884882926940918,-0.7900779247283936
swipe_right,0.0,0.0,-0.14140604436397552,-0.08037827163934708,-0.25835081934928894,-0.22342602908611298,-0.3345499336719513,-0.34484463930130005,-0.39069709181785583,-0.44306519627571106,-0.1454523354768753,-0.48743242025375366,-0.19919772446155548,-0.6890113353729248,-0.22805871069431305,-0.8123612403869629,-0.2502553462982178,-0.9225831627845764,-0.06137785315513611,-0.5110440254211426,-0.09443321824073792,-0.7360013127326965,-0.11925367265939713,-0.8782640695571899,-0.14063705503940582,-1.0,0.018230367451906204,-0.4854343831539154,0.010044812224805355,-0.696122407913208,-0.005752371158450842,-0.8273259997367859,-0.023333773016929626,-0.9379967451095581,0.09735918045043945,-0.4237372875213623,0.11649688333272934,-0.5806745886802673,0.11844076961278915,-0.6856337785720825,0.11297517269849777,-0.7827119827270508
swipe_right,0.0,0.0,-0.13695551455020905,-0.08461615443229675,-0.25680285692214966,-0.2266949564218521,-0.33655083179473877,-0.34920981526374817,-0.39077070355415344,-0.45200350880622864,-0.14910808205604553,-0.4997275471687317,-0.20344890654087067,-0.7002866268157959,-0.23033665120601654,-0.8213062286376953,-0.24902591109275818,-0.9256048798561096,-0.06628772616386414,-0.5248501896858215,-0.09606139361858368,-0.7464048266410828,-0.11900687962770462,-0.8868471384048462,-0.13798440992832184,-1.0,0.012334778904914856,-0.4994695782661438,0.004327897913753986,-0.7063423991203308,-0.009656287729740143,-0.8321772217750549,-0.024926425889134407,-0.9342430830001831,0.09069377183914185,-0.4378824830055237,0.10550755262374878,-0.5923309922218323,0.10739216953516006,-0.6945987939834595,0.1048726961016655,-0.7880489826202393
swipe_right,0.0,0.0,-0.1377297043800354,-0.09187313914299011,-0.25604620575904846,-0.23702283203601837,-0.34135591983795166,-0.3565853238105774,-0.3989543318748474,-0.4498148560523987,-0.1466546356678009,-0.5012068748474121,-0.2006717473268509,-0.7066579461097717,-0.2242712825536728,-0.8318187594413757,-0.2376832813024521,-0.9376134872436523,-0.06314579397439957,-0.5225555300712585,-0.09268058836460114,-0.7467046976089478,-0.11346253007650375,-0.8868570327758789,-0.12811502814292908,-1.0,0.01677434891462326,-0.49449560046195984,0.007224663160741329,-0.7032302021980286,-0.007193846628069878,-0.8360353708267212,-0.018922606483101845,-0.947603166103363,0.09773268550634384,-0.4306000769138336,0.11275383830070496,-0.5893793106079102,0.11479271203279495,-0.6944229602813721,0.11462714523077011,-0.7920800447463989
swipe_right,0.0,0.0,-0.14038406312465668,-0.06860481202602386,-0.2668449878692627,-0.19442804157733917,-0.36112678050994873,-0.29885977506637573,-0.43334218859672546,-0.3803774118423462,-0.17167921364307404,-0.4789562523365021,-0.22303111851215363,-0.6820964217185974,-0.24852032959461212,-0.8116914629936218,-0.2681581676006317,-0.9226853251457214,-0.08469066023826599,-0.5024726390838623,-0.11369611322879791,-0.7287090420722961,-0.13296838104724884,-0.8752450346946716,-0.14587008953094482,-1.0,0.001214582589454949,-0.47444358468055725,-0.008416651748120785,-0.6903695464134216,-0.021519197151064873,-0.8252513408660889,-0.03246558457612991,-0.9402461051940918,0.08726879954338074,-0.40896543860435486,0.103854238986969,-0.5708364844322205,0.1050604060292244,-0.6779548525810242,0.10058614611625671,-0.776709794998169
swipe_right,0.0,0.0,-0.14079831540584564,-0.06280782073736191,-0.2601836621761322,-0.1742706447839737,-0.3352451026439667,-0.27846506237983704,-0.38702625036239624,-0.36213263869285583,-0.17781104147434235,-0.4670993387699127,-0.2172292172908783,-0.6719726324081421,-0.23457860946655273,-0.8053908944129944,-0.2469630390405655,-0.9207702279090881,-0.0841057226061821,-0.49307137727737427,-0.10719770193099976,-0.7234576940536499,-0.12155488133430481,-0.871993899345398,-0.1345878541469574,-1.0,0.005833481438457966,-0.4656497836112976,-0.00023660415899939835,-0.6772390007972717,-0.009689383208751678,-0.8119261264801025,-0.01985136978328228,-0.9286295771598816,0.09329156577587128,-0.39921724796295166,0.11199165880680084,-0.5655856132507324,0.11321377754211426,-0.6733838319778442,0.10828378796577454,-0.772943913936615
swipe_right,0.0,0.0,-0.13728798925876617,-0.0809606984257698,-0.24870586395263672,-0.20038801431655884,-0.31583958864212036,-0.31120699644088745,-0.35849225521087646,-0.40249255299568176,-0.15950191020965576,-0.49467986822128296,-0.19524019956588745,-0.695556640625,-0.21095488965511322,-0.8231814503669739,-0.22029425203800201,-0.9356139302253723,-0.06475740671157837,-0.5160130858421326,-0.08441123366355896,-0.7346551418304443,-0.0966273695230484,-0.8763028383255005,-0.10711909085512161,-1.0,0.025741493329405785,-0.486758291721344,0.02103561908006668,-0.6926844120025635,0.014133862219750881,-0.8259274959564209,0.0065539805218577385,-0.9433291554450989,0.11456934362649918,-0.4204530417919159,0.13102079927921295,-0.5843212604522705,0.13346393406391144,-0.6929782032966614,0.13147155940532684,-0.7946068048477173
swipe_right,0.0,0.0,-0.13690023124217987,-0.07689134776592255,-0.24564816057682037,-0.1964530646800995,-0.306000679731369,-0.30766546726226807,-0.35366177558898926,-0.40333181619644165,-0.16770434379577637,-0.48260506987571716,-0.20081615447998047,-0.680398166179657,-0.21463662385940552,-0.8093677759170532,-0.22411589324474335,-0.9245627522468567,-0.07448238134384155,-0.5061375498771667,-0.09051244705915451,-0.7282313704490662,-0.09954652190208435,-0.8726162314414978,-0.10643795132637024,-1.0,0.013498432002961636,-0.475868284702301,0.011876403354108334,-0.6856507062911987,0.005395751446485519,-0.8181308507919312,-0.0030478693079203367,-0.9349678158760071,0.09923482686281204,-0.4067666530609131,0.11935130506753922,-0.5625746250152588,0.12323664873838425,-0.6676483750343323,0.12142609804868698,-0.7672925591468811
swipe_right,0.0,0.0,-0.13630908727645874,-0.06304008513689041,-0.24978789687156677,-0.17957352101802826,-0.31819596886634827,-0.29137662053108215,-0.37490078806877136,-0.38524532318115234,-0.17025616765022278,-0.4614086449146271,-0.2024766206741333,-0.6639552712440491,-0.21470342576503754,-0.8004395961761475,-0.22524493932724,-0.9171449542045593,-0.07573546469211578,-0.4834604263305664,-0.09370581805706024,-0.7112351059913635,-0.10385853797197342,-0.8649636507034302,-0.11443061381578445,-1.0,0.014163194224238396,-0.45347997546195984,0.011466825380921364,-0.659625768661499,0.006564142182469368,-0.8006609082221985,0.0001269190979655832,-0.9262598752975464,0.10074463486671448,-0.38579073548316956,0.12288173288106918,-0.544547438621521,0.1270872801542282,-0.6530300378799438,0.12556730210781097,-0.7554627656936646
swipe_right,0.0,0.0,-0.13931609690189362,-0.08500240743160248,-0.24666686356067657,-0.2207064926624298,-0.30550408363342285,-0.34877151250839233,-0.3480800688266754,-0.45976439118385315,-0.14101846516132355,-0.49050188064575195,-0.17017687857151031,-0.6906783580780029,-0.18123266100883484,-0.8208255767822266,-0.18653424084186554,-0.9350975155830383,-0.05042928084731102,-0.5115318894386292,-0.060522083193063736,-0.7340858578681946,-0.06619413942098618,-0.8748676776885986,-0.07066505402326584,-1.0,0.03459998220205307,-0.477883517742157,0.035764437168836594,-0.6837984919548035,0.03637160360813141,-0.8139270544052124,0.03527512401342392,-0.9319411516189575,0.11629918217658997,-0.4028770923614502,0.1401374191045761,-0.5595579743385315,0.14856277406215668,-0.6644840240478516,0.1520058810710907,-0.7644824981689453
swipe_right,0.0,0.0,-0.13265873491764069,-0.08999306708574295,-0.2390444278717041,-0.23264604806900024,-0.3016424775123596,-0.3643474578857422,-0.3512252867221832,-0.4741213023662567,-0.13489311933517456,-0.49777692556381226,-0.16013987362384796,-0.6986628770828247,-0.16598807275295258,-0.8245217204093933,-0.16476300358772278,-0.9384888410568237,-0.04608497396111488,-0.5177822709083557,-0.05563221126794815,-0.7369410395622253,-0.056475330144166946,-0.8746398687362671,-0.052951984107494354,-1.0,0.0355878546833992,-0.48342639207839966,0.04009288176894188,-0.6851394772529602,0.043523624539375305,-0.8103029727935791,0.044635143131017685,-0.9235394597053528,0.11424098163843155,-0.4106558859348297,0.13823649287223816,-0.5663452744483948,0.14938269555568695,-0.668719470500946,0.1580788642168045,-0.7677354216575623
swipe_right,0.0,0.0,-0.13742409646511078,-0.08528134971857071,-0.2446388453245163,-0.2292957454919815,-0.3050563931465149,-0.3643481135368347,-0.3536311686038971,-0.47551220655441284,-0.13813330233097076,-0.4984807074069977,-0.16556072235107422,-0.7007349133491516,-0.17062100768089294,-0.8272314071655273,-0.16804075241088867,-0.9393090009689331,-0.05079221725463867,-0.5203498005867004,-0.06024328991770744,-0.7417553663253784,-0.06033220514655113,-0.8796573281288147,-0.056182023137807846,-1.0,0.02940918691456318,-0.4876307547092438,0.031963594257831573,-0.694166898727417,0.03486766666173935,-0.8196027278900146,0.0372125618159771,-0.931125283241272,0.10777828097343445,-0.41550683975219727,0.13055048882961273,-0.5695517063140869,0.141375333070755,-0.6700707077980042,0.15142597258090973,-0.7664962410926819
swipe_right,0.0,0.0,-0.13345231115818024,-0.08652056753635406,-0.24484215676784515,-0.22534172236919403,-0.30642592906951904,-0.362019419670105,-0.3543229401111603,-0.4781650900840759,-0.140631765127182,-0.49243682622909546,-0.16457314789295197,-0.6959711909294128,-0.1676923930644989,-0.8257316946983337,-0.16302166879177094,-0.9401757121086121,-0.0530964620411396,-0.515437126159668,-0.05903180316090584,-0.7348218560218811,-0.056145068258047104,-0.8746609091758728,-0.04894101247191429,-1.0,0.028064826503396034,-0.4836583733558655,0.033690474927425385,-0.6866896748542786,0.03967079520225525,-0.8117281198501587,0.043845660984516144,-0.9240861535072327,0.10694315284490585,-0.41073378920555115,0.13210631906986237,-0.5635942816734314,0.14518901705741882,-0.6645951271057129,0.1549503058195114,-0.760736346244812
swipe_right,0.0,0.0,-0.13556700944900513,-0.0867314413189888,-0.24359752237796783,-0.2278057485818863,-0.30155566334724426,-0.36465558409690857,-0.3475058376789093,-0.4805666506290436,-0.1359243094921112,-0.4961565136909485,-0.15921105444431305,-0.6985187530517578,-0.1618317812681198,-0.8276947140693665,-0.156903475522995,-0.9403553605079651,-0.048420440405607224,-0.5196236371994019,-0.05517129600048065,-0.7388489842414856,-0.053621258586645126,-0.8782442212104797,-0.04909145459532738,-1.0,0.03327609598636627,-0.48811864852905273,0.03942073881626129,-0.6912830471992493,0.045020151883363724,-0.8170537352561951,0.048679742962121964,-0.9285231232643127,0.11276058852672577,-0.41536036133766174,0.138814315199852,-0.5680301189422607,0.1512213498353958,-0.6691818237304688,0.16136427223682404,-0.76412034034729
swipe_right,0.0,0.0,-0.12453090399503708,-0.08764350414276123,-0.2263486236333847,-0.22936710715293884,-0.2858465015888214,-0.365688294172287,-0.3304239511489868,-0.4812537431716919,-0.1258375644683838,-0.5005877017974854,-0.14872555434703827,-0.6982804536819458,-0.15341079235076904,-0.821599543094635,-0.1512066274881363,-0.9319670796394348,-0.041137952357530594,-0.5222708582878113,-0.041413724422454834,-0.7378522157669067,-0.038949280977249146,-0.8764640092849731,-0.03537677600979805,-1.0,0.03616354987025261,-0.4893309772014618,0.04853386804461479,-0.6878141164779663,0.05405666306614876,-0.8111321926116943,0.05592452734708786,-0.9200706481933594,0.11056705564260483,-0.4167235195636749,0.13886557519435883,-0.5656756162643433,0.15132969617843628,-0.6648067235946655,0.16107502579689026,-0.7588953971862793
swipe_right,0.0,0.0,-0.13038578629493713,-0.08330867439508438,-0.23634129762649536,-0.22477062046527863,-0.29594388604164124,-0.3626258969306946,-0.3430332839488983,-0.48077812790870667,-0.1320151537656784,-0.49566954374313354,-0.15364879369735718,-0.6974532008171082,-0.15725062787532806,-0.822949230670929,-0.15308135747909546,-0.9359553456306458,-0.04510319605469704,-0.5161275267601013,-0.047630127519369125,-0.7368083000183105,-0.04319397360086441,-0.8755078911781311,-0.03621368110179901,-1.0,0.036025408655405045,-0.48329946398735046,0.04380830377340317,-0.6861873269081116,0.050992149859666824,-0.8088201284408569,0.05480324104428291,-0.9163609147071838,0.11523482948541641,-0.41100311279296875,0.14183104038238525,-0.5653871297836304,0.15392090380191803,-0.6652302742004395,0.16218449175357819,-0.7586348056793213
swipe_right,0.0,0.0,-0.1275675743818283,-0.08958954364061356,-0.23128724098205566,-0.23322926461696625,-0.2913929224014282,-0.3670639097690582,-0.34251925349235535,-0.4743686616420746,-0.12305369228124619,-0.49157285690307617,-0.1467582732439041,-0.6924780011177063,-0.15046049654483795,-0.8188082575798035,-0.14578981697559357,-0.9319780468940735,-0.03729476034641266,-0.5120152235031128,-0.04208045452833176,-0.7325825691223145,-0.03880991041660309,-0.8729914426803589,-0.03167872503399849,-1.0,0.04164685308933258,-0.4797489643096924,0.04711475595831871,-0.6839720606803894,0.052287373691797256,-0.8103512525558472,0.055770911276340485,-0.9222495555877686,0.11803998053073883,-0.40800273418426514,0.14290311932563782,-0.562960684299469,0.1552494615316391,-0.6643962860107422,0.1651107519865036,-0.7598637938499451
swipe_right,0.0,0.0,-0.12754639983177185,-0.09137345105409622,-0.23025141656398773,-0.23870228230953217,-0.288051962852478,-0.37465807795524597,-0.3370160460472107,-0.4837801158428192,-0.12150830775499344,-0.49539390206336975,-0.1430434286594391,-0.6954668760299683,-0.1473991423845291,-0.8208612203598022,-0.144794762134552,-0.9331855773925781,-0.03554464131593704,-0.5153375267982483,-0.03795386478304863,-0.7351117134094238,-0.03520224988460541,-0.8744217753410339,-0.030151665210723877,-1.0,0.043011751025915146,-0.4821484088897705,0.050618600100278854,-0.6885836124420166,0.05569184944033623,-0.8135693073272705,0.05796191096305847,-0.9227286577224731,0.11909802258014679,-0.40780630707740784,0.1451307088136673,-0.561871349811554,0.15734615921974182,-0.664511501789093,0.16610072553157806,-0.7608567476272583
swipe_right,0.0,0.0,-0.12376511842012405,-0.09210720658302307,-0.22542704641819,-0.24035972356796265,-0.2863500118255615,-0.37884220480918884,-0.3348868489265442,-0.49004054069519043,-0.11778327077627182,-0.49969643354415894,-0.14156238734722137,-0.6997772455215454,-0.14386536180973053,-0.8253985643386841,-0.13853704929351807,-0.9360705614089966,-0.033789295703172684,-0.5214143395423889,-0.036895960569381714,-0.7391765117645264,-0.03419618681073189,-0.8791027069091797,-0.030968299135565758,-1.0,0.04272535443305969,-0.48894616961479187,0.052392251789569855,-0.6850913166999817,0.058199360966682434,-0.8111607432365417,0.06001298874616623,-0.9209703803062439,0.1163499727845192,-0.4196016490459442,0.1440621018409729,-0.5723240971565247,0.1582043170928955,-0.6724460124969482,0.1697898656129837,-0.7656384110450745
swipe_right,0.0,0.0,-0.12206816673278809,-0.09162929654121399,-0.21927963197231293,-0.23847326636314392,-0.27748438715934753,-0.3761450946331024,-0.32558977603912354,-0.4895291328430176,-0.11438160389661789,-0.5035089254379272,-0.13798215985298157,-0.7013170123100281,-0.14083847403526306,-0.8243732452392578,-0.13512824475765228,-0.9348397850990295,-0.029498007148504257,-0.5236532688140869,-0.03196243941783905,-0.7420270442962646,-0.028742270544171333,-0.8794034123420715,-0.023589888587594032,-1.0,0.04666890203952789,-0.48857396841049194,0.05813690274953842,-0.6881164908409119,0.06214558333158493,-0.8134210109710693,0.06373413652181625,-0.9235331416130066,0.12117236852645874,-0.41487443447113037,0.14924493432044983,-0.5678491592407227,0.1636657565832138,-0.6690807938575745,0.17675308883190155,-0.7667628526687622
swipe_right,0.0,0.0,-0.1250286102294922,-0.09058278053998947,-0.22733677923679352,-0.2388179749250412,-0.28722935914993286,-0.37311479449272156,-0.33684656023979187,-0.4839012920856476,-0.122857004404068,-0.5027654767036438,-0.14285334944725037,-0.7029562592506409,-0.14497239887714386,-0.828652560710907,-0.1414247304201126,-0.9389933943748474,-0.036615192890167236,-0.5223801732063293,-0.03564124181866646,-0.7407817840576172,-0.03030942566692829,-0.8795278668403625,-0.025396350771188736,-1.0,0.0429127998650074,-0.48745015263557434,0.05611325055360794,-0.6900865435600281,0.062420763075351715,-0.8136206269264221,0.06321191042661667,-0.9216883778572083,0.11981257051229477,-0.4131805896759033,0.14965109527111053,-0.563189685344696,0.16174200177192688,-0.6624305844306946,0.16971156001091003,-0.7562386393547058
swipe_right,0.0,0.0,-0.12408704310655594,-0.09201672673225403,-0.22534319758415222,-0.23857612907886505,-0.28348109126091003,-0.3779563903808594,-0.32892346382141113,-0.493466854095459,-0.12149909138679504,-0.5022997856140137,-0.14240653812885284,-0.7029733061790466,-0.14586691558361053,-0.8278355598449707,-0.143155038356781,-0.9389989376068115,-0.03680504485964775,-0.5237637162208557,-0.03633866831660271,-0.7427162528038025,-0.03229929134249687,-0.8802053332328796,-0.026930218562483788,-1.0,0.0395372249186039,-0.49227532744407654,0.052952297031879425,-0.6925606727600098,0.05824629217386246,-0.8144255876541138,0.060286663472652435,-0.9216054677963257,0.11461634933948517,-0.4223443567752838,0.14605127274990082,-0.5714514851570129,0.15897582471370697,-0.6716477870941162,0.16882632672786713,-0.7682733535766602
swipe_right,0.0,0.0,-0.12947700917720795,-0.0976768434047699,-0.22917145490646362,-0.2503427565097809,-0.28341999650001526,-0.3902547359466553,-0.32977795600891113,-0.5012158155441284,-0.1150650829076767,-0.5090479254722595,-0.13873328268527985,-0.709572970867157,-0.141688272356987,-0.833041250705719,-0.13726554811000824,-0.9425172805786133,-0.03186710923910141,-0.527377724647522,-0.0335201695561409,-0.7448074817657471,-0.030987536534667015,-0.882087230682373,-0.026908796280622482,-1.0,0.042662836611270905,-0.492810994386673,0.05674534663558006,-0.6924479603767395,0.06146395951509476,-0.8161776065826416,0.06361137330532074,-0.9246892333030701,0.11556896567344666,-0.4203794002532959,0.1460009068250656,-0.5730305314064026,0.15967325866222382,-0.6728105545043945,0.17157749831676483,-0.7684860229492188
swipe_right,0.0,0.0,-0.13394330441951752,-0.09089632332324982,-0.23753006756305695,-0.23829101026058197,-0.29652538895606995,-0.36934882402420044,-0.3378172516822815,-0.47751832008361816,-0.12392354756593704,-0.49940094351768494,-0.14911039173603058,-0.6991656422615051,-0.15356816351413727,-0.8250727653503418,-0.15222811698913574,-0.9346483945846558,-0.035106826573610306,-0.5165877342224121,-0.04089799523353577,-0.7364689111709595,-0.0423584058880806,-0.87734454870224,-0.04173555597662926,-1.0,0.04709452763199806,-0.4807194769382477,0.05562922731041908,-0.685556173324585,0.05670258402824402,-0.8140912055969238,0.054803941398859024,-0.927920937538147,0.12648335099220276,-0.406770259141922,0.15633267164230347,-0.5602639317512512,0.16889461874961853,-0.6610761284828186,0.17528121173381805,-0.757212221622467
swipe_right,0.0,0.0,-0.13452722132205963,-0.08630498498678207,-0.23956209421157837,-0.23315180838108063,-0.2983570098876953,-0.36353543400764465,-0.3448132574558258,-0.468039333820343,-0.13143137097358704,-0.4935622215270996,-0.1561940312385559,-0.6942608952522278,-0.1618313044309616,-0.8220887184143066,-0.16167087852954865,-0.934336245059967,-0.043748486787080765,-0.5104292035102844,-0.05028345063328743,-0.7315093874931335,-0.05055537447333336,-0.8747493624687195,-0.04829547181725502,-1.0,0.0390096977353096,-0.4774573743343353,0.043115828186273575,-0.6840468645095825,0.04584495723247528,-0.8168678283691406,0.046388305723667145,-0.9325960278511047,0.11985812336206436,-0.4066235423088074,0.1467766910791397,-0.5623303651809692,0.15876072645187378,-0.6637702584266663,0.16562096774578094,-0.759199321269989
swipe_right,0.0,0.0,-0.13624264299869537,-0.0802292451262474,-0.24797439575195312,-0.204997718334198,-0.31717365980148315,-0.31187066435813904,-0.36323297023773193,-0.3997546136379242,-0.15296882390975952,-0.4873467981815338,-0.1791224628686905,-0.6904956102371216,-0.18914490938186646,-0.8205265998840332,-0.19635720551013947,-0.9335909485816956,-0.059867847710847855,-0.5051021575927734,-0.06808234751224518,-0.7300860285758972,-0.07144029438495636,-0.8753952980041504,-0.0728425607085228,-1.0,0.02882128395140171,-0.47180768847465515,0.0334726944565773,-0.6822001338005066,0.03065967932343483,-0.8143497109413147,0.026058940216898918,-0.9288277626037598,0.11508632451295853,-0.4016163647174835,0.14320994913578033,-0.5606497526168823,0.15113022923469543,-0.6667959094047546,0.15234604477882385,-0.7660178542137146
swipe_right,0.0,0.0,-0.14263713359832764,-0.07479558140039444,-0.25723814964294434,-0.20385198295116425,-0.3233802616596222,-0.31848686933517456,-0.36674627661705017,-0.41677990555763245,-0.1551550328731537,-0.4836573302745819,-0.18381470441818237,-0.6912830471992493,-0.19528508186340332,-0.8236023187637329,-0.2039056271314621,-0.9361749291419983,-0.060800619423389435,-0.49937453866004944,-0.07401074469089508,-0.7267536520957947,-0.07923611253499985,-0.8741556406021118,-0.08191223442554474,-1.0,0.028309160843491554,-0.4660296142101288,0.032532788813114166,-0.6782984137535095,0.030630208551883698,-0.8129620552062988,0.029203791171312332,-0.929421603679657,0.1144951581954956,-0.3958747684955597,0.14041003584861755,-0.5588156580924988,0.14849123358726501,-0.66689532995224,0.1526169776916504,-0.7669275999069214
swipe_right,0.0,0.0,-0.13187465071678162,-0.09394635260105133,-0.24575799703598022,-0.23179960250854492,-0.3270658850669861,-0.3381500840187073,-0.3873480260372162,-0.412920743227005,-0.13773532211780548,-0.5021561980247498,-0.17689450085163116,-0.7121372818946838,-0.19410820305347443,-0.8373830318450928,-0.20554210245609283,-0.9430863261222839,-0.04971190169453621,-0.5151510238647461,-0.06306012719869614,-0.7415328621864319,-0.07421713322401047,-0.8818530440330505,-0.08138424158096313,-1.0,0.034146491438150406,-0.4809640645980835,0.042020514607429504,-0.6961063146591187,0.036248575896024704,-0.8287433981895447,0.028579194098711014,-0.9402143359184265,0.11715761572122574,-0.41303741931915283,0.1463252753019333,-0.5760711431503296,0.15355485677719116,-0.6861996650695801,0.15349137783050537,-0.7893831133842468
swipe_right,0.0,0.0,-0.13723213970661163,-0.0939619317650795,-0.2572641670703888,-0.23939922451972961,-0.3445746600627899,-0.35752153396606445,-0.40478894114494324,-0.44673842191696167,-0.13637720048427582,-0.5087063312530518,-0.1843564212322235,-0.7131657004356384,-0.20643331110477448,-0.8357799053192139,-0.22022391855716705,-0.9399800300598145,-0.0506155900657177,-0.5271573662757874,-0.0711522027850151,-0.7516365647315979,-0.08517399430274963,-0.8891592025756836,-0.09312636405229568,-1.0,0.03127046301960945,-0.49766653776168823,0.03213103860616684,-0.7111300826072693,0.02259460650384426,-0.8381076455116272,0.012939969077706337,-0.9411010146141052,0.11273641884326935,-0.4332074522972107,0.1380690187215805,-0.5958682298660278,0.1440286785364151,-0.7023467421531677,0.14389993250370026,-0.7995768785476685
swipe_right,0.0,0.0,-0.133310005068779,-0.09173732995986938,-0.2486063539981842,-0.23598019778728485,-0.3275337815284729,-0.36145955324172974,-0.3892325460910797,-0.4550026059150696,-0.14077703654766083,-0.510044515132904,-0.19268184900283813,-0.7115467190742493,-0.21456429362297058,-0.8351471424102783,-0.22708460688591003,-0.9415857195854187,-0.05542167276144028,-0.5329697132110596,-0.08097551763057709,-0.7514480352401733,-0.09814339876174927,-0.888495147228241,-0.1118231788277626,-1.0,0.026325922459363937,-0.5055323839187622,0.020878707990050316,-0.7124620676040649,0.01022461149841547,-0.8399582505226135,-8.381398220080882e-05,-0.9462702870368958,0.10906341671943665,-0.4419576823711395,0.12747006118297577,-0.5987714529037476,0.13296309113502502,-0.7008710503578186,0.1362389773130417,-0.7958724498748779
swipe_right,0.0,0.0,-0.1325671523809433,-0.09181535989046097,-0.2429683804512024,-0.23884524405002594,-0.31676381826400757,-0.3690769374370575,-0.37802574038505554,-0.4623819589614868,-0.13544322550296783,-0.5084912180900574,-0.1853768676519394,-0.7065712809562683,-0.20750585198402405,-0.8275465965270996,-0.2192385494709015,-0.9366018176078796,-0.05138566344976425,-0.5299084782600403,-0.07797440886497498,-0.7460184693336487,-0.09530344605445862,-0.8844989538192749,-0.10736113041639328,-1.0,0.028929494321346283,-0.5030840039253235,0.025444045662879944,-0.7066873908042908,0.013704989105463028,-0.8351584672927856,0.000751884188503027,-0.9427739381790161,0.10898887366056442,-0.44139426946640015,0.12862011790275574,-0.5963000655174255,0.13275133073329926,-0.699958086013794,0.13359995186328888,-0.7956522107124329
swipe_right,0.0,0.0,-0.1328098028898239,-0.08717060089111328,-0.2413158416748047,-0.2363777756690979,-0.3079018294811249,-0.36888590455055237,-0.36479201912879944,-0.4636680781841278,-0.12272248417139053,-0.4996039867401123,-0.1722993105649948,-0.7000141739845276,-0.19598330557346344,-0.8226145505905151,-0.21020056307315826,-0.9316485524177551,-0.03848911076784134,-0.5197293162345886,-0.06435810029506683,-0.7440348863601685,-0.07891622930765152,-0.884794294834137,-0.08977010846138,-1.0,0.04113540053367615,-0.49141672253608704,0.03848137706518173,-0.6988046169281006,0.030271288007497787,-0.8311871886253357,0.019593533128499985,-0.9389456510543823,0.12089879810810089,-0.42901110649108887,0.1408534049987793,-0.587168276309967,0.1476670801639557,-0.6973344087600708,0.15043425559997559,-0.7964869737625122
swipe_right,0.0,0.0,-0.13120271265506744,-0.08765444159507751,-0.23903243243694305,-0.24001698195934296,-0.3077890872955322,-0.3680635392665863,-0.36832737922668457,-0.45617878437042236,-0.12508296966552734,-0.5002557635307312,-0.17346055805683136,-0.7012689709663391,-0.19722504913806915,-0.8232923746109009,-0.2141074240207672,-0.930953323841095,-0.040698789060115814,-0.5182062983512878,-0.06666696071624756,-0.7408275604248047,-0.08523950725793839,-0.8811299204826355,-0.1011522188782692,-1.0,0.03971955180168152,-0.48866066336631775,0.03963976725935936,-0.7001932859420776,0.02798432484269142,-0.832310140132904,0.013421431183815002,-0.9436219930648804,0.11877279728651047,-0.4248283803462982,0.14281708002090454,-0.5841957330703735,0.1493399292230606,-0.6948556900024414,0.14973394572734833,-0.7976899743080139
swipe_right,0.0,0.0,-0.13743603229522705,-0.08371598273515701,-0.25087806582450867,-0.2351229041814804,-0.320291668176651,-0.3667341470718384,-0.37908488512039185,-0.4582851231098175,-0.13458943367004395,-0.5003309845924377,-0.18314510583877563,-0.699226438999176,-0.20654430985450745,-0.8198074698448181,-0.22147995233535767,-0.9262393712997437,-0.05236252024769783,-0.5213045477867126,-0.07686062902212143,-0.7448557019233704,-0.09528160095214844,-0.885285496711731,-0.1089617908000946,-1.0,0.025923192501068115,-0.494827538728714,0.02489444427192211,-0.7045440673828125,0.013826643116772175,-0.8348805904388428,0.0016957962652668357,-0.9425118565559387,0.10452043265104294,-0.4332999289035797,0.12768802046775818,-0.592477560043335,0.1339564323425293,-0.6994428634643555,0.13517098128795624,-0.7979426383972168
swipe_right,0.0,0.0,-0.13859432935714722,-0.0785984918475151,-0.25117531418800354,-0.2348283976316452,-0.3179111182689667,-0.3735511898994446,-0.37902674078941345,-0.47103288769721985,-0.1415829062461853,-0.49818676710128784,-0.19005832076072693,-0.7029977440834045,-0.21349941194057465,-0.8290947079658508,-0.23155848681926727,-0.9361460208892822,-0.05553581193089485,-0.5225411653518677,-0.07856596261262894,-0.7483277320861816,-0.09678015112876892,-0.8872185945510864,-0.11339571326971054,-1.0,0.026875628158450127,-0.49812179803848267,0.02714790776371956,-0.7112873196601868,0.01590745523571968,-0.8424307703971863,0.0013739175628870726,-0.9506742358207703,0.10704983025789261,-0.43858784437179565,0.12876516580581665,-0.5987399816513062,0.13360309600830078,-0.7058504223823547,0.13277314603328705,-0.8027455806732178
swipe_right,0.0,0.0,-0.14432494342327118,-0.07888196408748627,-0.26484963297843933,-0.23627535998821259,-0.34154900908470154,-0.37503644824028015,-0.38922202587127686,-0.4782734513282776,-0.15103213489055634,-0.4994584023952484,-0.2000473141670227,-0.7053263783454895,-0.22807073593139648,-0.8311216235160828,-0.2521590292453766,-0.936478853225708,-0.06474950164556503,-0.5237280130386353,-0.09453152865171432,-0.7449451684951782,-0.11973164975643158,-0.8867875933647156,-0.14536921679973602,-1.0,0.01845759153366089,-0.5020112991333008,0.008528714068233967,-0.7115230560302734,-0.005533479154109955,-0.8408994078636169,-0.020490914583206177,-0.9492053389549255,0.10295659303665161,-0.44446584582328796,0.11754674464464188,-0.5996180772781372,0.11764310300350189,-0.7042098641395569,0.11145522445440292,-0.8004359006881714
swipe_right,0.0,0.0,-0.13929279148578644,-0.07047529518604279,-0.25919395685195923,-0.22165095806121826,-0.33486050367355347,-0.34837275743484497,-0.4026945233345032,-0.42571038007736206,-0.15795257687568665,-0.4871968626976013,-0.2122567892074585,-0.684575617313385,-0.24511821568012238,-0.8104516863822937,-0.27716299891471863,-0.9204033613204956,-0.07310155034065247,-0.5141294598579407,-0.10732955485582352,-0.737308919429779,-0.13448531925678253,-0.8799764513969421,-0.16245460510253906,-1.0,0.011979508213698864,-0.4920332133769989,-0.0006259950459934771,-0.7036768794059753,-0.017815906554460526,-0.8380017280578613,-0.03921334445476532,-0.9498380422592163,0.09778344631195068,-0.4339955449104309,0.11746769398450851,-0.5982858538627625,0.11833219230175018,-0.7089827656745911,0.10898047685623169,-0.8080023527145386
swipe_right,0.0,0.0,-0.14010053873062134,-0.06786451488733292,-0.2589738965034485,-0.21753452718257904,-0.3382284939289093,-0.34945008158683777,-0.41221803426742554,-0.43849384784698486,-0.1678096354007721,-0.48793959617614746,-0.2178266942501068,-0.6893768906593323,-0.25107407569885254,-0.8186701536178589,-0.2814819812774658,-0.9292978644371033,-0.07964867353439331,-0.5145795345306396,-0.11116791516542435,-0.7380858063697815,-0.1378348171710968,-0.8813398480415344,-0.1664312332868576,-1.0,0.009523334912955761,-0.48996326327323914,-0.0013414704008027911,-0.7027820348739624,-0.01760077476501465,-0.8355797529220581,-0.039846405386924744,-0.9446969032287598,0.09899146854877472,-0.427656352519989,0.12281503528356552,-0.5932868719100952,0.12467373162508011,-0.7060006260871887,0.11569598317146301,-0.8052988052368164
swipe_right,0.0,0.0,-0.14311540126800537,-0.04270310327410698,-0.2661095857620239,-0.19062629342079163,-0.3452740013599396,-0.32774442434310913,-0.4064933657646179,-0.4405617117881775,-0.17588697373867035,-0.4670671820640564,-0.22776325047016144,-0.6728832721710205,-0.26970988512039185,-0.8061465620994568,-0.3069087862968445,-0.9150325655937195,-0.09438426047563553,-0.49603337049484253,-0.12554620206356049,-0.7223362326622009,-0.1558988094329834,-0.8753292560577393,-0.1840694695711136,-1.0,-0.010397296398878098,-0.4833501875400543,-0.02097819373011589,-0.6980554461479187,-0.039643045514822006,-0.8348625898361206,-0.059320367872714996,-0.9466028213500977,0.07520031929016113,-0.434952974319458,0.09814663231372833,-0.5986562371253967,0.10181882232427597,-0.7106847763061523,0.09683636575937271,-0.8051301836967468
swipe_right,0.0,0.0,-0.13769036531448364,-0.03906828537583351,-0.25531479716300964,-0.1784006804227829,-0.33894169330596924,-0.3065482974052429,-0.4121936857700348,-0.3997657895088196,-0.17523860931396484,-0.4595106244087219,-0.23965199291706085,-0.6715701222419739,-0.28292638063430786,-0.8038540482521057,-0.316209614276886,-0.912765622138977,-0.09027796983718872,-0.49521878361701965,-0.13046640157699585,-0.7286285161972046,-0.16727229952812195,-0.8819411396980286,-0.19954408705234528,-1.0,-0.006549526937305927,-0.4837312698364258,-0.025380952283740044,-0.7066700458526611,-0.05409839749336243,-0.8487061858177185,-0.08539748191833496,-0.9600797891616821,0.07799305766820908,-0.43654903769493103,0.09268230199813843,-0.6095944046974182,0.08600806444883347,-0.7224980592727661,0.07157927006483078,-0.8148350715637207
swipe_right,0.0,0.0,-0.14027664065361023,-0.047380320727825165,-0.2564833462238312,-0.1895493119955063,-0.3380405902862549,-0.31625810265541077,-0.41603854298591614,-0.3974193036556244,-0.16884803771972656,-0.4649586081504822,-0.22993573546409607,-0.6698009371757507,-0.2733634412288666,-0.8019188642501831,-0.31014034152030945,-0.9121267795562744,-0.08431597799062729,-0.49379491806030273,-0.1232803463935852,-0.7199163436889648,-0.16159574687480927,-0.8734185695648193,-0.19793657958507538,-1.0,-0.0008221991593018174,-0.4750361144542694,-0.01682991161942482,-0.6925711631774902,-0.04260346293449402,-0.8365020751953125,-0.07249587774276733,-0.9567502737045288,0.08289270848035812,-0.4222962558269501,0.09836669266223907,-0.5911484360694885,0.09200044721364975,-0.7031437158584595,0.07599283754825592,-0.7984284162521362
swipe_right,0.0,0.0,-0.14094625413417816,-0.0411953441798687,-0.25859007239341736,-0.17299529910087585,-0.3354610502719879,-0.29567742347717285,-0.40635210275650024,-0.39530685544013977,-0.17444346845149994,-0.4629899561405182,-0.23768462240695953,-0.6715744733810425,-0.28262826800346375,-0.8047797083854675,-0.3207879364490509,-0.9138473868370056,-0.08904099464416504,-0.49226975440979004,-0.1324075311422348,-0.7211840748786926,-0.1694411337375641,-0.8753037452697754,-0.20413778722286224,-1.0,-0.0019991593435406685,-0.47496408224105835,-0.02340652234852314,-0.6969168186187744,-0.051358696073293686,-0.8398873805999756,-0.08120157569646835,-0.9581258893013,0.08832971751689911,-0.4250161647796631,0.09791982173919678,-0.5949161052703857,0.08625882863998413,-0.7108927369117737,0.06589899212121964,-0.8097368478775024
swipe_right,0.0,0.0,-0.13353541493415833,-0.045360907912254333,-0.24992534518241882,-0.17965829372406006,-0.3299216628074646,-0.3026280105113983,-0.40203526616096497,-0.3901318311691284,-0.16271471977233887,-0.4738098084926605,-0.22928795218467712,-0.6762390732765198,-0.2759045660495758,-0.8049866557121277,-0.31576839089393616,-0.9111923575401306,-0.081197589635849,-0.5011258721351624,-0.12629880011081696,-0.7203845977783203,-0.16528303921222687,-0.8727392554283142,-0.20177699625492096,-1.0,0.0014200509758666158,-0.4821718633174896,-0.018873408436775208,-0.6958197951316833,-0.04861646518111229,-0.8388916850090027,-0.08076298236846924,-0.9606822729110718,0.08561009168624878,-0.4308016300201416,0.0949544757604599,-0.5971826910972595,0.08253626525402069,-0.7131980061531067,0.061791978776454926,-0.8143207430839539
swipe_right,0.0,0.0,-0.14615482091903687,-0.04194161668419838,-0.26645755767822266,-0.17277678847312927,-0.3413558602333069,-0.2947458326816559,-0.41158536076545715,-0.400279700756073,-0.1714240312576294,-0.46289634704589844,-0.23314402997493744,-0.6647800803184509,-0.27888649702072144,-0.7957441210746765,-0.32163387537002563,-0.9045478701591492,-0.0848323330283165,-0.4910898506641388,-0.13266311585903168,-0.7091063261032104,-0.17358531057834625,-0.8663527369499207,-0.21243348717689514,-1.0,0.0016246176091954112,-0.4759012758731842,-0.022406289353966713,-0.6865836381912231,-0.05581485852599144,-0.83339923620224,-0.09032773226499557,-0.9585513472557068,0.08841969817876816,-0.43034738302230835,0.09412281215190887,-0.5919721126556396,0.08038163185119629,-0.7082832455635071,0.059327106922864914,-0.8123407959938049
swipe_right,0.0,0.0,-0.14111661911010742,-0.043809399008750916,-0.25738683342933655,-0.18003161251544952,-0.33351510763168335,-0.3023282587528229,-0.40871375799179077,-0.39961519837379456,-0.16465161740779877,-0.47336697578430176,-0.22423189878463745,-0.6746119260787964,-0.2716050446033478,-0.8049288392066956,-0.3154870569705963,-0.9110085368156433,-0.08400163799524307,-0.5000780820846558,-0.12962785363197327,-0.7184390425682068,-0.17034925520420074,-0.8717312216758728,-0.2090529203414917,-1.0,-0.0018795455107465386,-0.48444628715515137,-0.026682961732149124,-0.6983375549316406,-0.058770518749952316,-0.8417850136756897,-0.0914868712425232,-0.9634220004081726,0.0812993124127388,-0.436867356300354,0.08903829753398895,-0.6019842028617859,0.07556295394897461,-0.7168231010437012,0.0541062168776989,-0.8173803091049194
swipe_right,0.0,0.0,-0.14220567047595978,-0.03961574658751488,-0.255601167678833,-0.16764475405216217,-0.32417646050453186,-0.2851094901561737,-0.39111605286598206,-0.38058340549468994,-0.1675221174955368,-0.47032785415649414,-0.22996748983860016,-0.6644587516784668,-0.2784559428691864,-0.7942978143692017,-0.3218626379966736,-0.903214156627655,-0.0846770778298378,-0.4994044601917267,-0.13310009241104126,-0.7129896879196167,-0.1743045300245285,-0.8667340874671936,-0.21255730092525482,-1.0,-0.0010526604019105434,-0.4832924008369446,-0.022585315629839897,-0.6960163116455078,-0.05546214431524277,-0.8444024920463562,-0.0897248387336731,-0.9725200533866882,0.08292585611343384,-0.43231359124183655,0.09209606796503067,-0.5940670371055603,0.07984800636768341,-0.7099299430847168,0.05904858186841011,-0.8143768906593323
swipe_right,0.0,0.0,-0.14583152532577515,-0.04322381690144539,-0.261113703250885,-0.18779630959033966,-0.3239544928073883,-0.31464898586273193,-0.39045414328575134,-0.40224841237068176,-0.17081919312477112,-0.48150062561035156,-0.23516307771205902,-0.6766754984855652,-0.28149306774139404,-0.8039154410362244,-0.32320088148117065,-0.9106033444404602,-0.09151218831539154,-0.5067000389099121,-0.13684380054473877,-0.7225856781005859,-0.17575015127658844,-0.8733558058738708,-0.21140950918197632,-1.0,-0.011498154141008854,-0.4893079400062561,-0.03394399210810661,-0.6990382671356201,-0.06437186151742935,-0.842870831489563,-0.09620213508605957,-0.9621121883392334,0.06947872042655945,-0.43856170773506165,0.07905349880456924,-0.6010662913322449,0.06666641682386398,-0.7116333246231079,0.0435057058930397,-0.8093118667602539
swipe_right,0.0,0.0,-0.1376439779996872,-0.06971904635429382,-0.2436867207288742,-0.218941330909729,-0.3058985471725464,-0.347529798746109,-0.36037561297416687,-0.44809219241142273,-0.14474228024482727,-0.4985446035861969,-0.19997693598270416,-0.6964545845985413,-0.23993833363056183,-0.8189148902893066,-0.2748553454875946,-0.923322319984436,-0.06999307125806808,-0.5160424709320068,-0.10764427483081818,-0.7293622493743896,-0.14058509469032288,-0.8756940960884094,-0.17111049592494965,-1.0,0.0031636615749448538,-0.49218499660491943,-0.012964023277163506,-0.6978690028190613,-0.03567706421017647,-0.8358637690544128,-0.060480907559394836,-0.9526626467704773,0.07653947174549103,-0.4369071424007416,0.09044291079044342,-0.5942278504371643,0.08563999086618423,-0.7061170339584351,0.07108677923679352,-0.8075576424598694
swipe_right,0.0,0.0,-0.12879334390163422,-0.07806000113487244,-0.22927013039588928,-0.23428554832935333,-0.29362207651138306,-0.3623313009738922,-0.35852715373039246,-0.453748881816864,-0.12983420491218567,-0.502221941947937,-0.17986635863780975,-0.6956680417060852,-0.2179892361164093,-0.8152170181274414,-0.2513705790042877,-0.9196281433105469,-0.05486440658569336,-0.5166990160942078,-0.08834490925073624,-0.729063093662262,-0.12020699679851532,-0.8762236833572388,-0.14956119656562805,-1.0,0.015365173108875751,-0.488116055727005,0.008437654934823513,-0.6895026564598083,-0.010067557916045189,-0.8273764252662659,-0.032335519790649414,-0.9469625949859619,0.08372525870800018,-0.4258858561515808,0.10594052821397781,-0.5783059000968933,0.10578370839357376,-0.6867719888687134,0.09452890604734421,-0.7884991765022278
swipe_right,0.0,0.0,-0.13417357206344604,-0.08610454201698303,-0.23663297295570374,-0.2444065511226654,-0.3009088635444641,-0.3780076503753662,-0.36183035373687744,-0.4756840765476227,-0.13377678394317627,-0.5100590586662292,-0.1853419840335846,-0.7008571028709412,-0.22165383398532867,-0.8174033164978027,-0.25330784916877747,-0.917357325553894,-0.05914432182908058,-0.527971088886261,-0.09278253465890884,-0.7412391304969788,-0.12382430583238602,-0.883999228477478,-0.152909055352211,-1.0,0.011761069297790527,-0.4996267557144165,0.005032920744270086,-0.7019991874694824,-0.013359127566218376,-0.8367128372192383,-0.03515291586518288,-0.951012372970581,0.08138840645551682,-0.43544089794158936,0.10128336399793625,-0.5818963646888733,0.0991092249751091,-0.6893325448036194,0.08596901595592499,-0.7894068360328674
swipe_right,0.0,0.0,-0.13127857446670532,-0.09492239356040955,-0.22620782256126404,-0.2543141543865204,-0.28514087200164795,-0.3817931115627289,-0.33904582262039185,-0.48181936144828796,-0.12200646847486496,-0.5093449950218201,-0.1733751744031906,-0.7027726173400879,-0.21270787715911865,-0.8247406482696533,-0.2476692944765091,-0.9284377098083496,-0.05133824422955513,-0.5247983336448669,-0.08387890458106995,-0.7400485277175903,-0.1180468201637268,-0.8824333548545837,-0.15065187215805054,-1.0,0.016467267647385597,-0.49756523966789246,0.0087064728140831,-0.7059249877929688,-0.01084083504974842,-0.8429832458496094,-0.035371333360672,-0.9588615894317627,0.08365939557552338,-0.43491268157958984,0.10627126693725586,-0.5849186778068542,0.10537169128656387,-0.695685863494873,0.09080950170755386,-0.8006808757781982
swipe_right,0.0,0.0,-0.1430828869342804,-0.08402719348669052,-0.2471366673707962,-0.25218552350997925,-0.30843427777290344,-0.38502615690231323,-0.3659469187259674,-0.4867244064807892,-0.14236114919185638,-0.5094749331474304,-0.19365330040454865,-0.7035325169563293,-0.23175780475139618,-0.8239136934280396,-0.26701799035072327,-0.926738977432251,-0.06852316111326218,-0.5242975950241089,-0.098356693983078,-0.7392382621765137,-0.12988978624343872,-0.8812471032142639,-0.16171111166477203,-1.0,0.0019251516787335277,-0.49472925066947937,-0.004799469839781523,-0.7062520980834961,-0.024806274101138115,-0.8456599116325378,-0.049530815333127975,-0.963810384273529,0.07020825147628784,-0.4303329885005951,0.08937294036149979,-0.5849189758300781,0.08707060664892197,-0.698431134223938,0.07366818189620972,-0.8041374087333679
swipe_right,0.0,0.0,-0.14418970048427582,-0.06869080662727356,-0.2526872754096985,-0.2211124449968338,-0.3180038630962372,-0.35457655787467957,-0.38612064719200134,-0.4552816152572632,-0.14254257082939148,-0.49341434240341187,-0.1924135386943817,-0.6953897476196289,-0.23051443696022034,-0.8259585499763489,-0.26415354013442993,-0.9316482543945312,-0.0612996369600296,-0.511940598487854,-0.09021394699811935,-0.7314954996109009,-0.12310541421175003,-0.8807292580604553,-0.15382274985313416,-1.0,0.01632150262594223,-0.48652735352516174,0.007736759260296822,-0.6958214044570923,-0.014311978593468666,-0.8324546217918396,-0.036825522780418396,-0.9459042549133301,0.09286472201347351,-0.42562058568000793,0.11200638115406036,-0.576850175857544,0.1091875433921814,-0.6859689950942993,0.09986517578363419,-0.7837312817573547
swipe_right,0.0,0.0,-0.1426072120666504,-0.08838444948196411,-0.24835819005966187,-0.2525942921638489,-0.31212320923805237,-0.3866412341594696,-0.3766847550868988,-0.4799047112464905,-0.1416875123977661,-0.5104904174804688,-0.18939796090126038,-0.7046968340873718,-0.22342807054519653,-0.8300131559371948,-0.25322937965393066,-0.9318955540657043,-0.06265316903591156,-0.5315337777137756,-0.08549222350120544,-0.7485977411270142,-0.1169637069106102,-0.8887666463851929,-0.1477757692337036,-1.0,0.01345954928547144,-0.5051204562187195,0.014194962568581104,-0.7135259509086609,-0.0034061737824231386,-0.8426099419593811,-0.023951612412929535,-0.9473076462745667,0.08401375263929367,-0.4388359785079956,0.10860507190227509,-0.5914223790168762,0.10912209749221802,-0.6991047859191895,0.10258066654205322,-0.7935765385627747
swipe_right,0.0,0.0,-0.13452927768230438,-0.08871836960315704,-0.24129052460193634,-0.25161778926849365,-0.3154727518558502,-0.3845822513103485,-0.3804730474948883,-0.491248220205307,-0.11268728226423264,-0.4944317638874054,-0.1493789702653885,-0.7063612341880798,-0.17564508318901062,-0.842934250831604,-0.1984175741672516,-0.9556307792663574,-0.028024157509207726,-0.5039891004562378,-0.04031497985124588,-0.7294834852218628,-0.05834019556641579,-0.8796153664588928,-0.07674869149923325,-1.0,0.05157799646258354,-0.4672565758228302,0.06194116175174713,-0.6825534105300903,0.05260737985372543,-0.8201812505722046,0.03781455010175705,-0.9320772290229797,0.12803463637828827,-0.39679116010665894,0.16201117634773254,-0.5499802827835083,0.1673411726951599,-0.6627564430236816,0.16252471506595612,-0.7621554732322693
swipe_right,0.0,0.0,-0.14025284349918365,-0.07483652234077454,-0.24692538380622864,-0.23775328695774078,-0.31428518891334534,-0.373938649892807,-0.3778426945209503,-0.4727543890476227,-0.1153368204832077,-0.48647913336753845,-0.14231587946414948,-0.7003498077392578,-0.16441091895103455,-0.8367517590522766,-0.18625983595848083,-0.9480528235435486,-0.024287942796945572,-0.494360089302063,-0.030278025195002556,-0.7247474193572998,-0.045562993735075,-0.8778823018074036,-0.06352990120649338,-1.0,0.05890708044171333,-0.4552612900733948,0.07849054038524628,-0.6685114502906799,0.0724676102399826,-0.8073039650917053,0.05936279520392418,-0.9220888018608093,0.13476091623306274,-0.38146594166755676,0.1777152419090271,-0.5264936089515686,0.18945109844207764,-0.6350244879722595,0.18962126970291138,-0.7338367700576782
swipe_right,0.0,0.0,-0.1369621902704239,-0.08996137976646423,-0.2339538186788559,-0.2507264018058777,-0.29787877202033997,-0.3860577642917633,-0.35372012853622437,-0.492239385843277,-0.10514306277036667,-0.501213014125824,-0.12698158621788025,-0.7060760855674744,-0.14516063034534454,-0.8363993167877197,-0.16265694797039032,-0.9452451467514038,-0.019813474267721176,-0.5093485116958618,-0.02063480205833912,-0.7280417680740356,-0.03132079169154167,-0.8753673434257507,-0.043279021978378296,-1.0,0.05676303431391716,-0.4715368151664734,0.07919222116470337,-0.6782100200653076,0.07586006820201874,-0.8109552264213562,0.0655270591378212,-0.9222738742828369,0.1252567023038864,-0.3990817070007324,0.17159539461135864,-0.5414904356002808,0.18629403412342072,-0.6446250677108765,0.18886706233024597,-0.7387914061546326
swipe_right,0.0,0.0,-0.13572190701961517,-0.10920589417219162,-0.22923780977725983,-0.2881411612033844,-0.28885871171951294,-0.4296228289604187,-0.34594452381134033,-0.5297729969024658,-0.09803788363933563,-0.5271394848823547,-0.1250256896018982,-0.7246776819229126,-0.14153112471103668,-0.8449230790138245,-0.15560239553451538,-0.9503093957901001,-0.01571032963693142,-0.5353660583496094,-0.01839071325957775,-0.7494931817054749,-0.028010468930006027,-0.8869736790657043,-0.0385742150247097,-1.0,0.05893733352422714,-0.4962124824523926,0.07715705782175064,-0.6913700699806213,0.07487724721431732,-0.8180108666419983,0.0666651576757431,-0.9216678738594055,0.1264485865831375,-0.42192015051841736,0.16959010064601898,-0.5588244199752808,0.18721316754817963,-0.6575832962989807,0.19545051455497742,-0.7505177855491638
swipe_right,0.0,0.0,-0.14132565259933472,-0.09914937615394592,-0.24391764402389526,-0.27661392092704773,-0.29993921518325806,-0.42381101846694946,-0.35545361042022705,-0.5325605869293213,-0.11196713894605637,-0.5118776559829712,-0.13933351635932922,-0.7158322334289551,-0.1553877890110016,-0.8415156602859497,-0.1677299588918686,-0.9516393542289734,-0.025242935866117477,-0.5201048254966736,-0.027890238910913467,-0.7415880560874939,-0.034866124391555786,-0.8826499581336975,-0.042354609817266464,-1.0,0.05350834131240845,-0.4813239574432373,0.07275957614183426,-0.6847577691078186,0.0733991488814354,-0.8166356086730957,0.06807433068752289,-0.9244306087493896,0.12667250633239746,-0.4069083034992218,0.1680828481912613,-0.5543368458747864,0.1854850947856903,-0.656009316444397,0.19281353056430817,-0.7487948536872864
swipe_right,0.0,0.0,-0.14019304513931274,-0.08207683265209198,-0.2540156841278076,-0.2421582192182541,-0.32534363865852356,-0.3801450729370117,-0.3831513822078705,-0.47993192076683044,-0.1295863687992096,-0.4913165271282196,-0.16291218996047974,-0.7028580904006958,-0.18533489108085632,-0.8323960900306702,-0.20653006434440613,-0.9424768686294556,-0.037254221737384796,-0.503645122051239,-0.05212061479687691,-0.7352085709571838,-0.06635164469480515,-0.879142165184021,-0.0815458744764328,-1.0,0.04828296974301338,-0.46517011523246765,0.056617993861436844,-0.6865266561508179,0.05070393532514572,-0.8218043446540833,0.040954381227493286,-0.9393702149391174,0.12886390089988708,-0.39054787158966064,0.16131067276000977,-0.5481303930282593,0.17115342617034912,-0.6574469804763794,0.17395149171352386,-0.7612747550010681
swipe_right,0.0,0.0,-0.1485150307416916,-0.07937473058700562,-0.27466368675231934,-0.23569712042808533,-0.35650742053985596,-0.3667210042476654,-0.42391565442085266,-0.4628435969352722,-0.16413448750972748,-0.5016584396362305,-0.2215542495250702,-0.7028141021728516,-0.2533174753189087,-0.8253556489944458,-0.2794474959373474,-0.9350359439849854,-0.07394452393054962,-0.5283493995666504,-0.10733214020729065,-0.7506499886512756,-0.1340118795633316,-0.8859421610832214,-0.16074465215206146,-1.0,0.013861287385225296,-0.5012789964675903,0.00341640692204237,-0.710389256477356,-0.012868950143456459,-0.8392866253852844,-0.03310776501893997,-0.9485183954238892,0.0994783341884613,-0.43600115180015564,0.11564355343580246,-0.5985244512557983,0.11588665097951889,-0.7077172994613647,0.10950109362602234,-0.8068082928657532
swipe_right,0.0,0.0,-0.3003050684928894,-0.018340449780225754,-0.5770466327667236,-0.10495422035455704,-0.7843075394630432,-0.20505699515342712,-0.9174090623855591,-0.2699655592441559,-0.5613598227500916,-0.5429419279098511,-0.707421600818634,-0.7690758109092712,-0.6843410730361938,-0.5795159339904785,-0.6232318878173828,-0.4443543553352356,-0.44961681962013245,-0.6452286839485168,-0.6078998446464539,-0.9038077592849731,-0.5795488953590393,-0.6515837907791138,-0.5096875429153442,-0.5151811242103577,-0.31493282318115234,-0.7277876138687134,-0.45389464497566223,-0.9971172213554382,-0.4377867877483368,-0.7368691563606262,-0.3722415566444397,-0.5722208023071289,-0.15476788580417633,-0.7878722548484802,-0.2504294216632843,-1.0,-0.27843013405799866,-0.8141089081764221,-0.2446693480014801,-0.6697970032691956
swipe_right,0.0,0.0,-0.3151796758174896,0.1562383770942688,-0.594586193561554,0.2582464814186096,-0.8242334723472595,0.3571072220802307,-1.0,0.462493360042572,-0.7374414801597595,-0.21326860785484314,-0.9442206621170044,-0.21543583273887634,-0.8271833658218384,-0.1341802030801773,-0.7154263854026794,-0.1135910302400589,-0.6831948161125183,-0.3998323678970337,-0.9141020774841309,-0.4674418568611145,-0.7417537569999695,-0.34113848209381104,-0.5788953304290771,-0.2796175181865692,-0.5895515084266663,-0.5721180438995361,-0.8194419145584106,-0.6564337611198425,-0.6556338667869568,-0.49350833892822266,-0.4982894957065582,-0.39757466316223145,-0.4556709825992584,-0.7198066711425781,-0.6333626508712769,-0.7785136699676514,-0.547695517539978,-0.6230199337005615,-0.4318349361419678,-0.5294138193130493
swipe_right,0.0,0.0,-0.26859813928604126,0.2673175036907196,-0.5600848197937012,0.4782772958278656,-0.8146552443504333,0.638963520526886,-1.0,0.7711133360862732,-0.7657524347305298,-0.027084337547421455,-0.9920560717582703,-0.04207392781972885,-0.8183057904243469,0.04332045093178749,-0.6528980135917664,0.08198848366737366,-0.7075774669647217,-0.2499006688594818,-0.9640161991119385,-0.3007967472076416,-0.738011360168457,-0.16493365168571472,-0.5390954613685608,-0.09636234492063522,-0.6107532978057861,-0.457979679107666,-0.8451741337776184,-0.5242962837219238,-0.6339403390884399,-0.3488228917121887,-0.4560397267341614,-0.2504834234714508,-0.472234308719635,-0.6521603465080261,-0.6629123687744141,-0.6997221112251282,-0.5441382527351379,-0.5286515951156616,-0.4196857213973999,-0.4335702359676361
swipe_right,0.0,0.0,-0.22947604954242706,0.34952297806739807,-0.511046826839447,0.6115661263465881,-0.7377452254295349,0.8165773153305054,-0.9007644057273865,1.0,-0.8126475214958191,0.10253076255321503,-0.9759740233421326,0.18392957746982574,-0.7703108787536621,0.22279880940914154,-0.6084630489349365,0.20025113224983215,-0.780180037021637,-0.14223358035087585,-0.969174861907959,-0.08616050332784653,-0.714975893497467,0.0028594196774065495,-0.5293856263160706,-0.003032667562365532,-0.7012486457824707,-0.3819684684276581,-0.8936179280281067,-0.3418956398963928,-0.6496091485023499,-0.22156807780265808,-0.480989009141922,-0.20674335956573486,-0.5675067901611328,-0.6109959483146667,-0.7319067120552063,-0.5764855146408081,-0.5727169513702393,-0.43318092823028564,-0.4444117248058319,-0.3977218568325043
swipe_right,0.0,0.0,-0.2695324420928955,0.3138907551765442,-0.5392374396324158,0.5577382445335388,-0.7526534199714661,0.7589020729064941,-0.9120954871177673,0.9381548166275024,-0.7815036177635193,0.10114913433790207,-0.9888200759887695,0.17821955680847168,-0.8121130466461182,0.2259809523820877,-0.6783687472343445,0.20374663174152374,-0.7551128268241882,-0.13109007477760315,-1.0,-0.08978016674518585,-0.7597538828849792,0.009090815670788288,-0.5863522291183472,0.0012778121745213866,-0.6865827441215515,-0.3636326193809509,-0.9216422438621521,-0.3350299596786499,-0.6889868378639221,-0.2046172022819519,-0.5352100729942322,-0.1922380030155182,-0.56846022605896,-0.5856398344039917,-0.7588100433349609,-0.5568522214889526,-0.6165385842323303,-0.4116874635219574,-0.5031836032867432,-0.39122873544692993
swipe_right,0.0,0.0,-0.2141992300748825,0.3325340747833252,-0.44048818945884705,0.599339485168457,-0.6254349946975708,0.819424569606781,-0.7539639472961426,1.0,-0.6567907929420471,0.16676582396030426,-0.8660025596618652,0.25692203640937805,-0.6994576454162598,0.3069116771221161,-0.5593432784080505,0.27370744943618774,-0.6436478495597839,-0.047405775636434555,-0.9016112089157104,-0.009576668031513691,-0.7048502564430237,0.08049198985099792,-0.5394262075424194,0.0690244659781456,-0.5899142622947693,-0.2617694139480591,-0.8461450934410095,-0.2441451996564865,-0.6423701643943787,-0.12569580972194672,-0.4831545352935791,-0.12008044868707657,-0.4928240180015564,-0.47176891565322876,-0.6726992130279541,-0.4288347661495209,-0.5475847125053406,-0.31623148918151855,-0.42979273200035095,-0.3145895302295685
swipe_right,0.0,0.0,-0.2254742980003357,0.353859007358551,-0.4918816089630127,0.6151363253593445,-0.7011228203773499,0.8146132826805115,-0.8255634903907776,0.9989856481552124,-0.7623313069343567,0.13977287709712982,-1.0,0.2082550972700119,-0.7881153225898743,0.28518232703208923,-0.628593385219574,0.25788140296936035,-0.7390512228012085,-0.08767422288656235,-0.9990617632865906,-0.04139421880245209,-0.7458023428916931,0.06179751828312874,-0.571054995059967,0.033799909055233,-0.6778249740600586,-0.3224194347858429,-0.9416825175285339,-0.28135862946510315,-0.6852859854698181,-0.15247279405593872,-0.5205764770507812,-0.1662691831588745,-0.5683407187461853,-0.5707974433898926,-0.7731521129608154,-0.5090676546096802,-0.6110978722572327,-0.36609843373298645,-0.48672735691070557,-0.37162327766418457
swipe_right,0.0,0.0,-0.1907873898744583,0.3472391366958618,-0.42741259932518005,0.6108560562133789,-0.6276136040687561,0.8134464621543884,-0.7592223286628723,1.0,-0.7232900857925415,0.16607332229614258,-0.9297285079956055,0.24581198394298553,-0.7316193580627441,0.2950465977191925,-0.568977415561676,0.2682083249092102,-0.6980127692222595,-0.05674399062991142,-0.9360647797584534,-0.002119358628988266,-0.7034203410148621,0.07366456091403961,-0.5219844579696655,0.05541687458753586,-0.6390193700790405,-0.2841920256614685,-0.8914335370063782,-0.2428559511899948,-0.6649186611175537,-0.13725072145462036,-0.4957970678806305,-0.14050883054733276,-0.531954288482666,-0.5251287221908569,-0.7135292887687683,-0.45666244626045227,-0.5670773386955261,-0.3355522155761719,-0.44233790040016174,-0.3318440318107605
swipe_right,0.0,0.0,-0.24662449955940247,0.2991652488708496,-0.49673548340797424,0.5247830152511597,-0.6887712478637695,0.7107740640640259,-0.8258819580078125,0.890687882900238,-0.746219277381897,0.06344136595726013,-0.9904389381408691,0.11892541497945786,-0.8237417340278625,0.19294008612632751,-0.6666406989097595,0.1865961253643036,-0.725552499294281,-0.13464418053627014,-1.0,-0.10059067606925964,-0.7836167812347412,0.013166669756174088,-0.6108251214027405,0.006331858690828085,-0.6697984337806702,-0.34550583362579346,-0.951262354850769,-0.3095550239086151,-0.7361305356025696,-0.1750670075416565,-0.5717238187789917,-0.17081741988658905,-0.5678636431694031,-0.5627225041389465,-0.7943254709243774,-0.5136526226997375,-0.6649144291877747,-0.379704087972641,-0.5364329218864441,-0.3703620135784149
swipe_right,0.0,0.0,-0.24350246787071228,0.2956179678440094,-0.48545530438423157,0.5296593308448792,-0.6793654561042786,0.725491464138031,-0.8250682950019836,0.8982369899749756,-0.761648952960968,0.1428619772195816,-0.9769576787948608,0.19328510761260986,-0.7935842275619507,0.24443480372428894,-0.6434923410415649,0.22988584637641907,-0.7440999150276184,-0.06405336409807205,-1.0,-0.036604758352041245,-0.7735151052474976,0.04380054026842117,-0.6069570779800415,0.03873289376497269,-0.6960100531578064,-0.2866334617137909,-0.9542328715324402,-0.24940301477909088,-0.7285758256912231,-0.15202383697032928,-0.5701849460601807,-0.15346039831638336,-0.602728545665741,-0.5153665542602539,-0.7928864359855652,-0.45286229252815247,-0.6518984436988831,-0.35745760798454285,-0.5334358811378479,-0.36275580525398254
swipe_right,0.0,0.0,-0.23392179608345032,0.30564984679222107,-0.4933353066444397,0.5310221314430237,-0.677065908908844,0.7128056287765503,-0.8028778433799744,0.885221004486084,-0.7490336298942566,0.1167430654168129,-0.9670597314834595,0.17823119461536407,-0.7816715240478516,0.22511731088161469,-0.6168881058692932,0.20458868145942688,-0.7304038405418396,-0.0975792407989502,-1.0,-0.0723269134759903,-0.7744811177253723,0.015022731386125088,-0.6032321453094482,0.003947857767343521,-0.6710378527641296,-0.3177555501461029,-0.9340113997459412,-0.29635241627693176,-0.7078131437301636,-0.185652494430542,-0.5510247349739075,-0.18084533512592316,-0.562158465385437,-0.5397264957427979,-0.7593151926994324,-0.5083655714988708,-0.6256827712059021,-0.39320170879364014,-0.5174732208251953,-0.3807392716407776
swipe_right,0.0,0.0,-0.18516181409358978,0.33089882135391235,-0.4311528503894806,0.5899476408958435,-0.6180183291435242,0.8111069202423096,-0.7420079112052917,1.0,-0.6989603638648987,0.18258239328861237,-0.9258419871330261,0.26138877868652344,-0.7283229827880859,0.32104456424713135,-0.562145471572876,0.29679515957832336,-0.6852266192436218,-0.021854937076568604,-0.9513550996780396,0.027105001732707024,-0.7252013683319092,0.11427375674247742,-0.5535616874694824,0.09018293768167496,-0.6336773037910461,-0.2346644550561905,-0.8961957693099976,-0.19184771180152893,-0.6704009771347046,-0.08268214762210846,-0.5106518864631653,-0.0904177576303482,-0.5378289818763733,-0.4623505175113678,-0.7329882979393005,-0.4102744460105896,-0.5933718085289001,-0.2825714945793152,-0.4688241183757782,-0.2668866515159607
swipe_right,0.0,0.0,-0.23048721253871918,0.3060390055179596,-0.49389415979385376,0.52314692735672,-0.6875715851783752,0.7005547285079956,-0.7962989211082458,0.8879786133766174,-0.7448326349258423,0.11244888603687286,-0.9798171520233154,0.17781952023506165,-0.7957150936126709,0.23758652806282043,-0.6347776055335999,0.21343916654586792,-0.7294195890426636,-0.09406666457653046,-1.0,-0.05995932221412659,-0.7719727754592896,0.03423550724983215,-0.603466272354126,0.01023112889379263,-0.6771199107170105,-0.3102855980396271,-0.9463323950767517,-0.26099926233291626,-0.7260831594467163,-0.15102528035640717,-0.5769292712211609,-0.1668441891670227,-0.5767608284950256,-0.5353822112083435,-0.7883440852165222,-0.47068867087364197,-0.6516320705413818,-0.35325321555137634,-0.5358130931854248,-0.3597255051136017
swipe_right,0.0,0.0,-0.305221825838089,0.20157435536384583,-0.5615523457527161,0.3720971941947937,-0.7666014432907104,0.524440348148346,-0.9314274787902832,0.6529940962791443,-0.7808449268341064,-0.08025374263525009,-1.0,-0.0760776698589325,-0.8590229749679565,0.014683334156870842,-0.7039247751235962,0.053298331797122955,-0.7359476685523987,-0.27768316864967346,-0.9757389426231384,-0.3011276423931122,-0.8070913553237915,-0.17339511215686798,-0.6424166560173035,-0.12180124968290329,-0.6564031839370728,-0.48075592517852783,-0.8986538052558899,-0.4996819794178009,-0.7435202598571777,-0.35773125290870667,-0.5923934578895569,-0.3008052706718445,-0.5300027132034302,-0.6767317652702332,-0.7118300795555115,-0.6496720910072327,-0.623446524143219,-0.5175656080245972,-0.5151593685150146,-0.4721318781375885
swipe_right,0.0,0.0,-0.3152923285961151,0.17140358686447144,-0.5920644998550415,0.3155079782009125,-0.8019360303878784,0.43722614645957947,-0.9788979291915894,0.5424706339836121,-0.7810991406440735,-0.23002563416957855,-1.0,-0.19402018189430237,-0.8681063055992126,-0.05811745673418045,-0.7462694644927979,-0.023547016084194183,-0.7130842804908752,-0.41366198658943176,-0.9612039923667908,-0.4031729996204376,-0.7968242168426514,-0.21435590088367462,-0.6534945964813232,-0.1640409231185913,-0.614337146282196,-0.585206925868988,-0.8600565195083618,-0.5915994048118591,-0.705148458480835,-0.38551944494247437,-0.570156455039978,-0.3202391266822815,-0.4725126326084137,-0.7375916838645935,-0.6659704446792603,-0.7216567993164062,-0.5839723348617554,-0.5512199401855469,-0.4851495027542114,-0.49944785237312317
swipe_right,0.0,0.0,0.0050298660062253475,-0.3562115430831909,0.08886398375034332,-0.6137050986289978,0.15391838550567627,-0.8307225704193115,0.1624402403831482,-1.0,0.45774734020233154,-0.5978810787200928,0.44720110297203064,-0.48828256130218506,0.37114039063453674,-0.43053245544433594,0.289940744638443,-0.4256395101547241,0.544598400592804,-0.4149494469165802,0.5239859819412231,-0.3287835121154785,0.44004446268081665,-0.28337112069129944,0.3574979305267334,-0.27326470613479614,0.5657294392585754,-0.21178756654262543,0.5671882629394531,-0.16609321534633636,0.4942130446434021,-0.11828877031803131,0.4210863709449768,-0.10318870097398758,0.5379858613014221,-0.0034429412335157394,0.5346605777740479,0.04621395096182823,0.47141289710998535,0.07227247208356857,0.40863317251205444,0.07201981544494629
swipe_right,0.0,0.0,-0.0014538626419380307,-0.33984386920928955,0.06414352357387543,-0.5900660753250122,0.12037431448698044,-0.817409336566925,0.12609829008579254,-1.0,0.4098491966724396,-0.5785725712776184,0.4152999520301819,-0.4778205156326294,0.3430437743663788,-0.4097944498062134,0.2717118263244629,-0.4025261700153351,0.4863854646682739,-0.40396758913993835,0.46980610489845276,-0.33934563398361206,0.3959280550479889,-0.29111167788505554,0.3229618966579437,-0.27578264474868774,0.5004511475563049,-0.21398714184761047,0.5017049312591553,-0.18499544262886047,0.42668724060058594,-0.14278483390808105,0.3519389033317566,-0.13220858573913574,0.4754941463470459,-0.025204505771398544,0.45431554317474365,0.011096525005996227,0.38685712218284607,0.028946159407496452,0.3227844536304474,0.02458600141108036
swipe_right,0.0,0.0,0.01697579398751259,-0.3221067786216736,0.09662682563066483,-0.5827460885047913,0.16239619255065918,-0.8156388998031616,0.18105149269104004,-1.0,0.3873203992843628,-0.49728286266326904,0.46808290481567383,-0.5183606147766113,0.371859073638916,-0.4624924063682556,0.29981350898742676,-0.4344114661216736,0.43745508790016174,-0.32158055901527405,0.5108088850975037,-0.37397506833076477,0.4068462550640106,-0.3392601013183594,0.33069273829460144,-0.3064352571964264,0.4340601861476898,-0.1423407346010208,0.5203214883804321,-0.20779526233673096,0.42310208082199097,-0.18035566806793213,0.346218466758728,-0.15386588871479034,0.4021015465259552,0.028888290748000145,0.46172842383384705,-0.01214687991887331,0.38671451807022095,-0.021273136138916016,0.3238379955291748,-0.016583900898694992
swipe_right,0.0,0.0,0.002288083080202341,-0.33251768350601196,0.0967167392373085,-0.6114004850387573,0.17486333847045898,-0.8318964838981628,0.20763655006885529,-1.0,0.34139683842658997,-0.5304027795791626,0.5039193034172058,-0.5912831425666809,0.41192418336868286,-0.5259342789649963,0.3138674199581146,-0.48532864451408386,0.39307019114494324,-0.34682732820510864,0.5566926002502441,-0.4337497055530548,0.4680756628513336,-0.38506776094436646,0.3718341290950775,-0.3463382124900818,0.4095194637775421,-0.16517534852027893,0.5715423822402954,-0.25080451369285583,0.5012104511260986,-0.2159215360879898,0.4142940640449524,-0.19055014848709106,0.3917325437068939,0.006216461304575205,0.5077285170555115,-0.04475463554263115,0.45687785744667053,-0.045839618891477585,0.384909063577652,-0.041021253913640976
swipe_right,0.0,0.0,-0.011819105595350266,-0.305528461933136,0.07408268749713898,-0.5937741994857788,0.1505204737186432,-0.8285311460494995,0.20192836225032806,-1.0,0.3529643416404724,-0.49274981021881104,0.518606960773468,-0.5853101015090942,0.38738349080085754,-0.5141893625259399,0.281897634267807,-0.4676165282726288,0.4071159362792969,-0.3107885718345642,0.5736079812049866,-0.4034492075443268,0.40569376945495605,-0.33681416511535645,0.32373467087745667,-0.30111202597618103,0.42442840337753296,-0.12756599485874176,0.5860221982002258,-0.20095710456371307,0.4280351400375366,-0.15231898427009583,0.3437248766422272,-0.12640875577926636,0.4034111201763153,0.04855712130665779,0.5071958303451538,0.021071510389447212,0.4038029611110687,0.031156713142991066,0.33261165022850037,0.03909149765968323
swipe_right,0.0,0.0,-0.021157100796699524,-0.3324313759803772,0.07227937132120132,-0.6319288015365601,0.16346657276153564,-0.8528005480766296,0.21951834857463837,-1.0,0.3498087227344513,-0.5512164235115051,0.5387246608734131,-0.6411917209625244,0.43415793776512146,-0.5864060521125793,0.3249879479408264,-0.5455678701400757,0.410749614238739,-0.3507579267024994,0.6150393486022949,-0.4620276093482971,0.49032750725746155,-0.41362181305885315,0.39107567071914673,-0.36866432428359985,0.43279823660850525,-0.15025755763053894,0.6294848322868347,-0.25372380018234253,0.5079025030136108,-0.2240072786808014,0.4135454297065735,-0.19306409358978271,0.4136580228805542,0.045743051916360855,0.5424418449401855,-0.009065075777471066,0.4530467987060547,-0.012294577434659004,0.3746844530105591,-0.0002927397727034986
swipe_right,0.0,0.0,-0.02684190683066845,-0.32675230503082275,0.058290015906095505,-0.6308021545410156,0.14739243686199188,-0.8476516008377075,0.20141685009002686,-1.0,0.39668789505958557,-0.5538527965545654,0.5361363291740417,-0.6432130932807922,0.38524845242500305,-0.5588808059692383,0.2867269814014435,-0.5035133361816406,0.45531198382377625,-0.3466103672981262,0.6044465899467468,-0.4468380808830261,0.4265313148498535,-0.3762911558151245,0.3366537094116211,-0.32841530442237854,0.46868064999580383,-0.14042344689369202,0.6083462238311768,-0.21385271847248077,0.4357175827026367,-0.1668219417333603,0.34057092666625977,-0.1336967498064041,0.4429364502429962,0.06338939070701599,0.532500147819519,0.03435510769486427,0.4126048684120178,0.03228288143873215,0.33445680141448975,0.03658292442560196
swipe_right,0.0,0.0,-0.02873673103749752,-0.30367448925971985,0.05875716358423233,-0.6030641794204712,0.14179296791553497,-0.8301328420639038,0.1930045485496521,-1.0,0.3677273690700531,-0.5502776503562927,0.5228549242019653,-0.6210248470306396,0.3717125952243805,-0.5285959839820862,0.26599228382110596,-0.476044625043869,0.4328191578388214,-0.34599995613098145,0.5891069173812866,-0.42476585507392883,0.414567232131958,-0.3465665280818939,0.32378605008125305,-0.30751270055770874,0.45218756794929504,-0.13838694989681244,0.5953134894371033,-0.1992666870355606,0.4329196810722351,-0.14431136846542358,0.3446124196052551,-0.11595503985881805,0.4352857768535614,0.06535474956035614,0.5231148600578308,0.035112034529447556,0.4108525514602661,0.047914423048496246,0.34091895818710327,0.06059935688972473
swipe_right,0.0,0.0,-0.01893658936023712,-0.31678953766822815,0.0746992826461792,-0.6112924218177795,0.15993732213974,-0.8314666748046875,0.21491053700447083,-1.0,0.35061269998550415,-0.5175685882568359,0.5379559397697449,-0.6008155941963196,0.40964046120643616,-0.5345897674560547,0.3054516911506653,-0.49353617429733276,0.39939090609550476,-0.3170059323310852,0.5915221571922302,-0.41102856397628784,0.4642837941646576,-0.35142770409584045,0.3805382549762726,-0.32016509771347046,0.4067467451095581,-0.1200900673866272,0.5963972806930542,-0.19665193557739258,0.4990880489349365,-0.1480400413274765,0.4298122227191925,-0.12613463401794434,0.37867313623428345,0.0688951164484024,0.501677930355072,0.053512316197156906,0.46191713213920593,0.0691089853644371,0.4224419891834259,0.06784829497337341
swipe_right,0.0,0.0,-0.030427236109972,-0.30808037519454956,0.06764557212591171,-0.6156664490699768,0.15445563197135925,-0.8391032814979553,0.20349957048892975,-1.0,0.3936527967453003,-0.5735001564025879,0.5435492396354675,-0.6249076724052429,0.39014217257499695,-0.5276255011558533,0.27891960740089417,-0.4782828688621521,0.4580163061618805,-0.36804965138435364,0.6213804483413696,-0.42912960052490234,0.42445898056030273,-0.338764488697052,0.331496000289917,-0.3068616986274719,0.47800806164741516,-0.1548197865486145,0.6325333118438721,-0.19304773211479187,0.4501124918460846,-0.13274936378002167,0.3592224717140198,-0.11701808124780655,0.4553147852420807,0.05237844958901405,0.5575122237205505,0.05481063574552536,0.44125932455062866,0.06544377654790878,0.3676639497280121,0.05656672269105911
swipe_right,0.0,0.0,-0.004209956619888544,-0.3251849114894867,0.057162705808877945,-0.5892164707183838,0.11974786967039108,-0.8177553415298462,0.1428244709968567,-1.0,0.34163445234298706,-0.48680683970451355,0.40494516491889954,-0.549100935459137,0.30857908725738525,-0.49999386072158813,0.24316227436065674,-0.4485144019126892,0.39938050508499146,-0.3110214173793793,0.4432172179222107,-0.3855181634426117,0.3351566195487976,-0.35494065284729004,0.26986265182495117,-0.3020397424697876,0.40197089314460754,-0.1333213448524475,0.4646105170249939,-0.2152443528175354,0.35599157214164734,-0.1950264424085617,0.2842508554458618,-0.15403972566127777,0.37177664041519165,0.03950533643364906,0.4299868643283844,-0.013187204487621784,0.3437260091304779,-0.02508707530796528,0.27675941586494446,-0.005455737933516502
swipe_right,0.0,0.0,-0.011227324604988098,-0.31567174196243286,0.04665255919098854,-0.5808343887329102,0.10146631300449371,-0.8119337558746338,0.11303482204675674,-1.0,0.37762507796287537,-0.5749777555465698,0.4033937454223633,-0.5214817523956299,0.3224543333053589,-0.4451461732387543,0.2510882616043091,-0.4119206666946411,0.45300716161727905,-0.3989105820655823,0.44207489490509033,-0.3522590696811676,0.3576560318470001,-0.3020418584346771,0.28289544582366943,-0.27545034885406494,0.46874797344207764,-0.20803900063037872,0.4569469690322876,-0.19649547338485718,0.37771326303482056,-0.15696583688259125,0.30351120233535767,-0.13381709158420563,0.45436015725135803,-0.02735862508416176,0.4511180818080902,-0.016538238152861595,0.3747032582759857,-0.0018427536124363542,0.3039858043193817,0.003915878012776375
swipe_right,0.0,0.0,-0.07915706187486649,-0.2546166479587555,-0.06848807632923126,-0.5039474964141846,-0.06299516558647156,-0.6937260031700134,-0.05473160371184349,-0.8541384935379028,0.21623452007770538,-0.5521805286407471,0.19672121107578278,-0.8255562782287598,0.12171636521816254,-0.9486468434333801,0.050751928240060806,-1.0,0.2648678123950958,-0.51664137840271,0.22957615554332733,-0.8093193769454956,0.1384935975074768,-0.9230995774269104,0.05608702078461647,-0.9745209217071533,0.28387129306793213,-0.4676190912723541,0.2545944154262543,-0.7437243461608887,0.1625526249408722,-0.8698302507400513,0.07913151383399963,-0.9388442039489746,0.26952141523361206,-0.4090854823589325,0.25269970297813416,-0.632583737373352,0.19482110440731049,-0.7503064870834351,0.13119977712631226,-0.8236421942710876
swipe_right,0.0,0.0,-0.06213725358247757,-0.17415949702262878,-0.04173976555466652,-0.3663157820701599,-0.0329168364405632,-0.5007864236831665,-0.025677809491753578,-0.6152220964431763,0.16150133311748505,-0.5373746752738953,0.21869142353534698,-0.7458047270774841,0.1883726865053177,-0.8994495868682861,0.1262545883655548,-0.9970510005950928,0.18969672918319702,-0.5347857475280762,0.23575563728809357,-0.7562947273254395,0.1895756721496582,-0.9080690145492554,0.11722760647535324,-1.0,0.20934182405471802,-0.5101695656776428,0.2513594925403595,-0.7246785759925842,0.18874028325080872,-0.8587167859077454,0.11196477711200714,-0.9359021186828613,0.21400608122348785,-0.4602421224117279,0.23712632060050964,-0.6293242573738098,0.18426814675331116,-0.7237883806228638,0.11114408820867538,-0.7718498706817627
swipe_right,0.0,0.0,-0.04646043851971626,-0.19569341838359833,-0.012699292972683907,-0.3866725564002991,0.00015483015158679336,-0.5157166719436646,0.010514330118894577,-0.6255195140838623,0.1841306984424591,-0.5112711787223816,0.22950510680675507,-0.7270691394805908,0.19057857990264893,-0.877872109413147,0.1284654289484024,-0.9723520278930664,0.20815637707710266,-0.4899653196334839,0.23808418214321136,-0.7324396371841431,0.1889093816280365,-0.8972563147544861,0.12438682466745377,-1.0,0.21487997472286224,-0.44646573066711426,0.23261979222297668,-0.6782670617103577,0.16714471578598022,-0.8265419006347656,0.0959850326180458,-0.9169861674308777,0.1938837617635727,-0.38554516434669495,0.1949472576379776,-0.5496782660484314,0.15488241612911224,-0.6579751372337341,0.10468945652246475,-0.7288392782211304
swipe_right,0.0,0.0,0.08632686734199524,-0.3456651270389557,0.22717854380607605,-0.5939321517944336,0.32851675152778625,-0.8066562414169312,0.3401487469673157,-1.0,0.46709561347961426,-0.6172929406166077,0.711012065410614,-0.7565990686416626,0.583366870880127,-0.650428295135498,0.4449065923690796,-0.5804994106292725,0.526758074760437,-0.4347480833530426,0.7277520895004272,-0.5520592331886292,0.5732080936431885,-0.44287776947021484,0.44136524200439453,-0.3874894082546234,0.5645751357078552,-0.22378206253051758,0.7399841547012329,-0.34185636043548584,0.6057324409484863,-0.24688689410686493,0.47865843772888184,-0.18976284563541412,0.5789507627487183,-0.012484647333621979,0.7082486748695374,-0.09559320658445358,0.6521874070167542,-0.0399288646876812,0.5799524188041687,0.006489165592938662
swipe_right,0.0,0.0,0.028976351022720337,-0.3059900104999542,0.09740041196346283,-0.5785434246063232,0.14806486666202545,-0.8164112567901611,0.1493249386548996,-1.0,0.36791154742240906,-0.5944546461105347,0.47967529296875,-0.5124837756156921,0.41053059697151184,-0.43350672721862793,0.3348616063594818,-0.41638892889022827,0.45077696442604065,-0.43327999114990234,0.5354397296905518,-0.36510878801345825,0.45982521772384644,-0.306205153465271,0.3761361539363861,-0.2881108820438385,0.49184319376945496,-0.24153457581996918,0.5708473920822144,-0.21191860735416412,0.5007886290550232,-0.16429318487644196,0.4189970791339874,-0.14833727478981018,0.4998738169670105,-0.04912159591913223,0.579097330570221,-0.050715748220682144,0.5054242014884949,-0.02139454334974289,0.4273717701435089,-0.010954315774142742
swipe_right,0.0,0.0,-0.0031344196759164333,-0.30135104060173035,0.039121177047491074,-0.5837021470069885,0.08028212189674377,-0.8262760639190674,0.10696888715028763,-1.0,0.3432670831680298,-0.6481143832206726,0.4048583507537842,-0.6228265166282654,0.32325810194015503,-0.5346994400024414,0.239859938621521,-0.49289247393608093,0.44167476892471313,-0.47854137420654297,0.44812268018722534,-0.4493410587310791,0.3532591760158539,-0.38419589400291443,0.27121713757514954,-0.3526577353477478,0.4910840094089508,-0.28287744522094727,0.4581482410430908,-0.272930383682251,0.3642265498638153,-0.22413496673107147,0.28442567586898804,-0.19996507465839386,0.5048582553863525,-0.09133913367986679,0.49798402190208435,-0.09494879096746445,0.41032519936561584,-0.07397342473268509,0.33920034766197205,-0.06228853762149811
swipe_right,0.0,0.0,0.028353510424494743,-0.3350849747657776,0.11764898151159286,-0.6071028113365173,0.20540639758110046,-0.8276801109313965,0.25188255310058594,-1.0,0.418129563331604,-0.6095097661018372,0.5222744941711426,-0.5240745544433594,0.447145938873291,-0.4517567753791809,0.37044912576675415,-0.4395219087600708,0.48810604214668274,-0.4232282340526581,0.5737228393554688,-0.36400797963142395,0.49819454550743103,-0.31975236535072327,0.4116632640361786,-0.3048724830150604,0.5110013484954834,-0.22488808631896973,0.581164538860321,-0.19705550372600555,0.511771023273468,-0.15207037329673767,0.4309341609477997,-0.13735580444335938,0.5039200782775879,-0.032650914043188095,0.5815417766571045,-0.011133872903883457,0.5201296210289001,0.01187641080468893,0.44771918654441833,0.015228205360472202
swipe_right,0.0,0.0,0.016591647639870644,-0.3098899722099304,0.0868605449795723,-0.5918000340461731,0.14094629883766174,-0.8193818926811218,0.15851528942584991,-1.0,0.39646169543266296,-0.5600298643112183,0.40594232082366943,-0.5298268795013428,0.30370616912841797,-0.46275708079338074,0.23398888111114502,-0.4471970796585083,0.4785918593406677,-0.3866470754146576,0.4487789273262024,-0.35839608311653137,0.33904045820236206,-0.3174819350242615,0.2676045298576355,-0.3033420443534851,0.5066015720367432,-0.19023500382900238,0.47619861364364624,-0.1933871954679489,0.3834296464920044,-0.1626744121313095,0.315009206533432,-0.1446841061115265,0.50121009349823,0.0012085401685908437,0.49281057715415955,-0.016223764047026634,0.4114656448364258,-0.000989046529866755,0.35322365164756775,0.013685453683137894
swipe_right,0.0,0.0,0.01424745935946703,-0.3169192373752594,0.078379787504673,-0.5914489030838013,0.1325777769088745,-0.8167542815208435,0.15488925576210022,-1.0,0.4074215590953827,-0.5698232054710388,0.3942433297634125,-0.5603129863739014,0.298352986574173,-0.4861353635787964,0.2366645485162735,-0.45676398277282715,0.48822692036628723,-0.40525007247924805,0.426361083984375,-0.3971406817436218,0.3230210840702057,-0.3460488021373749,0.26171180605888367,-0.3203394114971161,0.5095832347869873,-0.2112298309803009,0.45074427127838135,-0.22524777054786682,0.3571453094482422,-0.190826416015625,0.29304373264312744,-0.16816173493862152,0.4950580894947052,-0.017940113320946693,0.46302366256713867,-0.04842513054609299,0.3733004033565521,-0.04249497875571251,0.3087267279624939,-0.03423504903912544
swipe_right,0.0,0.0,0.018751362338662148,-0.31258586049079895,0.08680662512779236,-0.5885736346244812,0.1433722972869873,-0.8237248659133911,0.14887210726737976,-1.0,0.3515055775642395,-0.5829953551292419,0.45624369382858276,-0.501071572303772,0.39241352677345276,-0.42682355642318726,0.3149701952934265,-0.41336849331855774,0.426200270652771,-0.4164080321788788,0.5077022910118103,-0.3294317424297333,0.43898412585258484,-0.2785133719444275,0.35637715458869934,-0.2728288769721985,0.45751506090164185,-0.22819150984287262,0.533035933971405,-0.17020149528980255,0.46679285168647766,-0.12904582917690277,0.3820761740207672,-0.12896661460399628,0.45883309841156006,-0.039999235421419144,0.5233301520347595,-0.00028364674653857946,0.4571751058101654,0.024474723264575005,0.38081637024879456,0.016717510297894478
swipe_right,0.0,0.0,0.01803038828074932,-0.31018534302711487,0.07766950130462646,-0.5852853655815125,0.12494232505559921,-0.8225716352462769,0.14357751607894897,-1.0,0.3673940896987915,-0.5786568522453308,0.4500320553779602,-0.49153217673301697,0.3723677396774292,-0.4129893183708191,0.2931433916091919,-0.3952750861644745,0.44374993443489075,-0.40460076928138733,0.49607449769973755,-0.31531885266304016,0.4068816900253296,-0.26332923769950867,0.3233053684234619,-0.257447749376297,0.4704156816005707,-0.20104898512363434,0.5180142521858215,-0.15325094759464264,0.4334154725074768,-0.1073988527059555,0.3470037579536438,-0.10191796720027924,0.46435096859931946,-0.0009067757637239993,0.5082385540008545,0.029677871614694595,0.4289272427558899,0.049393970519304276,0.3511500060558319,0.04581359401345253
swipe_right,0.0,0.0,0.03795267269015312,-0.3216688930988312,0.11398472636938095,-0.6023085713386536,0.158855140209198,-0.8247843384742737,0.17194408178329468,-1.0,0.37928152084350586,-0.5422634482383728,0.49611523747444153,-0.50312739610672,0.44561538100242615,-0.4321998357772827,0.38131389021873474,-0.39215087890625,0.44114264845848083,-0.3870528042316437,0.5056732296943665,-0.3279366195201874,0.4427422881126404,-0.2673267424106598,0.37119048833847046,-0.23078882694244385,0.4600226879119873,-0.1919841468334198,0.5353928804397583,-0.15372897684574127,0.46848055720329285,-0.1076737642288208,0.3865979313850403,-0.08166880160570145,0.4485674202442169,0.01786838099360466,0.557158887386322,0.029886407777667046,0.509394109249115,0.019137870520353317,0.4342169463634491,0.006680243648588657
swipe_right,0.0,0.0,-0.13629427552223206,-0.32528021931648254,-0.3670344352722168,-0.5958824753761292,-0.5439015626907349,-0.8015019297599792,-0.6124787330627441,-1.0,-0.568431556224823,-0.4083145558834076,-0.735125720500946,-0.34462884068489075,-0.6767672300338745,-0.282500296831131,-0.5962519645690918,-0.26344722509384155,-0.5899031758308411,-0.16731707751750946,-0.7445783019065857,-0.0994323268532753,-0.6971846222877502,-0.05996280536055565,-0.6192067861557007,-0.0513111837208271,-0.5739972591400146,0.06134633719921112,-0.7312266230583191,0.10032724589109421,-0.7017738223075867,0.11312000453472137,-0.6308028697967529,0.10779427736997604,-0.5339198112487793,0.2548688054084778,-0.6785343289375305,0.2958821654319763,-0.6610132455825806,0.30605658888816833,-0.6170439720153809,0.2970329821109772
swipe_right,0.0,0.0,-0.15014243125915527,-0.2998209297657013,-0.40746375918388367,-0.574164867401123,-0.5913839936256409,-0.7860485911369324,-0.6653786897659302,-1.0,-0.6469428539276123,-0.40409055352211,-0.8022990822792053,-0.27197909355163574,-0.7406986951828003,-0.18836183845996857,-0.6681376695632935,-0.17690157890319824,-0.657876193523407,-0.154065802693367,-0.8112825751304626,-0.023273713886737823,-0.7599924206733704,0.04862300679087639,-0.685824990272522,0.05889883264899254,-0.6219833493232727,0.09773378819227219,-0.7890459299087524,0.19441047310829163,-0.757422924041748,0.24216550588607788,-0.6922202110290527,0.23919183015823364,-0.5586643815040588,0.32611578702926636,-0.719319760799408,0.42309409379959106,-0.705583930015564,0.4526156783103943,-0.6710898876190186,0.43433883786201477
swipe_right,0.0,0.0,-0.1844167411327362,-0.3179962933063507,-0.42307716608047485,-0.5796598792076111,-0.6041740775108337,-0.791090190410614,-0.6756263375282288,-1.0,-0.6676419377326965,-0.4163200557231903,-0.8444018363952637,-0.2508504390716553,-0.7430636882781982,-0.21019163727760315,-0.6404076814651489,-0.23491060733795166,-0.6833502650260925,-0.15680602192878723,-0.8630856871604919,-0.017213940620422363,-0.7655813694000244,0.013855433091521263,-0.6532236337661743,-0.0028481846675276756,-0.6529629826545715,0.09985509514808655,-0.8509453535079956,0.2096618115901947,-0.7600924372673035,0.221400186419487,-0.6473770141601562,0.19490639865398407,-0.5942015051841736,0.33795905113220215,-0.7940211296081543,0.40930452942848206,-0.7094799876213074,0.41027331352233887,-0.6056937575340271,0.3847356140613556
swipe_right,0.0,0.0,-0.1891416609287262,-0.32669520378112793,-0.41531485319137573,-0.5953977108001709,-0.5878196358680725,-0.8007102012634277,-0.6442630887031555,-1.0,-0.6455181241035461,-0.41765347123146057,-0.8213014602661133,-0.298286110162735,-0.721525251865387,-0.2555720806121826,-0.6196181178092957,-0.2626058757305145,-0.6632511615753174,-0.16665524244308472,-0.8289488554000854,-0.04171550273895264,-0.7428301572799683,-0.009921976365149021,-0.640961229801178,-0.022141866385936737,-0.641126275062561,0.07528293132781982,-0.8133001327514648,0.1765548139810562,-0.7401229739189148,0.18469393253326416,-0.6393841505050659,0.16528065502643585,-0.5962349772453308,0.3014042377471924,-0.7702930569648743,0.3702799677848816,-0.7061622142791748,0.37264135479927063,-0.6188718676567078,0.3528037369251251
swipe_right,0.0,0.0,-0.1645345538854599,-0.34145885705947876,-0.37608256936073303,-0.6068592071533203,-0.543251097202301,-0.8110641241073608,-0.6021451950073242,-1.0,-0.6167343854904175,-0.42143872380256653,-0.7744951248168945,-0.3580915629863739,-0.6761839985847473,-0.3157135248184204,-0.5730912685394287,-0.2970828413963318,-0.643723726272583,-0.1825617104768753,-0.7808493375778198,-0.11442404985427856,-0.698276937007904,-0.08829768002033234,-0.6062496304512024,-0.08278603106737137,-0.6277822852134705,0.05108505114912987,-0.7718523740768433,0.0986660048365593,-0.700415313243866,0.098763607442379,-0.6056753993034363,0.09478580206632614,-0.586656928062439,0.26301109790802,-0.7266824245452881,0.30001237988471985,-0.6558524966239929,0.2924778461456299,-0.5717465281486511,0.2791415750980377
swipe_right,0.0,0.0,-0.1645345538854599,-0.34145885705947876,-0.37608256936073303,-0.6068592071533203,-0.543251097202301,-0.8110641241073608,-0.6021451950073242,-1.0,-0.6167343854904175,-0.42143872380256653,-0.7744951248168945,-0.3580915629863739,-0.6761839985847473,-0.3157135248184204,-0.5730912685394287,-0.2970828413963318,-0.643723726272583,-0.1825617104768753,-0.7808493375778198,-0.11442404985427856,-0.698276937007904,-0.08829768002033234,-0.6062496304512024,-0.08278603106737137,-0.6277822852134705,0.05108505114912987,-0.7718523740768433,0.0986660048365593,-0.700415313243866,0.098763607442379,-0.6056753993034363,0.09478580206632614,-0.586656928062439,0.26301109790802,-0.7266824245452881,0.30001237988471985,-0.6558524966239929,0.2924778461456299,-0.5717465281486511,0.2791415750980377
swipe_right,0.0,0.0,-0.1485682725906372,-0.33239150047302246,-0.35050907731056213,-0.6043643951416016,-0.5135801434516907,-0.8079793453216553,-0.5760406255722046,-1.0,-0.6126128435134888,-0.4297434985637665,-0.737492561340332,-0.34541091322898865,-0.6365379095077515,-0.3027673363685608,-0.5366529822349548,-0.29028403759002686,-0.6525183320045471,-0.19603218138217926,-0.7478119134902954,-0.12532222270965576,-0.6665017008781433,-0.09837959706783295,-0.5755396485328674,-0.08959729969501495,-0.6433950662612915,0.029947593808174133,-0.744172215461731,0.06658615171909332,-0.6765847206115723,0.07549963146448135,-0.5841724872589111,0.07831313461065292,-0.6113135814666748,0.22992396354675293,-0.7134917378425598,0.25025662779808044,-0.6432790756225586,0.2571845054626465,-0.563747763633728,0.2532739043235779
swipe_right,0.0,0.0,-0.1567763239145279,-0.3251277208328247,-0.37836408615112305,-0.5995173454284668,-0.5598241686820984,-0.794013261795044,-0.6215940713882446,-1.0,-0.6231691837310791,-0.4370374083518982,-0.7761270999908447,-0.3399406671524048,-0.688737690448761,-0.2817440927028656,-0.5874533653259277,-0.27177029848098755,-0.6582965850830078,-0.1927623301744461,-0.7979726791381836,-0.08796707540750504,-0.7202606797218323,-0.046435266733169556,-0.6234739422798157,-0.047109950333833694,-0.6484137177467346,0.048249997198581696,-0.7946416735649109,0.1261196881532669,-0.7232320308685303,0.13813786208629608,-0.6261773705482483,0.12181881070137024,-0.6122011542320251,0.2701837122440338,-0.7429527044296265,0.3300679624080658,-0.6677463054656982,0.3323916792869568,-0.5828338265419006,0.30905401706695557
swipe_right,0.0,0.0,-0.14805848896503448,-0.33214646577835083,-0.36133626103401184,-0.602965235710144,-0.547778844833374,-0.8034890294075012,-0.6195324063301086,-1.0,-0.6437774896621704,-0.42297056317329407,-0.7482993006706238,-0.35953518748283386,-0.6440719366073608,-0.3228679895401001,-0.5439751148223877,-0.3111414611339569,-0.6859127879142761,-0.17514337599277496,-0.752568244934082,-0.1300014853477478,-0.6630775928497314,-0.10590846091508865,-0.5704250931739807,-0.09018460661172867,-0.6747974753379822,0.06155797094106674,-0.7530335783958435,0.07659246027469635,-0.6781340837478638,0.08041216433048248,-0.5847301483154297,0.0845119059085846,-0.6387024521827698,0.264655739068985,-0.7194855809211731,0.27486366033554077,-0.6432366371154785,0.27970418334007263,-0.5648077726364136,0.27759850025177
swipe_right,0.0,0.0,-0.15918000042438507,-0.34151843190193176,-0.3756871819496155,-0.6079511642456055,-0.548690915107727,-0.8083279132843018,-0.6073514223098755,-1.0,-0.6688686013221741,-0.44625917077064514,-0.7773789763450623,-0.3312701880931854,-0.6748729348182678,-0.26688629388809204,-0.5703981518745422,-0.24592706561088562,-0.7207685112953186,-0.2104865461587906,-0.7884712219238281,-0.08473318815231323,-0.7013123035430908,-0.04349849745631218,-0.6034313440322876,-0.04288487508893013,-0.7170321941375732,0.030285440385341644,-0.7942388653755188,0.1200716644525528,-0.7177228927612305,0.13242410123348236,-0.6194326877593994,0.12171816825866699,-0.6844223141670227,0.25314900279045105,-0.7630732655525208,0.32564014196395874,-0.6840786933898926,0.3331596851348877,-0.6001022458076477,0.31858524680137634
swipe_right,0.0,0.0,-0.14637786149978638,-0.3341308534145355,-0.33830851316452026,-0.6016045212745667,-0.5062674880027771,-0.8007564544677734,-0.5645747780799866,-1.0,-0.6120737195014954,-0.42954549193382263,-0.7221900224685669,-0.35906335711479187,-0.6205106377601624,-0.3118179142475128,-0.5197398662567139,-0.2967960238456726,-0.6590358018875122,-0.18979477882385254,-0.7359106540679932,-0.1370118260383606,-0.6457273960113525,-0.10091149061918259,-0.5482707619667053,-0.08415938913822174,-0.6557870507240295,0.043025579303503036,-0.7446712851524353,0.05651361495256424,-0.6678199768066406,0.07138097286224365,-0.5690412521362305,0.07851625978946686,-0.6296900510787964,0.24709627032279968,-0.7294788956642151,0.23616091907024384,-0.6529706120491028,0.24509385228157043,-0.5691095590591431,0.24487605690956116
swipe_right,0.0,0.0,-0.13388687372207642,-0.33256056904792786,-0.32440781593322754,-0.6080644130706787,-0.48223137855529785,-0.8124237060546875,-0.5290545225143433,-1.0,-0.6009626388549805,-0.4188821315765381,-0.7124266028404236,-0.38610559701919556,-0.6126063466072083,-0.3492102324962616,-0.5162732005119324,-0.32456108927726746,-0.640411376953125,-0.18365982174873352,-0.7349310517311096,-0.15970082581043243,-0.6496450901031494,-0.13703948259353638,-0.5600858926773071,-0.11439629644155502,-0.6312803030014038,0.04072537273168564,-0.7327635884284973,0.04746027663350105,-0.6629810333251953,0.04558400437235832,-0.5731207132339478,0.05694093555212021,-0.5975779891014099,0.2381933480501175,-0.702261745929718,0.23853975534439087,-0.6388767957687378,0.23499253392219543,-0.566199779510498,0.23496069014072418
swipe_right,0.0,0.0,-0.13029782474040985,-0.32409539818763733,-0.3230848014354706,-0.606531023979187,-0.4719145894050598,-0.8166891932487488,-0.5165311694145203,-1.0,-0.5907723903656006,-0.4286192059516907,-0.6992565393447876,-0.3944368362426758,-0.6030307412147522,-0.3573673963546753,-0.5137870907783508,-0.33716365694999695,-0.6253830194473267,-0.2054513543844223,-0.7248737812042236,-0.16738586127758026,-0.6399397253990173,-0.14456988871097565,-0.5539897084236145,-0.12506777048110962,-0.6094330549240112,0.01006698701530695,-0.7259754538536072,0.0293732900172472,-0.6527518033981323,0.025989685207605362,-0.5640034079551697,0.03313085809350014,-0.5687505602836609,0.2015872299671173,-0.6882388591766357,0.2029656618833542,-0.6222834587097168,0.19530652463436127,-0.5478346943855286,0.19027644395828247
swipe_right,0.0,0.0,-0.10623389482498169,-0.3096143901348114,-0.2621493935585022,-0.5930424332618713,-0.38562461733818054,-0.818635106086731,-0.423490434885025,-1.0,-0.5484618544578552,-0.48173823952674866,-0.6321898102760315,-0.42098021507263184,-0.5451667904853821,-0.36505186557769775,-0.4686567485332489,-0.34771183133125305,-0.5976879596710205,-0.263599693775177,-0.6635777354240417,-0.2083970010280609,-0.5848145484924316,-0.1718308925628662,-0.5013057589530945,-0.1525951325893402,-0.5972395539283752,-0.05181710794568062,-0.671627938747406,-0.026964480057358742,-0.5994289517402649,-0.01182212121784687,-0.5124779343605042,0.0001012105931295082,-0.5754218697547913,0.13662861287593842,-0.6558657288551331,0.13488398492336273,-0.5828119516372681,0.15013110637664795,-0.5061950087547302,0.1566259115934372
swipe_right,0.0,0.0,-0.10205109417438507,-0.3186698257923126,-0.24774503707885742,-0.5960291624069214,-0.3651012182235718,-0.8166191577911377,-0.39648929238319397,-1.0,-0.5251762270927429,-0.5028209686279297,-0.6218542456626892,-0.44275814294815063,-0.5356229543685913,-0.38925954699516296,-0.4549550712108612,-0.36846357583999634,-0.5735692381858826,-0.29735642671585083,-0.6475859880447388,-0.24245382845401764,-0.5693492293357849,-0.2080819010734558,-0.4874512255191803,-0.18983465433120728,-0.5751802325248718,-0.09091275185346603,-0.6539116501808167,-0.06790230423212051,-0.5824543833732605,-0.05309861898422241,-0.49867263436317444,-0.03763619437813759,-0.5577635765075684,0.09644719213247299,-0.6389468312263489,0.08948016911745071,-0.5694306492805481,0.10387374460697174,-0.4979130029678345,0.11487150937318802
swipe_right,0.0,0.0,-0.05512763932347298,-0.3242064416408539,-0.15960697829723358,-0.5981529951095581,-0.24542361497879028,-0.8250768184661865,-0.2629750072956085,-1.0,-0.42680567502975464,-0.5106772184371948,-0.46452221274375916,-0.47314298152923584,-0.401103138923645,-0.41910842061042786,-0.34818390011787415,-0.3841239809989929,-0.49863067269325256,-0.3208464980125427,-0.5101553201675415,-0.2801628112792969,-0.44834810495376587,-0.2544766068458557,-0.3884935677051544,-0.22352249920368195,-0.5238027572631836,-0.12837301194667816,-0.5429230332374573,-0.10171201825141907,-0.4828108251094818,-0.08832260221242905,-0.41729408502578735,-0.06643633544445038,-0.5263776183128357,0.042746081948280334,-0.5762715935707092,0.08420147001743317,-0.5255181193351746,0.11210931092500687,-0.47013282775878906,0.13154132664203644
swipe_right,0.0,0.0,0.0239567868411541,-0.34189268946647644,-0.07410693913698196,-0.6760008931159973,-0.18651814758777618,-0.8741893768310547,-0.2610609829425812,-1.0,-0.38368573784828186,-0.5788921117782593,-0.5128374099731445,-0.6368817090988159,-0.42960596084594727,-0.5847154855728149,-0.34311529994010925,-0.527567446231842,-0.47836053371429443,-0.3707394301891327,-0.5798450708389282,-0.45637211203575134,-0.491621196269989,-0.4219655692577362,-0.4105345904827118,-0.3642348349094391,-0.521094024181366,-0.1760939210653305,-0.6226399540901184,-0.2855581045150757,-0.549585223197937,-0.2685554027557373,-0.47425997257232666,-0.2158239334821701,-0.5355433821678162,-0.010910378769040108,-0.6312150955200195,-0.12861278653144836,-0.5678576827049255,-0.10777280479669571,-0.5013504028320312,-0.05913563445210457
swipe_right,0.0,0.0,0.07841946929693222,-0.26231491565704346,0.039282675832509995,-0.569796085357666,-0.029740285128355026,-0.8080248236656189,-0.060810402035713196,-1.0,-0.18929795920848846,-0.5201908946037292,-0.16987799108028412,-0.6009871363639832,-0.137520432472229,-0.5801293253898621,-0.10468441992998123,-0.5542600750923157,-0.31101900339126587,-0.35894864797592163,-0.29531005024909973,-0.40345221757888794,-0.2513812780380249,-0.39075109362602234,-0.21092736721038818,-0.3663747012615204,-0.38230642676353455,-0.19005905091762543,-0.3571758270263672,-0.2480233907699585,-0.30843308568000793,-0.25271302461624146,-0.26901641488075256,-0.23774778842926025,-0.41596367955207825,-0.03768008574843407,-0.398933470249176,-0.10593484342098236,-0.34920403361320496,-0.10190732032060623,-0.3092096149921417,-0.08141982555389404
swipe_right,0.0,0.0,0.03593030571937561,-0.2500073313713074,-0.035289764404296875,-0.5605287551879883,-0.11523366719484329,-0.8031351566314697,-0.14022615551948547,-1.0,-0.050567626953125,-0.4644979238510132,-0.13795147836208344,-0.7183199524879456,-0.19204768538475037,-0.8725872039794922,-0.20598003268241882,-0.9800025224685669,-0.1580720692873001,-0.3115130662918091,-0.3686034381389618,-0.4558780789375305,-0.36570411920547485,-0.4556729197502136,-0.30092349648475647,-0.4184759557247162,-0.25926896929740906,-0.14330853521823883,-0.4353811740875244,-0.26850277185440063,-0.4148651957511902,-0.28179818391799927,-0.3562283217906952,-0.26224198937416077,-0.3351512849330902,0.0034122972283512354,-0.46428319811820984,-0.1009635254740715,-0.4461556375026703,-0.10275789350271225,-0.3980812728404999,-0.07963047921657562
swipe_right,0.0,0.0,0.039599478244781494,-0.27848148345947266,-0.04024464264512062,-0.5738338828086853,-0.1129174530506134,-0.8130250573158264,-0.13070014119148254,-1.0,-0.28355762362480164,-0.5287830829620361,-0.32328933477401733,-0.5316482782363892,-0.2648530602455139,-0.4660179018974304,-0.2201019823551178,-0.425211638212204,-0.36481383442878723,-0.3676840364933014,-0.37714505195617676,-0.36355021595954895,-0.316552996635437,-0.33455565571784973,-0.2666001617908478,-0.30702584981918335,-0.401589959859848,-0.2066778689622879,-0.4118354916572571,-0.22902421653270721,-0.35343149304389954,-0.21617569029331207,-0.3013898432254791,-0.19482140243053436,-0.4095652401447296,-0.07627072930335999,-0.4106639325618744,-0.10207905620336533,-0.35778650641441345,-0.08629563450813293,-0.31138962507247925,-0.06802644580602646
swipe_right,0.0,0.0,0.05669151991605759,-0.28282010555267334,-0.009649703279137611,-0.6017016768455505,-0.09588136523962021,-0.8371241092681885,-0.14359670877456665,-0.9920659065246582,-0.17018122971057892,-0.6226744055747986,-0.21386554837226868,-0.8416858315467834,-0.22021105885505676,-0.9369967579841614,-0.20283277332782745,-1.0,-0.3174300193786621,-0.48867154121398926,-0.3775845468044281,-0.564409613609314,-0.3277988135814667,-0.5058799386024475,-0.26388058066368103,-0.44992539286613464,-0.41524073481559753,-0.31022199988365173,-0.4515036940574646,-0.3541294038295746,-0.3950687050819397,-0.3193850815296173,-0.3317069113254547,-0.28342679142951965,-0.47041958570480347,-0.13022024929523468,-0.4723813831806183,-0.1472368687391281,-0.4139694273471832,-0.1262870579957962,-0.35729309916496277,-0.10671298205852509
swipe_right,0.0,0.0,0.028477996587753296,-0.29564210772514343,-0.05672960355877876,-0.5837779641151428,-0.13504841923713684,-0.8183801174163818,-0.15955650806427002,-1.0,-0.3215944766998291,-0.5074358582496643,-0.35349828004837036,-0.5310503244400024,-0.2837512791156769,-0.46841755509376526,-0.23362676799297333,-0.4213246703147888,-0.3968423902988434,-0.3372303247451782,-0.40050309896469116,-0.3603452742099762,-0.3336555063724518,-0.33419299125671387,-0.2827766537666321,-0.29833078384399414,-0.4245484173297882,-0.1749047487974167,-0.426332026720047,-0.22169867157936096,-0.3650597333908081,-0.21347470581531525,-0.3134574294090271,-0.1851302832365036,-0.4274066090583801,-0.048421382904052734,-0.42746424674987793,-0.09467516839504242,-0.3728400468826294,-0.08378966897726059,-0.3261488080024719,-0.060975100845098495
swipe_right,0.0,0.0,0.0014493534108623862,-0.308078795671463,-0.08736993372440338,-0.6061701774597168,-0.16768726706504822,-0.83250892162323,-0.19530542194843292,-1.0,-0.32542720437049866,-0.5134013891220093,-0.4609420895576477,-0.5496293902397156,-0.39532920718193054,-0.504002034664154,-0.31907060742378235,-0.4691576659679413,-0.3965369760990143,-0.3321998119354248,-0.5186904072761536,-0.38229116797447205,-0.4519042670726776,-0.3638697564601898,-0.37493225932121277,-0.33463844656944275,-0.43147701025009155,-0.16514785587787628,-0.5417464971542358,-0.2401595413684845,-0.4833030104637146,-0.2349604070186615,-0.4095217287540436,-0.2064155489206314,-0.4431564509868622,-0.024714110419154167,-0.5402055978775024,-0.1100449487566948,-0.4891485273838043,-0.09809541702270508,-0.4246552884578705,-0.06589055806398392
swipe_right,0.0,0.0,-0.021641692146658897,-0.2822949290275574,-0.12302961945533752,-0.5841419100761414,-0.20080389082431793,-0.8199353218078613,-0.22853371500968933,-1.0,-0.3503355085849762,-0.482195109128952,-0.5167893171310425,-0.5047486424446106,-0.44553905725479126,-0.45996376872062683,-0.36826562881469727,-0.44287267327308655,-0.4154794216156006,-0.2950224280357361,-0.5682591199874878,-0.3346506655216217,-0.49347400665283203,-0.311679482460022,-0.4133665859699249,-0.29389992356300354,-0.4460354447364807,-0.12761150300502777,-0.588446319103241,-0.18272463977336884,-0.5214580297470093,-0.1733935922384262,-0.44068315625190735,-0.15104572474956512,-0.45722272992134094,0.01516013965010643,-0.581926167011261,-0.06122254207730293,-0.5253577828407288,-0.04655873030424118,-0.45217177271842957,-0.01662294939160347
swipe_right,0.0,0.0,-0.019288307055830956,-0.27431872487068176,-0.11138370633125305,-0.5820562243461609,-0.160860076546669,-0.8293682932853699,-0.17557278275489807,-1.0,-0.2623409330844879,-0.3989470899105072,-0.5122244358062744,-0.4832056760787964,-0.44767895340919495,-0.45543888211250305,-0.3600807785987854,-0.42473742365837097,-0.3279072046279907,-0.20512047410011292,-0.5833375453948975,-0.3159182369709015,-0.5086700916290283,-0.31406891345977783,-0.41679078340530396,-0.2836247384548187,-0.36809125542640686,-0.04702972248196602,-0.6036806702613831,-0.14971759915351868,-0.5373451113700867,-0.1664237082004547,-0.45112425088882446,-0.1410418599843979,-0.3912108242511749,0.08001919835805893,-0.5836202502250671,-0.027068395167589188,-0.530951976776123,-0.029858971014618874,-0.4543186128139496,0.006776683963835239
swipe_right,0.0,0.0,-0.03088236041367054,-0.28151777386665344,-0.1216706931591034,-0.591404139995575,-0.1703726053237915,-0.8387947678565979,-0.18510548770427704,-1.0,-0.28914976119995117,-0.44019097089767456,-0.5113264322280884,-0.5313885807991028,-0.45202839374542236,-0.5049506425857544,-0.36701256036758423,-0.4763738512992859,-0.36470067501068115,-0.26454097032546997,-0.5811293125152588,-0.3709753155708313,-0.517236053943634,-0.3540728986263275,-0.43492621183395386,-0.324285626411438,-0.4119391441345215,-0.1120983362197876,-0.6120035648345947,-0.21992069482803345,-0.5517379641532898,-0.21507896482944489,-0.4682798683643341,-0.1841854602098465,-0.43786877393722534,0.016462625935673714,-0.6003527045249939,-0.0949406772851944,-0.5536630749702454,-0.08280229568481445,-0.4817441701889038,-0.043812595307826996
swipe_right,0.0,0.0,-0.01803414709866047,-0.2784847319126129,-0.10866417735815048,-0.588603138923645,-0.16537246108055115,-0.8313227295875549,-0.18746012449264526,-1.0,-0.27217161655426025,-0.4307921528816223,-0.49056676030158997,-0.5287595391273499,-0.4241771697998047,-0.49699458479881287,-0.3429453670978546,-0.46563756465911865,-0.3465954065322876,-0.25558143854141235,-0.5486418008804321,-0.3742580711841583,-0.47663891315460205,-0.35496628284454346,-0.39830952882766724,-0.3197842836380005,-0.39305025339126587,-0.10465047508478165,-0.5832010507583618,-0.23293890058994293,-0.5161848068237305,-0.22617343068122864,-0.43580949306488037,-0.1888948231935501,-0.4205772280693054,0.020523641258478165,-0.5793502330780029,-0.10317257791757584,-0.5294589996337891,-0.09619957953691483,-0.46052250266075134,-0.056061554700136185
swipe_right,0.0,0.0,-0.031125085428357124,-0.2861362099647522,-0.1234923005104065,-0.5938577055931091,-0.17819993197917938,-0.8355939388275146,-0.20774857699871063,-1.0,-0.3107798993587494,-0.4422633945941925,-0.5166138410568237,-0.5079395174980164,-0.44052547216415405,-0.4854929447174072,-0.3541552722454071,-0.46907368302345276,-0.3761264681816101,-0.24730105698108673,-0.573539674282074,-0.3342905044555664,-0.49695584177970886,-0.32130300998687744,-0.41019994020462036,-0.294355571269989,-0.41248655319213867,-0.08169183135032654,-0.5902799367904663,-0.16778233647346497,-0.5281465649604797,-0.17148305475711823,-0.44523242115974426,-0.14416208863258362,-0.42780235409736633,0.05328623577952385,-0.5758175253868103,-0.03678201884031296,-0.5264257788658142,-0.03315444663167,-0.45492446422576904,-0.0024298429489135742
swipe_right,0.0,0.0,-0.028091000393033028,-0.28193148970603943,-0.12185250967741013,-0.5966184139251709,-0.19455166161060333,-0.8294687867164612,-0.2110346406698227,-1.0,-0.3012770712375641,-0.4301818311214447,-0.5109146237373352,-0.4926498532295227,-0.4371175467967987,-0.47146615386009216,-0.35466504096984863,-0.4555753767490387,-0.36585503816604614,-0.2343081533908844,-0.5773943662643433,-0.3228394091129303,-0.4992213547229767,-0.3152776062488556,-0.41260263323783875,-0.2854609787464142,-0.3977419137954712,-0.06623511016368866,-0.5952131748199463,-0.15206629037857056,-0.5263519287109375,-0.15700474381446838,-0.4421684443950653,-0.13036274909973145,-0.4078424870967865,0.07631505280733109,-0.5664908289909363,-0.005415478255599737,-0.5158677101135254,-0.0065942928194999695,-0.44768550992012024,0.019794266670942307
swipe_right,0.0,0.0,-0.03051619604229927,-0.28775903582572937,-0.11887788027524948,-0.5928317308425903,-0.1762363165616989,-0.8298385739326477,-0.1870373636484146,-1.0,-0.2904191315174103,-0.4493298828601837,-0.5023806095123291,-0.4996166527271271,-0.42791637778282166,-0.4642784595489502,-0.34610408544540405,-0.4426470994949341,-0.3518770933151245,-0.25348708033561707,-0.5534831881523132,-0.3295164406299591,-0.47446638345718384,-0.31130245327949524,-0.3920289874076843,-0.27637553215026855,-0.3858011066913605,-0.07868054509162903,-0.57002192735672,-0.16294099390506744,-0.5007840394973755,-0.15545465052127838,-0.41971302032470703,-0.12410515546798706,-0.3997557759284973,0.07323119789361954,-0.5469343066215515,-0.0024768987204879522,-0.49478238821029663,0.003389479825273156,-0.4301714599132538,0.032615333795547485
swipe_right,0.0,0.0,-0.029467979446053505,-0.2909056544303894,-0.12207601219415665,-0.5929223895072937,-0.18181884288787842,-0.8290613293647766,-0.20008163154125214,-1.0,-0.3013251721858978,-0.45507848262786865,-0.509084165096283,-0.4998823404312134,-0.43343526124954224,-0.47277769446372986,-0.34838420152664185,-0.4603067934513092,-0.36334818601608276,-0.2551993131637573,-0.5660613179206848,-0.3301807940006256,-0.4836327135562897,-0.31206151843070984,-0.39541199803352356,-0.27860501408576965,-0.39490529894828796,-0.07743758708238602,-0.5791998505592346,-0.1584855318069458,-0.5047915577888489,-0.15271058678627014,-0.4191942811012268,-0.12453581392765045,-0.40449967980384827,0.07599613815546036,-0.5507737398147583,0.0025917550083249807,-0.4918968379497528,0.007868790999054909,-0.42072927951812744,0.03400571271777153
swipe_right,0.0,0.0,-0.014360647648572922,-0.2859290838241577,-0.10440034419298172,-0.5947076082229614,-0.16413840651512146,-0.8325968980789185,-0.1764095425605774,-1.0,-0.2680250406265259,-0.440729558467865,-0.4893864095211029,-0.5129815936088562,-0.41738128662109375,-0.4802117943763733,-0.3330751657485962,-0.4533390402793884,-0.3368563950061798,-0.24240733683109283,-0.5533677339553833,-0.33834362030029297,-0.4764479398727417,-0.3248657286167145,-0.39165472984313965,-0.28957614302635193,-0.3750739097595215,-0.06825266778469086,-0.569616973400116,-0.16853241622447968,-0.5031996965408325,-0.1664292812347412,-0.4222545623779297,-0.13518759608268738,-0.38969969749450684,0.07627973705530167,-0.5405202507972717,-0.013511351309716702,-0.49281561374664307,-0.006889841984957457,-0.4286973476409912,0.027049943804740906
swipe_right,0.0,0.0,-0.02422083355486393,-0.28621479868888855,-0.11654482781887054,-0.5862028002738953,-0.17717419564723969,-0.8245553970336914,-0.19303469359874725,-1.0,-0.27783122658729553,-0.4557465612888336,-0.4942854344844818,-0.5059989094734192,-0.4172024726867676,-0.47486504912376404,-0.33236879110336304,-0.4547690749168396,-0.3385044038295746,-0.26318246126174927,-0.5490066409111023,-0.3389489948749542,-0.4673619270324707,-0.32472920417785645,-0.38320910930633545,-0.28606781363487244,-0.3727298676967621,-0.09217098355293274,-0.56211918592453,-0.17038500308990479,-0.49021753668785095,-0.16688700020313263,-0.41061729192733765,-0.13644330203533173,-0.3881554901599884,0.05400821566581726,-0.5356630682945251,-0.013716625981032848,-0.4801422357559204,-0.007665778510272503,-0.4146724045276642,0.021184762939810753
swipe_right,0.0,0.0,-0.03745414316654205,-0.28345614671707153,-0.13607898354530334,-0.5793225765228271,-0.20717543363571167,-0.8187571167945862,-0.22797060012817383,-1.0,-0.31544721126556396,-0.4206675589084625,-0.5132408738136292,-0.4651917517185211,-0.43390312790870667,-0.4495517313480377,-0.3530762791633606,-0.4360412061214447,-0.3764824867248535,-0.22445350885391235,-0.5761862993240356,-0.30452266335487366,-0.4942195415496826,-0.3009285628795624,-0.4097355604171753,-0.2693359851837158,-0.40814143419265747,-0.052304986864328384,-0.5942038297653198,-0.13608533143997192,-0.5185098648071289,-0.13788488507270813,-0.4335614740848541,-0.10777349025011063,-0.42154860496520996,0.09644210338592529,-0.5698954463005066,0.023907044902443886,-0.5104308724403381,0.018562905490398407,-0.4391010105609894,0.03978593647480011
swipe_right,0.0,0.0,-0.03869617357850075,-0.28097283840179443,-0.1338619440793991,-0.5799621343612671,-0.1966305822134018,-0.8207652568817139,-0.2122599482536316,-1.0,-0.306028813123703,-0.4240048825740814,-0.5044083595275879,-0.4717119634151459,-0.4264741837978363,-0.44940316677093506,-0.34468668699264526,-0.4349232614040375,-0.3610643744468689,-0.23174923658370972,-0.5601966977119446,-0.30455902218818665,-0.48293808102607727,-0.29965779185295105,-0.40128031373023987,-0.2676152288913727,-0.38819143176078796,-0.06087196245789528,-0.5727827548980713,-0.13609616458415985,-0.5037591457366943,-0.14097602665424347,-0.4232545495033264,-0.11572527885437012,-0.3986146152019501,0.08464378118515015,-0.5508775115013123,0.022804416716098785,-0.4955201745033264,0.019978825002908707,-0.4266211688518524,0.04211748391389847
swipe_right,0.0,0.0,-0.021880021318793297,-0.2848016917705536,-0.11195556819438934,-0.5948999524116516,-0.1753515750169754,-0.83022540807724,-0.19330504536628723,-1.0,-0.294170081615448,-0.4453299939632416,-0.5015763640403748,-0.49344402551651,-0.43026360869407654,-0.4652339518070221,-0.34735107421875,-0.4462811350822449,-0.35612496733665466,-0.24074923992156982,-0.5558964610099792,-0.3210996389389038,-0.47942665219306946,-0.30735722184181213,-0.393566370010376,-0.27121615409851074,-0.38802897930145264,-0.06390240043401718,-0.5704222917556763,-0.14906588196754456,-0.5032686591148376,-0.14708775281906128,-0.4215708076953888,-0.11749909073114395,-0.3994394838809967,0.08394473791122437,-0.5454788208007812,0.0009983053896576166,-0.4913257658481598,0.011001775041222572,-0.4232575595378876,0.042288556694984436
swipe_right,0.0,0.0,-0.0264122411608696,-0.28316688537597656,-0.12318474054336548,-0.5759254693984985,-0.19613493978977203,-0.8195868134498596,-0.22013644874095917,-1.0,-0.29756098985671997,-0.4398181438446045,-0.48542556166648865,-0.4982260465621948,-0.41242608428001404,-0.46376481652259827,-0.3322167992591858,-0.4372923970222473,-0.36321020126342773,-0.2513168454170227,-0.5449936389923096,-0.32876402139663696,-0.4712800979614258,-0.31227484345436096,-0.3900926113128662,-0.27915656566619873,-0.39955630898475647,-0.08212193846702576,-0.5648855566978455,-0.1640191674232483,-0.49700117111206055,-0.15897239744663239,-0.4179587960243225,-0.12869180738925934,-0.41636955738067627,0.060935549437999725,-0.5475671887397766,-0.007876306772232056,-0.4925313889980316,-0.003278730669990182,-0.42601123452186584,0.02220144122838974
swipe_right,0.0,0.0,-0.03274703770875931,-0.2780435085296631,-0.12985125184059143,-0.5674417614936829,-0.19398429989814758,-0.8147897124290466,-0.20375141501426697,-1.0,-0.28739094734191895,-0.41929686069488525,-0.48863187432289124,-0.4809721112251282,-0.41251489520072937,-0.4468379616737366,-0.3300723731517792,-0.4202132821083069,-0.34835848212242126,-0.2272033393383026,-0.5540837645530701,-0.30588650703430176,-0.475576788187027,-0.29304543137550354,-0.3898056149482727,-0.2595996856689453,-0.38561132550239563,-0.05554385110735893,-0.5752525329589844,-0.13420496881008148,-0.5020097494125366,-0.13314861059188843,-0.4179970920085907,-0.10359378904104233,-0.4069488048553467,0.09007348120212555,-0.5556549429893494,0.023608729243278503,-0.49790191650390625,0.024308521300554276,-0.4275505244731903,0.05033769831061363
swipe_right,0.0,0.0,-0.035351868718862534,-0.2827472388744354,-0.12411442399024963,-0.5864414572715759,-0.19119371473789215,-0.8200014233589172,-0.21234731376171112,-1.0,-0.2813984453678131,-0.4292457103729248,-0.5144237279891968,-0.48108503222465515,-0.4389585256576538,-0.4558246433734894,-0.3516727089881897,-0.44312167167663574,-0.34074512124061584,-0.2302463799715042,-0.568729043006897,-0.3107949197292328,-0.4898013174533844,-0.30133646726608276,-0.40284428000450134,-0.2706300616264343,-0.3738284409046173,-0.06145898252725601,-0.5795012712478638,-0.14601796865463257,-0.5094711184501648,-0.1459779143333435,-0.42373237013816833,-0.12034239619970322,-0.38932350277900696,0.07965430617332458,-0.5603276491165161,0.006493110675364733,-0.5072527527809143,0.005308825988322496,-0.4357501268386841,0.030057044699788094
swipe_right,0.0,0.0,-0.020172515884041786,-0.2789017856121063,-0.11690712720155716,-0.5738178491592407,-0.1997166872024536,-0.8203126788139343,-0.23396137356758118,-1.0,-0.19854620099067688,-0.5110552906990051,-0.45159608125686646,-0.595878541469574,-0.41155391931533813,-0.5349628329277039,-0.33316507935523987,-0.5015558004379272,-0.2688193619251251,-0.3209473788738251,-0.5439264178276062,-0.3851984441280365,-0.4825194478034973,-0.3394691050052643,-0.39276123046875,-0.3012894093990326,-0.3229617774486542,-0.14075039327144623,-0.5742955207824707,-0.2065984159708023,-0.51120924949646,-0.1768549233675003,-0.42518725991249084,-0.1503954976797104,-0.3629300892353058,0.02248738333582878,-0.5555661916732788,-0.041750218719244,-0.5009065270423889,-0.009413539431989193,-0.42584726214408875,0.01899530179798603
swipe_right,0.0,0.0,-0.023166591301560402,-0.2806456983089447,-0.1163056492805481,-0.5851649641990662,-0.18324415385723114,-0.8204308748245239,-0.199818953871727,-1.0,-0.2765932083129883,-0.4213959276676178,-0.5127613544464111,-0.47982892394065857,-0.44315144419670105,-0.45873019099235535,-0.3577516973018646,-0.4443508982658386,-0.33668988943099976,-0.22861197590827942,-0.568638265132904,-0.3099652826786041,-0.4951654374599457,-0.3092993497848511,-0.4107499122619629,-0.2829883098602295,-0.36802563071250916,-0.06411603838205338,-0.5789554715156555,-0.14911340177059174,-0.5143036246299744,-0.15939325094223022,-0.43367689847946167,-0.13637550175189972,-0.37982743978500366,0.07068933546543121,-0.5472137331962585,-0.013466602191329002,-0.5002769231796265,-0.016689861193299294,-0.435239315032959,0.0127571327611804
swipe_right,0.0,0.0,-0.03160272166132927,-0.28542712330818176,-0.12515230476856232,-0.5831906795501709,-0.18900123238563538,-0.8207513689994812,-0.2126724123954773,-1.0,-0.2966458201408386,-0.4203815758228302,-0.5185354948043823,-0.48114120960235596,-0.44399532675743103,-0.454517126083374,-0.35994818806648254,-0.43744465708732605,-0.35706374049186707,-0.23042447865009308,-0.5720871686935425,-0.3083396553993225,-0.49628713726997375,-0.2992130219936371,-0.4120466113090515,-0.27451759576797485,-0.38839203119277954,-0.07035242766141891,-0.5844672322273254,-0.14757652580738068,-0.5201576352119446,-0.15303972363471985,-0.4389689862728119,-0.1321093887090683,-0.39901527762413025,0.06016702950000763,-0.5613309144973755,-0.0117907440289855,-0.511910617351532,-0.01337113045156002,-0.4422871172428131,0.011405803263187408
swipe_right,0.0,0.0,-0.017334019765257835,-0.2703113257884979,-0.1120179072022438,-0.5837880969047546,-0.17741845548152924,-0.8151218295097351,-0.1911010593175888,-1.0,-0.2899787724018097,-0.4114164710044861,-0.514907717704773,-0.466170072555542,-0.44260480999946594,-0.45237997174263,-0.35932353138923645,-0.44720762968063354,-0.35264208912849426,-0.21083670854568481,-0.5752398371696472,-0.2961248755455017,-0.5033375024795532,-0.2987152934074402,-0.417164146900177,-0.2777540981769562,-0.38201406598091125,-0.04554364085197449,-0.5897165536880493,-0.1316060572862625,-0.5294507145881653,-0.1434948593378067,-0.44793975353240967,-0.12545862793922424,-0.3886859714984894,0.0866028442978859,-0.5597370266914368,0.00480323750525713,-0.5169985294342041,0.004890087526291609,-0.4506158232688904,0.029589293524622917
swipe_right,0.0,0.0,-0.03668905794620514,-0.2974680960178375,-0.13175618648529053,-0.6429947018623352,-0.22763730585575104,-0.8739517331123352,-0.2927423119544983,-1.0,-0.3194003403186798,-0.4857916533946991,-0.6059839129447937,-0.5010428428649902,-0.5325674414634705,-0.47300469875335693,-0.4343641400337219,-0.47270825505256653,-0.38439300656318665,-0.2739813029766083,-0.6707561016082764,-0.31115126609802246,-0.5988523960113525,-0.30021050572395325,-0.5054780840873718,-0.2880867123603821,-0.41740140318870544,-0.09164328873157501,-0.6704651117324829,-0.13136501610279083,-0.6130711436271667,-0.14115265011787415,-0.5238946080207825,-0.13172787427902222,-0.4302661120891571,0.0606950968503952,-0.6303956508636475,0.00929970946162939,-0.581559956073761,0.012811828404664993,-0.5039723515510559,0.03281034529209137
swipe_right,0.0,0.0,-0.05297992005944252,-0.34065473079681396,-0.18334129452705383,-0.688973069190979,-0.31097283959388733,-0.9314461946487427,-0.44365713000297546,-1.0,-0.3513137400150299,-0.6203029155731201,-0.7472253441810608,-0.6037156581878662,-0.7089697122573853,-0.5361891388893127,-0.6062405109405518,-0.5202042460441589,-0.3863503634929657,-0.4139055609703064,-0.7721205353736877,-0.4074339270591736,-0.7232342958450317,-0.36673346161842346,-0.6355051398277283,-0.35127946734428406,-0.4188460409641266,-0.20325978100299835,-0.7391820549964905,-0.22184118628501892,-0.6950352191925049,-0.1945178061723709,-0.6093682050704956,-0.1737099438905716,-0.43853095173835754,-0.013059621676802635,-0.6861326098442078,-0.05245226249098778,-0.6499863862991333,-0.013478251174092293,-0.5727134346961975,0.023896897211670876
swipe_right,0.0,0.0,-0.09248962253332138,-0.2560538947582245,-0.20824308693408966,-0.47054722905158997,-0.22215023636817932,-0.6555042266845703,-0.20778612792491913,-0.751422107219696,-0.5091899037361145,-0.7259689569473267,-0.987208902835846,-0.5017918348312378,-0.9441748261451721,-0.3549068868160248,-0.8138326406478882,-0.34299421310424805,-0.5046478509902954,-0.5468236804008484,-1.0,-0.30464833974838257,-0.9251875877380371,-0.18649530410766602,-0.8085058927536011,-0.176550954580307,-0.4961654245853424,-0.3298065960407257,-0.9314008951187134,-0.09792682528495789,-0.872166633605957,0.015387678518891335,-0.7675135135650635,0.032105814665555954,-0.45882853865623474,-0.0836266279220581,-0.8144456744194031,0.10182509571313858,-0.7580632567405701,0.19048239290714264,-0.6469202637672424,0.20849300920963287
swipe_right,0.0,0.0,-0.2068445384502411,-0.025191444903612137,-0.4448278844356537,-0.0424896664917469,-0.6282414197921753,-0.011390204541385174,-0.7639567255973816,0.0817381963133812,-0.5527840852737427,-0.24639922380447388,-0.835204541683197,-0.1124671921133995,-0.9498012065887451,0.1107160821557045,-1.0,0.31070631742477417,-0.46891161799430847,-0.24334187805652618,-0.766043484210968,-0.07933726906776428,-0.8915578722953796,0.16888806223869324,-0.9485885500907898,0.3770897388458252,-0.35350051522254944,-0.16401295363903046,-0.6420875191688538,-0.0522245317697525,-0.7692492008209229,0.1753796637058258,-0.8310014009475708,0.3675403892993927,-0.22985951602458954,-0.026371028274297714,-0.40839648246765137,0.1002185270190239,-0.5023526549339294,0.24241521954536438,-0.5605425834655762,0.3736119866371155
swipe_right,0.0,0.0,0.030697740614414215,-0.22417530417442322,-0.002104090992361307,-0.4819127917289734,-0.05223943665623665,-0.665693461894989,-0.11587084829807281,-0.7820262908935547,-0.14054928719997406,-0.603954017162323,-0.3313896358013153,-0.8024435639381409,-0.4732709228992462,-0.895048201084137,-0.5923328399658203,-0.9541993141174316,-0.23543131351470947,-0.5511360168457031,-0.42256247997283936,-0.8051966428756714,-0.5685701966285706,-0.927859365940094,-0.6952943801879883,-1.0,-0.33103811740875244,-0.457658976316452,-0.5199028253555298,-0.7214227914810181,-0.667893648147583,-0.8511883020401001,-0.7945042848587036,-0.9317840933799744,-0.42115092277526855,-0.3311103284358978,-0.6206223964691162,-0.4927889108657837,-0.7621875405311584,-0.5689809322357178,-0.8794174790382385,-0.6189242601394653
swipe_right,0.0,0.0,0.07858724147081375,-0.18780004978179932,0.11035624891519547,-0.39630553126335144,0.12312284857034683,-0.5375831127166748,0.10079162567853928,-0.6259816288948059,-0.009316590614616871,-0.6116287708282471,-0.08559960126876831,-0.7512935400009155,-0.1375679075717926,-0.7799395322799683,-0.18832136690616608,-0.8015815615653992,-0.12653988599777222,-0.561664342880249,-0.25321337580680847,-0.7741033434867859,-0.35855603218078613,-0.8993968963623047,-0.4621332883834839,-1.0,-0.23842763900756836,-0.4534732699394226,-0.39450621604919434,-0.680325448513031,-0.5299007892608643,-0.8118513822555542,-0.6526579856872559,-0.9256916046142578,-0.33229920268058777,-0.29820218682289124,-0.5089924931526184,-0.45129743218421936,-0.6375815868377686,-0.528641402721405,-0.7504442930221558,-0.5984530448913574
swipe_right,0.0,0.0,0.11091019213199615,-0.09688354283571243,0.17115092277526855,-0.1651284098625183,0.24505221843719482,-0.10654793679714203,0.31886541843414307,-0.0030524455942213535,0.09629695117473602,-0.44317856431007385,0.06852273643016815,-0.6624026894569397,0.029094887897372246,-0.7938810586929321,-0.009849146008491516,-0.8837561011314392,-0.03584509715437889,-0.4433980882167816,-0.13148149847984314,-0.72420334815979,-0.21303457021713257,-0.8877798914909363,-0.28481245040893555,-1.0,-0.15823471546173096,-0.39081647992134094,-0.2703121602535248,-0.6715638637542725,-0.36491134762763977,-0.8383101224899292,-0.4451175034046173,-0.9668630361557007,-0.2528635859489441,-0.2943304479122162,-0.3799915313720703,-0.48151955008506775,-0.47235527634620667,-0.5872738361358643,-0.5491358041763306,-0.6753613948822021
swipe_right,0.0,0.0,0.11917959898710251,-0.06333610415458679,0.20006966590881348,-0.11365801095962524,0.2907773554325104,-0.05780162289738655,0.3826347589492798,0.03749928995966911,0.09908107668161392,-0.3990212380886078,0.0869450494647026,-0.6239210367202759,0.05210241302847862,-0.7696641087532043,0.013312449678778648,-0.8830132484436035,-0.04083608463406563,-0.4143288731575012,-0.11389363557100296,-0.69823157787323,-0.18441081047058105,-0.8729321360588074,-0.2499067485332489,-1.0,-0.16729967296123505,-0.37581002712249756,-0.2653731107711792,-0.6590074896812439,-0.35117363929748535,-0.8308014869689941,-0.4254056513309479,-0.9596893787384033,-0.26372361183166504,-0.2969331741333008,-0.38391146063804626,-0.4929209053516388,-0.47171705961227417,-0.6032922267913818,-0.5445972084999084,-0.6917203664779663
swipe_right,0.0,0.0,0.09502247720956802,-0.06418447196483612,0.14767234027385712,-0.11919783055782318,0.1931706666946411,-0.0666746124625206,0.257508784532547,0.018946286290884018,0.07188108563423157,-0.4365912973880768,0.06114913150668144,-0.6834259033203125,0.034274544566869736,-0.8316869139671326,-0.0016769900685176253,-0.9442621469497681,-0.05205777287483215,-0.45933404564857483,-0.11659550666809082,-0.7346513271331787,-0.16660824418067932,-0.8864871263504028,-0.2102430909872055,-0.9863276481628418,-0.16789929568767548,-0.42867547273635864,-0.2605910897254944,-0.7065666913986206,-0.33361807465553284,-0.8754237294197083,-0.39316752552986145,-1.0,-0.2616892158985138,-0.36300209164619446,-0.37799569964408875,-0.5404683351516724,-0.46093055605888367,-0.652454137802124,-0.5242087244987488,-0.7460927367210388
swipe_right,0.0,0.0,-0.12462755292654037,0.01650790125131607,-0.2797532081604004,-0.01352609321475029,-0.41100218892097473,-0.028237365186214447,-0.5051408410072327,-0.027741724625229836,-0.29500624537467957,-0.40349283814430237,-0.4166605770587921,-0.576799750328064,-0.48505809903144836,-0.684872567653656,-0.5354287028312683,-0.778724193572998,-0.21367138624191284,-0.4918767213821411,-0.3134221136569977,-0.7363066077232361,-0.37540414929389954,-0.8920477032661438,-0.42527326941490173,-1.0,-0.11091646552085876,-0.5174131393432617,-0.17706935107707977,-0.7567273378372192,-0.22360052168369293,-0.8935389518737793,-0.2625281810760498,-0.9936806559562683,0.009964469820261002,-0.4992420971393585,0.009059685282409191,-0.6995888352394104,-0.0022054410073906183,-0.8276848196983337,-0.020371155813336372,-0.9373112320899963
swipe_right,0.0,0.0,-0.13988566398620605,0.02169390767812729,-0.30137231945991516,-0.006831916514784098,-0.4317135512828827,-0.029397614300251007,-0.5255370140075684,-0.03213340416550636,-0.31448450684547424,-0.40751269459724426,-0.4379349946975708,-0.5871757864952087,-0.5077120661735535,-0.6943493485450745,-0.561145544052124,-0.7831646800041199,-0.2297336608171463,-0.49535316228866577,-0.3304429054260254,-0.7393626570701599,-0.3917101323604584,-0.893246054649353,-0.44031715393066406,-1.0,-0.12464921176433563,-0.5174366235733032,-0.1855057179927826,-0.743314802646637,-0.22541670501232147,-0.861812949180603,-0.25943243503570557,-0.9436388611793518,-0.004659326747059822,-0.49782612919807434,-0.006732607260346413,-0.6977130770683289,-0.01716732606291771,-0.8246827125549316,-0.03423912078142166,-0.9313642382621765
swipe_right,0.0,0.0,-0.1399601846933365,0.016582878306508064,-0.29619553685188293,-0.02038925513625145,-0.41603073477745056,-0.04714742675423622,-0.5080457329750061,-0.05059688538312912,-0.2959069013595581,-0.4040788412094116,-0.4169517755508423,-0.5747273564338684,-0.48172062635421753,-0.6801442503929138,-0.5326228141784668,-0.774213969707489,-0.21596767008304596,-0.4937050938606262,-0.3129017651081085,-0.7345964908599854,-0.36902666091918945,-0.8877087235450745,-0.41103100776672363,-1.0,-0.11607673764228821,-0.5157607197761536,-0.17370983958244324,-0.7459075450897217,-0.2076302170753479,-0.8847136497497559,-0.23302611708641052,-0.9937663674354553,-0.003149417694658041,-0.4934743046760559,-0.007571745663881302,-0.681039571762085,-0.01822655275464058,-0.8056700825691223,-0.032163701951503754,-0.9176781177520752
swipe_right,0.0,0.0,-0.13842272758483887,0.016170108690857887,-0.2978799045085907,-0.01921897381544113,-0.42288076877593994,-0.04083526134490967,-0.5168357491493225,-0.04962208867073059,-0.3083902597427368,-0.4034557342529297,-0.42977914214134216,-0.5686268210411072,-0.49760687351226807,-0.6729123592376709,-0.5504388809204102,-0.7629349231719971,-0.2303994596004486,-0.49190056324005127,-0.32924309372901917,-0.7215011715888977,-0.38501009345054626,-0.867397665977478,-0.42572546005249023,-0.9741113781929016,-0.12953360378742218,-0.5172966718673706,-0.19518521428108215,-0.7442804574966431,-0.23591120541095734,-0.8860417008399963,-0.26674512028694153,-1.0,-0.014748173765838146,-0.498219758272171,-0.02345241606235504,-0.6808673143386841,-0.03589395061135292,-0.7979037165641785,-0.05109109729528427,-0.9015234708786011
swipe_right,0.0,0.0,-0.15060408413410187,0.01965947076678276,-0.31940576434135437,-0.022982317954301834,-0.44809430837631226,-0.05062921345233917,-0.5484060049057007,-0.060967110097408295,-0.3247681260108948,-0.39595285058021545,-0.4434352219104767,-0.5579902529716492,-0.5119168162345886,-0.6617618203163147,-0.5699600577354431,-0.7528838515281677,-0.2476135790348053,-0.4817863702774048,-0.34241026639938354,-0.7107523083686829,-0.4003353714942932,-0.8530933856964111,-0.4450976550579071,-0.9671818017959595,-0.1488376259803772,-0.5023149251937866,-0.21340903639793396,-0.7368407249450684,-0.2551831901073456,-0.8816817998886108,-0.2896876633167267,-1.0,-0.03835103288292885,-0.4752799868583679,-0.04317280650138855,-0.6580401062965393,-0.05417460948228836,-0.781086266040802,-0.07003122568130493,-0.8933681845664978
swipe_right,0.0,0.0,-0.1475633978843689,0.018874438479542732,-0.311174213886261,-0.015902144834399223,-0.4390404224395752,-0.038335904479026794,-0.5327453017234802,-0.03587713837623596,-0.31603536009788513,-0.3884703516960144,-0.433740496635437,-0.5580467581748962,-0.5004116892814636,-0.6621792316436768,-0.5536919236183167,-0.7500731348991394,-0.2365967184305191,-0.47927403450012207,-0.3338589668273926,-0.7119922637939453,-0.3921477794647217,-0.8618588447570801,-0.4361266493797302,-0.97336345911026,-0.13524675369262695,-0.506830632686615,-0.19762028753757477,-0.7369199395179749,-0.23968930542469025,-0.8844583630561829,-0.27276894450187683,-1.0,-0.019909245893359184,-0.48887938261032104,-0.028298258781433105,-0.671099066734314,-0.038362182676792145,-0.7884853482246399,-0.05210614204406738,-0.8867655992507935
swipe_right,0.0,0.0,-0.12065163254737854,0.004608154296875,-0.26746025681495667,-0.03666430711746216,-0.3886319696903229,-0.05771873891353607,-0.48229140043258667,-0.060808587819337845,-0.27948448061943054,-0.39844775199890137,-0.39224928617477417,-0.5556501746177673,-0.4583543539047241,-0.6560148000717163,-0.5096487998962402,-0.7468292117118835,-0.20361405611038208,-0.4838753640651703,-0.2997252941131592,-0.7152751088142395,-0.35609227418899536,-0.8610537052154541,-0.40644603967666626,-0.9709678292274475,-0.10646210610866547,-0.5079060792922974,-0.178397998213768,-0.7429177165031433,-0.22527262568473816,-0.8862765431404114,-0.2704192101955414,-1.0,0.007340060081332922,-0.4865644574165344,0.008194012567400932,-0.668056845664978,0.0025345853064209223,-0.7823547124862671,-0.01561929751187563,-0.8794379234313965
swipe_right,0.0,0.0,-0.15152238309383392,0.01834210567176342,-0.32018962502479553,-0.024068675935268402,-0.44848042726516724,-0.04986807703971863,-0.5464046001434326,-0.04706421121954918,-0.3294592499732971,-0.3953387141227722,-0.44665491580963135,-0.5552582144737244,-0.5142909288406372,-0.657737135887146,-0.5704419612884521,-0.7476119995117188,-0.2525669038295746,-0.4784994423389435,-0.34646251797676086,-0.703718900680542,-0.40583866834640503,-0.8475419282913208,-0.45250803232192993,-0.959514856338501,-0.15472204983234406,-0.5003737211227417,-0.2243741899728775,-0.7334303259849548,-0.27436885237693787,-0.8822795748710632,-0.3163686692714691,-1.0,-0.04328009486198425,-0.4765056371688843,-0.04854389652609825,-0.6619518995285034,-0.05943235382437706,-0.7841823697090149,-0.07734086364507675,-0.8899945616722107
swipe_right,0.0,0.0,-0.14365793764591217,0.012680593878030777,-0.3015519976615906,-0.02631050907075405,-0.42368683218955994,-0.04589049518108368,-0.5212201476097107,-0.04878159239888191,-0.31111666560173035,-0.39958393573760986,-0.42785531282424927,-0.5583704710006714,-0.4932866096496582,-0.6543356776237488,-0.5478163957595825,-0.7396557927131653,-0.23378817737102509,-0.4812661111354828,-0.32669392228126526,-0.7068154811859131,-0.3845131993293762,-0.8537899255752563,-0.4310149550437927,-0.9674258232116699,-0.13710454106330872,-0.5003770589828491,-0.19659419357776642,-0.739140510559082,-0.239384263753891,-0.8843675255775452,-0.2784661054611206,-1.0,-0.026267072185873985,-0.47558292746543884,-0.023138223215937614,-0.658251941204071,-0.03195345029234886,-0.7786728739738464,-0.05183470621705055,-0.8842228055000305
swipe_right,0.0,0.0,-0.1539909690618515,0.03511694446206093,-0.3266747295856476,0.0023174709640443325,-0.46066075563430786,-0.022484634071588516,-0.5687795877456665,-0.026615755632519722,-0.3458147346973419,-0.37174856662750244,-0.4638170003890991,-0.5354254841804504,-0.5340176820755005,-0.6440688371658325,-0.5923400521278381,-0.7345426678657532,-0.2652931213378906,-0.4556800127029419,-0.3576382100582123,-0.6860442161560059,-0.4240654706954956,-0.8397190570831299,-0.4761519134044647,-0.9632123112678528,-0.16283944249153137,-0.4784145653247833,-0.22447162866592407,-0.7230681777000427,-0.27398672699928284,-0.8774386048316956,-0.31665122509002686,-1.0,-0.0504971481859684,-0.4535714387893677,-0.04550107568502426,-0.6456576585769653,-0.0571650005877018,-0.7714353203773499,-0.07637188583612442,-0.882872998714447
swipe_right,0.0,0.0,-0.15945632755756378,0.03493132442235947,-0.33633744716644287,-0.006033066660165787,-0.46222832798957825,-0.039001233875751495,-0.5641937255859375,-0.051748018711805344,-0.3488665223121643,-0.3840898275375366,-0.46315762400627136,-0.5484146475791931,-0.5332568883895874,-0.6492185592651367,-0.5946254134178162,-0.7349481582641602,-0.2725282907485962,-0.46521052718162537,-0.36873766779899597,-0.6937690377235413,-0.4333800971508026,-0.8369182348251343,-0.4836013615131378,-0.9538881778717041,-0.17392946779727936,-0.48437371850013733,-0.23812340199947357,-0.7265821099281311,-0.28494322299957275,-0.8762589693069458,-0.3249093294143677,-1.0,-0.06557934731245041,-0.4556467533111572,-0.06950903683900833,-0.6415033936500549,-0.08357685804367065,-0.7658323645591736,-0.10244562476873398,-0.8793861865997314
swipe_right,0.0,0.0,-0.27276143431663513,0.23574672639369965,-0.5722168684005737,0.22987237572669983,-0.7855283617973328,0.1893317550420761,-1.0,0.13684314489364624,-0.6043185591697693,-0.3836474120616913,-0.7605374455451965,-0.6537865996360779,-0.8554510474205017,-0.784916341304779,-0.9350094199180603,-0.8659552335739136,-0.48765435814857483,-0.4597402811050415,-0.552663266658783,-0.7136090993881226,-0.6081148982048035,-0.7595093250274658,-0.6449273228645325,-0.764711856842041,-0.3466242551803589,-0.4836747944355011,-0.29924726486206055,-0.5367640256881714,-0.18071264028549194,-0.3301275968551636,-0.10621888935565948,-0.13595546782016754,-0.2215157151222229,-0.4737795889377594,-0.2211494892835617,-0.5163058638572693,-0.15057645738124847,-0.36779388785362244,-0.08167825639247894,-0.21196675300598145
swipe_right,0.0,0.0,-0.23037326335906982,0.018266908824443817,-0.5027235746383667,-0.14293351769447327,-0.6815676689147949,-0.24887573719024658,-0.8141427636146545,-0.2991652488708496,-0.4545466899871826,-0.639377236366272,-0.5970876812934875,-0.9626001715660095,-0.6896563172340393,-0.8136453032493591,-0.6783689856529236,-0.6524019837379456,-0.36548611521720886,-0.6894952654838562,-0.5415056943893433,-1.0,-0.6379358768463135,-0.7751477360725403,-0.6128617525100708,-0.6127325296401978,-0.2578968405723572,-0.6990631222724915,-0.43518704175949097,-0.9003806710243225,-0.5119430422782898,-0.6508505940437317,-0.4703746736049652,-0.4913296103477478,-0.1398317664861679,-0.6764686703681946,-0.31011873483657837,-0.7719995379447937,-0.3607673645019531,-0.5795483589172363,-0.3070508539676666,-0.4418725371360779
swipe_right,0.0,0.0,0.22548335790634155,0.1313219517469406,0.40722692012786865,0.036844395101070404,0.5649491548538208,-0.04211842268705368,0.7105250954627991,-0.14927613735198975,0.2263224869966507,-0.5968546271324158,0.13881772756576538,-0.8601064682006836,0.03218685835599899,-0.969600260257721,-0.08836934715509415,-0.9302200078964233,-0.023150531575083733,-0.6907027363777161,-0.1524398773908615,-0.9130696654319763,-0.26796627044677734,-1.0,-0.39980247616767883,-0.9324905872344971,-0.23082207143306732,-0.5928715467453003,-0.4001498222351074,-0.7863413095474243,-0.5043262839317322,-0.936691403388977,-0.5959388613700867,-0.9912221431732178,-0.3846636414527893,-0.3763982653617859,-0.5863555669784546,-0.4672119915485382,-0.7243348360061646,-0.5140562653541565,-0.8444774150848389,-0.5615754723548889
swipe_right,0.0,0.0,-0.4046345055103302,-0.02116231992840767,-0.675804078578949,-0.12085355818271637,-0.8575897812843323,-0.22076515853405,-1.0,-0.32580211758613586,-0.5578674077987671,-0.9359807372093201,-0.876643180847168,-0.8146805167198181,-0.8026769757270813,-0.5057306289672852,-0.6834877133369446,-0.4689302146434784,-0.42864522337913513,-0.9945894479751587,-0.8155607581138611,-0.8073506951332092,-0.7378243207931519,-0.48231241106987,-0.6080326437950134,-0.47939273715019226,-0.31665095686912537,-0.9304246306419373,-0.6837570667266846,-0.6893312335014343,-0.6023067831993103,-0.39216381311416626,-0.4707121253013611,-0.40905261039733887,-0.22436736524105072,-0.7956542372703552,-0.5141849517822266,-0.5372018814086914,-0.45554599165916443,-0.3386845290660858,-0.33788904547691345,-0.355817586183548
swipe_right,0.0,0.0,-0.41989368200302124,0.02564897947013378,-0.6988703608512878,-0.08544903248548508,-0.8742561936378479,-0.2001762092113495,-1.0,-0.3165305554866791,-0.578576922416687,-0.9030610918998718,-0.8889493346214294,-0.7451639771461487,-0.812859296798706,-0.4446733891963959,-0.6905519366264343,-0.4027726352214813,-0.4524064362049103,-0.9475717544555664,-0.8187366724014282,-0.7212972640991211,-0.7332757711410522,-0.4005187153816223,-0.6007899641990662,-0.39237990975379944,-0.3394243121147156,-0.8822398781776428,-0.695798397064209,-0.5958155393600464,-0.593515157699585,-0.30425596237182617,-0.4537186920642853,-0.3206901252269745,-0.23665131628513336,-0.7422764301300049,-0.5207305550575256,-0.4543529450893402,-0.44385066628456116,-0.2625487148761749,-0.31836992502212524,-0.2830009460449219
swipe_right,0.0,0.0,-0.41498133540153503,-0.02290681190788746,-0.7019854784011841,-0.13955806195735931,-0.8807812929153442,-0.23711153864860535,-1.0,-0.34423837065696716,-0.5622275471687317,-0.9371064305305481,-0.8914867043495178,-0.7335243821144104,-0.7946082353591919,-0.41533616185188293,-0.6697221994400024,-0.37561410665512085,-0.44147494435310364,-0.9795363545417786,-0.8297794461250305,-0.6907334923744202,-0.7140361666679382,-0.3787098824977875,-0.5807226896286011,-0.38125577569007874,-0.3378406763076782,-0.9030568599700928,-0.6964089870452881,-0.5771035552024841,-0.587881863117218,-0.3069635331630707,-0.46228933334350586,-0.3321736454963684,-0.2458644062280655,-0.7569040060043335,-0.5281988978385925,-0.46025022864341736,-0.44899579882621765,-0.2781502604484558,-0.33697688579559326,-0.30584195256233215
swipe_right,0.0,0.0,-0.41296619176864624,-0.02479979209601879,-0.7068918347358704,-0.13973800837993622,-0.8812440633773804,-0.26468536257743835,-0.9318652749061584,-0.36552155017852783,-0.5671449899673462,-0.952845573425293,-0.8747143745422363,-0.7971222400665283,-0.7893334031105042,-0.49154016375541687,-0.6685214638710022,-0.44749894738197327,-0.43283748626708984,-1.0,-0.8108843564987183,-0.746695339679718,-0.7095231413841248,-0.43929243087768555,-0.5766791701316833,-0.43377816677093506,-0.31811293959617615,-0.9261088371276855,-0.6766592264175415,-0.6153537631034851,-0.575542151927948,-0.3428923487663269,-0.44886359572410583,-0.3671979606151581,-0.22409449517726898,-0.7803841233253479,-0.499512255191803,-0.4810473322868347,-0.4236408472061157,-0.2991310656070709,-0.3131731450557709,-0.3328954875469208
swipe_right,0.0,0.0,-0.24674548208713531,-0.04098066687583923,-0.5060833692550659,-0.17744965851306915,-0.6997706294059753,-0.2847454845905304,-0.7999577522277832,-0.3918316662311554,-0.24516908824443817,-0.9876078367233276,-0.6542385816574097,-0.7818456292152405,-0.6256862878799438,-0.4150838553905487,-0.4870627820491791,-0.32784751057624817,-0.10955810546875,-1.0,-0.6154285669326782,-0.6704868674278259,-0.5328529477119446,-0.2977336347103119,-0.36124253273010254,-0.2474616914987564,-0.007515049073845148,-0.90913987159729,-0.4905422627925873,-0.582048237323761,-0.4147462546825409,-0.2306034415960312,-0.24741850793361664,-0.20148590207099915,0.08073638379573822,-0.75323486328125,-0.28784462809562683,-0.4764178395271301,-0.2513008117675781,-0.21372273564338684,-0.12428300082683563,-0.17367534339427948
swipe_right,0.0,0.0,-0.22711831331253052,-0.033907610923051834,-0.41504862904548645,-0.12438258528709412,-0.5355989933013916,-0.17519350349903107,-0.6301025748252869,-0.24131634831428528,-0.42486199736595154,-0.6504856944084167,-0.6191251277923584,-0.8979437351226807,-0.7211980819702148,-0.7787564396858215,-0.7476288080215454,-0.6233870983123779,-0.3112610876560211,-0.7299658060073853,-0.5635056495666504,-1.0,-0.6553590297698975,-0.7870142459869385,-0.6532867550849915,-0.5905283689498901,-0.19394934177398682,-0.7294356226921082,-0.44911623001098633,-0.571664571762085,-0.4052114188671112,-0.290831059217453,-0.2989808917045593,-0.19463254511356354,-0.07789846509695053,-0.6581910848617554,-0.2929772734642029,-0.4467419385910034,-0.25058671832084656,-0.24816948175430298,-0.15645891427993774,-0.20842082798480988
swipe_right,0.0,0.0,-0.15878036618232727,-0.0028202608227729797,-0.3105282187461853,-0.04897789657115936,-0.3662596344947815,-0.09464336186647415,-0.38460540771484375,-0.16589754819869995,-0.419648677110672,-0.4325255751609802,-0.6318660378456116,-0.6646282076835632,-0.7603842616081238,-0.7699013352394104,-0.8618091344833374,-0.8591978549957275,-0.30893024802207947,-0.5257585048675537,-0.4715692698955536,-0.8290311098098755,-0.5980165600776672,-0.9331770539283752,-0.6968358159065247,-1.0,-0.18125030398368835,-0.5427974462509155,-0.32023632526397705,-0.45594900846481323,-0.2772251069545746,-0.20322197675704956,-0.21288807690143585,-0.07075734436511993,-0.05052164942026138,-0.5062727332115173,-0.1852029711008072,-0.3622298240661621,-0.14493724703788757,-0.1932402402162552,-0.08383283019065857,-0.11356843262910843
swipe_right,0.0,0.0,-0.15455621480941772,0.010031679645180702,-0.31877368688583374,-0.042617782950401306,-0.3608052730560303,-0.11589407920837402,-0.3488386869430542,-0.21997076272964478,-0.4131374657154083,-0.4521244466304779,-0.6045550107955933,-0.6810921430587769,-0.7229024767875671,-0.7877072691917419,-0.8174188137054443,-0.8794506192207336,-0.3003280460834503,-0.5448103547096252,-0.44116830825805664,-0.8545681238174438,-0.5598762035369873,-0.9393872618675232,-0.6554950475692749,-1.0,-0.17514784634113312,-0.5597955584526062,-0.3066585958003998,-0.49039965867996216,-0.2662835717201233,-0.24505239725112915,-0.20320060849189758,-0.1325054168701172,-0.04927204176783562,-0.5223156213760376,-0.1826166957616806,-0.39152848720550537,-0.1440030336380005,-0.22828103601932526,-0.08145483583211899,-0.16486583650112152
swipe_right,0.0,0.0,-0.15643611550331116,-0.029177740216255188,-0.3026624321937561,-0.11436474323272705,-0.3506883978843689,-0.17275576293468475,-0.3712432086467743,-0.2693609893321991,-0.34574493765830994,-0.5538607239723206,-0.5482004284858704,-0.7919541001319885,-0.6794543862342834,-0.9049878716468811,-0.7828561067581177,-1.0,-0.2317284345626831,-0.6411216259002686,-0.45025765895843506,-0.8390629291534424,-0.5811057686805725,-0.9074320197105408,-0.691707968711853,-0.9917386770248413,-0.1010584756731987,-0.6400997042655945,-0.2961495518684387,-0.5146540403366089,-0.24492838978767395,-0.23092900216579437,-0.17332299053668976,-0.07580365240573883,0.028007440268993378,-0.5814913511276245,-0.14195454120635986,-0.44763004779815674,-0.10948064923286438,-0.2521386444568634,-0.04195201024413109,-0.1434047371149063
swipe_right,0.0,0.0,-0.1273900270462036,-0.020534029230475426,-0.26292404532432556,-0.12185270339250565,-0.30023184418678284,-0.19960631430149078,-0.26911893486976624,-0.30005887150764465,-0.32345226407051086,-0.46589940786361694,-0.49747052788734436,-0.6803306937217712,-0.6051440834999084,-0.785879373550415,-0.6880881190299988,-0.8830969333648682,-0.2222907692193985,-0.5586592555046082,-0.3904404640197754,-0.8031109571456909,-0.513273298740387,-0.9087474942207336,-0.6140909790992737,-1.0,-0.10603399574756622,-0.5760354995727539,-0.2399560809135437,-0.5066218972206116,-0.20189687609672546,-0.2572936713695526,-0.14704667031764984,-0.126026913523674,0.00861420575529337,-0.5506996512413025,-0.11819494515657425,-0.4452754259109497,-0.08539699763059616,-0.27286839485168457,-0.028174936771392822,-0.1834827959537506
swipe_right,0.0,0.0,-0.15211614966392517,0.016346005722880363,-0.3139715790748596,-0.046459078788757324,-0.3354344666004181,-0.15614978969097137,-0.29034125804901123,-0.30426445603370667,-0.3759097754955292,-0.46916523575782776,-0.5406336188316345,-0.6802626848220825,-0.6422604322433472,-0.7930758595466614,-0.7188230156898499,-0.8948922157287598,-0.27232271432876587,-0.5698476433753967,-0.41741445660591125,-0.8313207626342773,-0.5114205479621887,-0.9226000308990479,-0.5865725874900818,-1.0,-0.15289895236492157,-0.5923492312431335,-0.28648892045021057,-0.5412925481796265,-0.2472468912601471,-0.30385273694992065,-0.18696777522563934,-0.1783147156238556,-0.03325425088405609,-0.5565473437309265,-0.15732821822166443,-0.45168304443359375,-0.12420544028282166,-0.2914685904979706,-0.06487199664115906,-0.21479812264442444
swipe_right,0.0,0.0,-0.1471298187971115,0.002996748546138406,-0.30387187004089355,-0.07410429418087006,-0.33220618963241577,-0.19630080461502075,-0.27865755558013916,-0.3328269124031067,-0.36086776852607727,-0.47533756494522095,-0.5264476537704468,-0.677697479724884,-0.6299992799758911,-0.7838521599769592,-0.7062383890151978,-0.8788015246391296,-0.26153531670570374,-0.5709224939346313,-0.40304312109947205,-0.8335394263267517,-0.5010022521018982,-0.928303599357605,-0.5750238299369812,-1.0,-0.15027779340744019,-0.5887977480888367,-0.2726745009422302,-0.5383288264274597,-0.24404224753379822,-0.3199472427368164,-0.1902947872877121,-0.20456646382808685,-0.04403962939977646,-0.5529839992523193,-0.16587504744529724,-0.460293710231781,-0.13770024478435516,-0.3128674030303955,-0.08217651396989822,-0.24374105036258698
swipe_right,0.0,0.0,-0.1517738550901413,0.005000491626560688,-0.3064444661140442,-0.06472638994455338,-0.34470686316490173,-0.18794657289981842,-0.29633206129074097,-0.328064501285553,-0.3541279435157776,-0.45748814940452576,-0.5067394971847534,-0.6547113060951233,-0.6053928136825562,-0.7701090574264526,-0.6801756620407104,-0.8676391839981079,-0.25976622104644775,-0.5505809783935547,-0.39523476362228394,-0.7841624617576599,-0.4953263998031616,-0.9025471210479736,-0.5734264254570007,-1.0,-0.15562564134597778,-0.5689176321029663,-0.2776051461696625,-0.5275596380233765,-0.2420109510421753,-0.3266412317752838,-0.1844940036535263,-0.22275316715240479,-0.053503699600696564,-0.540314793586731,-0.17155581712722778,-0.4459967613220215,-0.1405867636203766,-0.3045717775821686,-0.08791820704936981,-0.240478053689003
swipe_right,0.0,0.0,-0.18450185656547546,-0.005490237381309271,-0.36736661195755005,-0.11583822220563889,-0.43136894702911377,-0.2674849033355713,-0.4017603099346161,-0.42770063877105713,-0.3804236352443695,-0.5272391438484192,-0.5144052505493164,-0.6924002170562744,-0.6127429008483887,-0.8114922046661377,-0.6816267967224121,-0.9023499488830566,-0.2793019711971283,-0.6250383853912354,-0.4236716330051422,-0.8167697191238403,-0.5213297009468079,-0.9189601540565491,-0.5985453724861145,-1.0,-0.16857340931892395,-0.6681545972824097,-0.3324028551578522,-0.6048765182495117,-0.29171720147132874,-0.38356295228004456,-0.2244081050157547,-0.26762399077415466,-0.054627470672130585,-0.6544723510742188,-0.22042448818683624,-0.5440593361854553,-0.1953369379043579,-0.3726802468299866,-0.13759449124336243,-0.2825189530849457
swipe_right,0.0,0.0,-0.20581364631652832,-0.017990997061133385,-0.40406739711761475,-0.14944395422935486,-0.4627405107021332,-0.3327859938144684,-0.41206133365631104,-0.49135786294937134,-0.40473946928977966,-0.5650187730789185,-0.5428447723388672,-0.7449296116828918,-0.6448490619659424,-0.8570864200592041,-0.7193078398704529,-0.941887378692627,-0.3071289658546448,-0.6581035256385803,-0.46922269463539124,-0.8485866189002991,-0.5854779481887817,-0.9338626265525818,-0.670763373374939,-1.0,-0.1911107301712036,-0.6926135420799255,-0.35776790976524353,-0.6477518677711487,-0.32006627321243286,-0.43155765533447266,-0.25000762939453125,-0.3077036142349243,-0.06597677618265152,-0.6698673367500305,-0.2281181663274765,-0.5715848803520203,-0.208541139960289,-0.40626010298728943,-0.148127019405365,-0.3173214793205261
swipe_right,0.0,0.0,-0.14482355117797852,-0.010943852365016937,-0.2805155813694,-0.14325658977031708,-0.3016315996646881,-0.30608752369880676,-0.24598531424999237,-0.4258703589439392,-0.26770928502082825,-0.47123149037361145,-0.3241472542285919,-0.6989576816558838,-0.3634064495563507,-0.8661512732505798,-0.3872862160205841,-1.0,-0.18027713894844055,-0.5126814842224121,-0.24555909633636475,-0.7109821438789368,-0.29784342646598816,-0.8211371898651123,-0.3315099775791168,-0.9049301743507385,-0.08504197001457214,-0.5148020386695862,-0.18960024416446686,-0.5505668520927429,-0.1994887888431549,-0.3772561848163605,-0.16892899572849274,-0.2575356662273407,0.014522873796522617,-0.4776752293109894,-0.09446661919355392,-0.47912195324897766,-0.10589103400707245,-0.345723956823349,-0.07248251140117645,-0.2559606432914734
swipe_right,0.0,0.0,-0.12677936255931854,0.0002092438517138362,-0.26147326827049255,-0.1169200912117958,-0.27797937393188477,-0.27200552821159363,-0.2162315547466278,-0.39408302307128906,-0.27559569478034973,-0.4258587956428528,-0.3648886978626251,-0.6226401329040527,-0.4275229573249817,-0.7592281103134155,-0.47138896584510803,-0.8629415035247803,-0.18326734006404877,-0.4762246906757355,-0.2418009489774704,-0.7113444209098816,-0.2813127338886261,-0.8671388030052185,-0.30496832728385925,-1.0,-0.08123646676540375,-0.47836118936538696,-0.16897261142730713,-0.5153704881668091,-0.17117808759212494,-0.3360730707645416,-0.14197315275669098,-0.21909712255001068,0.024764129891991615,-0.44208961725234985,-0.07278384268283844,-0.4533316195011139,-0.07669650763273239,-0.3130683898925781,-0.04518049210309982,-0.21785816550254822
swipe_right,0.0,0.0,-0.1165233626961708,0.021006204187870026,-0.2396046221256256,-0.09304430335760117,-0.24870061874389648,-0.24530351161956787,-0.17796508967876434,-0.36300697922706604,-0.26022228598594666,-0.42380639910697937,-0.29492270946502686,-0.6777957677841187,-0.3044717609882355,-0.8503555655479431,-0.30133622884750366,-1.0,-0.16809317469596863,-0.47276827692985535,-0.22267509996891022,-0.7055858969688416,-0.25055068731307983,-0.8605049252510071,-0.2722528576850891,-0.9859535098075867,-0.07168494910001755,-0.47856560349464417,-0.148415207862854,-0.5147019624710083,-0.15190105140209198,-0.340938001871109,-0.13383840024471283,-0.21824736893177032,0.024922966957092285,-0.44761157035827637,-0.053669996559619904,-0.4443492293357849,-0.06491681933403015,-0.29307326674461365,-0.047409817576408386,-0.18372221291065216
swipe_right,0.0,0.0,-0.11547569185495377,-0.006607252173125744,-0.23087377846240997,-0.11366721242666245,-0.2214125245809555,-0.24323494732379913,-0.14421962201595306,-0.3487522602081299,-0.2654881179332733,-0.42201656103134155,-0.3430589735507965,-0.6031426191329956,-0.39624372124671936,-0.7199187874794006,-0.4309803247451782,-0.8155589699745178,-0.17355458438396454,-0.4780665636062622,-0.2021523416042328,-0.7103538513183594,-0.21974609792232513,-0.869758129119873,-0.2281518429517746,-1.0,-0.07573690265417099,-0.47850334644317627,-0.12908868491649628,-0.477590948343277,-0.13106389343738556,-0.30576226115226746,-0.11068883538246155,-0.1860424280166626,0.01817750744521618,-0.43793976306915283,-0.04509124159812927,-0.43093737959861755,-0.05334101617336273,-0.29397302865982056,-0.037566304206848145,-0.19122162461280823
swipe_right,0.0,0.0,-0.11701996624469757,0.011370628140866756,-0.22927209734916687,-0.08640463650226593,-0.21690024435520172,-0.20770218968391418,-0.1473836451768875,-0.31563636660575867,-0.23692870140075684,-0.4378430247306824,-0.24550451338291168,-0.6929720044136047,-0.24056150019168854,-0.8588736653327942,-0.23744839429855347,-1.0,-0.1480947881937027,-0.4672911465167999,-0.19134929776191711,-0.5469599366188049,-0.20325356721878052,-0.44665610790252686,-0.2110116332769394,-0.37106701731681824,-0.057811886072158813,-0.45757219195365906,-0.08809586614370346,-0.4520847201347351,-0.08740950375795364,-0.27419862151145935,-0.07480087131261826,-0.15653365850448608,0.030215607956051826,-0.41316625475883484,-0.01482035219669342,-0.3832629919052124,-0.02689342573285103,-0.23756925761699677,-0.018452642485499382,-0.14193157851696014
swipe_right,0.0,0.0,-0.11486660689115524,0.011511996388435364,-0.22520898282527924,-0.08764059841632843,-0.20668558776378632,-0.20885348320007324,-0.12881731986999512,-0.2963237166404724,-0.22889438271522522,-0.4243408441543579,-0.23645545542240143,-0.6869300007820129,-0.2271316647529602,-0.8534039258956909,-0.22179047763347626,-1.0,-0.141305074095726,-0.4639657437801361,-0.18693217635154724,-0.48139989376068115,-0.18791627883911133,-0.34510084986686707,-0.1833583116531372,-0.27521318197250366,-0.055289577692747116,-0.46222931146621704,-0.09445661306381226,-0.3911549150943756,-0.08952052146196365,-0.2331024706363678,-0.07004273682832718,-0.1601942479610443,0.029090140014886856,-0.42661252617836,-0.017248965799808502,-0.34768709540367126,-0.026728222146630287,-0.2099074274301529,-0.015029370784759521,-0.1422879993915558
swipe_right,0.0,0.0,-0.12040644139051437,0.03823934122920036,-0.24866411089897156,-0.0574190616607666,-0.23365215957164764,-0.2025149017572403,-0.15247410535812378,-0.31757351756095886,-0.2953328788280487,-0.38772234320640564,-0.33511415123939514,-0.6440132260322571,-0.3482459783554077,-0.8166167736053467,-0.35200509428977966,-0.962896466255188,-0.19683708250522614,-0.4577575623989105,-0.23406806588172913,-0.6881049275398254,-0.25592920184135437,-0.8537415862083435,-0.2664375305175781,-1.0,-0.09280852973461151,-0.4718441665172577,-0.12752971053123474,-0.42785388231277466,-0.1292402297258377,-0.2583431303501129,-0.1112876608967781,-0.15395857393741608,0.010838942602276802,-0.4389103651046753,-0.037733957171440125,-0.34685277938842773,-0.04139602929353714,-0.1996806561946869,-0.02141522988677025,-0.11476123332977295
swipe_right,0.0,0.0,-0.11961793899536133,0.030903900042176247,-0.24696575105190277,-0.05978721007704735,-0.24130286276340485,-0.19506597518920898,-0.1619899868965149,-0.3093646764755249,-0.28297752141952515,-0.39293810725212097,-0.297137588262558,-0.6603808403015137,-0.2854965627193451,-0.838494598865509,-0.2720463275909424,-1.0,-0.1891559213399887,-0.4466168284416199,-0.24280734360218048,-0.649713933467865,-0.27156955003738403,-0.789815366268158,-0.290825754404068,-0.9193359613418579,-0.09006085991859436,-0.4536663591861725,-0.13010160624980927,-0.434597373008728,-0.13080689311027527,-0.25779134035110474,-0.11520271748304367,-0.14500398933887482,0.011657735332846642,-0.4173396825790405,-0.0380961149930954,-0.37128016352653503,-0.04562931880354881,-0.21859392523765564,-0.032421521842479706,-0.12403624504804611
swipe_right,0.0,0.0,-0.11949565261602402,0.025360697880387306,-0.2471625655889511,-0.06736426800489426,-0.23549002408981323,-0.20589613914489746,-0.15227064490318298,-0.31360092759132385,-0.2994065284729004,-0.372614324092865,-0.3741350471973419,-0.5454179048538208,-0.41052907705307007,-0.6343798637390137,-0.43055441975593567,-0.7122504115104675,-0.20545370876789093,-0.4436188340187073,-0.24551942944526672,-0.6961374878883362,-0.2710794508457184,-0.8608516454696655,-0.2895411550998688,-1.0,-0.1060384139418602,-0.45406439900398254,-0.13845862448215485,-0.465317964553833,-0.1291472315788269,-0.2854824364185333,-0.10396715253591537,-0.16368509829044342,-0.005162617191672325,-0.41934582591056824,-0.04961950331926346,-0.38545143604278564,-0.05310891196131706,-0.23455163836479187,-0.03687848150730133,-0.12970134615898132
swipe_right,0.0,0.0,-0.11924518644809723,0.025737931951880455,-0.24491651356220245,-0.059890758246183395,-0.2403862029314041,-0.1931854784488678,-0.1713499128818512,-0.31347692012786865,-0.2951606512069702,-0.3815394937992096,-0.38435131311416626,-0.5638766884803772,-0.43595314025878906,-0.6876060962677002,-0.4610718786716461,-0.7892589569091797,-0.20776088535785675,-0.45344895124435425,-0.26895850896835327,-0.6937602162361145,-0.3000533878803253,-0.8615549206733704,-0.3162601590156555,-1.0,-0.11225185543298721,-0.4667825996875763,-0.1676984429359436,-0.47740617394447327,-0.15256863832473755,-0.2975655794143677,-0.1195523589849472,-0.17926768958568573,-0.011260046623647213,-0.43455931544303894,-0.07110326737165451,-0.4095069169998169,-0.07100158929824829,-0.2566472589969635,-0.04881436005234718,-0.152500182390213
swipe_right,0.0,0.0,-0.12115440517663956,0.02230452559888363,-0.24835205078125,-0.0768251121044159,-0.23452892899513245,-0.2203235775232315,-0.15526878833770752,-0.33390355110168457,-0.302125483751297,-0.3918997645378113,-0.3860967755317688,-0.5896427631378174,-0.4379388391971588,-0.7366788387298584,-0.4726313054561615,-0.8575054407119751,-0.20801116526126862,-0.46485161781311035,-0.2507880926132202,-0.6973395347595215,-0.2793286442756653,-0.8607943654060364,-0.30372974276542664,-1.0,-0.10737943649291992,-0.4794033169746399,-0.14128035306930542,-0.46568551659584045,-0.13072942197322845,-0.2903731167316437,-0.10865944623947144,-0.17324259877204895,-0.00878529530018568,-0.44786882400512695,-0.04997995123267174,-0.39709246158599854,-0.053498752415180206,-0.2450087070465088,-0.04057157784700394,-0.14136265218257904
swipe_right,0.0,0.0,-0.11721789091825485,0.026822615414857864,-0.25374695658683777,-0.07001408189535141,-0.24951107800006866,-0.20677554607391357,-0.1684689223766327,-0.316699743270874,-0.30268552899360657,-0.3843955397605896,-0.3895723521709442,-0.5478115677833557,-0.43774276971817017,-0.643887996673584,-0.46422895789146423,-0.7341985106468201,-0.2127041220664978,-0.46508464217185974,-0.26708367466926575,-0.7015488743782043,-0.3001026511192322,-0.8595768213272095,-0.32084426283836365,-1.0,-0.1138324961066246,-0.48970693349838257,-0.17377835512161255,-0.4871860444545746,-0.16555649042129517,-0.30316397547721863,-0.13788016140460968,-0.18393805623054504,-0.012059757485985756,-0.4674358665943146,-0.08086677640676498,-0.4284387528896332,-0.07977133244276047,-0.2700122892856598,-0.05350951850414276,-0.1628584861755371
swipe_right,0.0,0.0,-0.11859608441591263,0.022161336615681648,-0.25401636958122253,-0.06937684118747711,-0.24935677647590637,-0.2065589278936386,-0.1711907833814621,-0.3194706439971924,-0.30611956119537354,-0.3842981457710266,-0.39734169840812683,-0.5461017489433289,-0.4492373466491699,-0.6254979968070984,-0.4778173863887787,-0.6989242434501648,-0.21801814436912537,-0.4560692310333252,-0.2834571599960327,-0.70169997215271,-0.31832683086395264,-0.8613677620887756,-0.33920103311538696,-1.0,-0.11934360861778259,-0.4730755686759949,-0.18373022973537445,-0.49001044034957886,-0.17002935707569122,-0.305397093296051,-0.13631895184516907,-0.1849038004875183,-0.014053970575332642,-0.44687339663505554,-0.08517531305551529,-0.4354519844055176,-0.08628789335489273,-0.27566683292388916,-0.06333895027637482,-0.16344310343265533
swipe_right,0.0,0.0,-0.11454041302204132,0.027979720383882523,-0.2508118152618408,-0.058655716478824615,-0.2544701099395752,-0.19873854517936707,-0.1865164041519165,-0.32153716683387756,-0.3142564296722412,-0.3867761492729187,-0.42898428440093994,-0.582109808921814,-0.5020838975906372,-0.7025678157806396,-0.5544453859329224,-0.7975147366523743,-0.22530817985534668,-0.45735418796539307,-0.28790387511253357,-0.7190037965774536,-0.31798315048217773,-0.8720585703849792,-0.33659976720809937,-1.0,-0.1258641630411148,-0.4731088876724243,-0.19448010623455048,-0.5031400918960571,-0.1834133416414261,-0.3215482532978058,-0.15060439705848694,-0.19992956519126892,-0.022801969200372696,-0.44539475440979004,-0.09648172557353973,-0.41831174492836,-0.0959361270070076,-0.2621428370475769,-0.06858566403388977,-0.15658526122570038
swipe_right,0.0,0.0,-0.1188325509428978,0.037797097116708755,-0.25659671425819397,-0.049530141055583954,-0.2625378370285034,-0.1928263157606125,-0.19563622772693634,-0.3218744695186615,-0.325809508562088,-0.3747732639312744,-0.43762990832328796,-0.5748009085655212,-0.5093504786491394,-0.7011301517486572,-0.5593954920768738,-0.8016700148582458,-0.2368922084569931,-0.445636123418808,-0.3057333827018738,-0.7068233489990234,-0.3393438160419464,-0.8652077317237854,-0.3613610863685608,-1.0,-0.13800254464149475,-0.46255818009376526,-0.20982475578784943,-0.5213013291358948,-0.19557391107082367,-0.32914215326309204,-0.158210888504982,-0.20189328491687775,-0.029631435871124268,-0.4391278624534607,-0.10623124241828918,-0.4302273094654083,-0.1068168357014656,-0.26478123664855957,-0.07855845987796783,-0.15486016869544983
swipe_right,0.0,0.0,-0.14137673377990723,0.012104912661015987,-0.29017311334609985,-0.08091341704130173,-0.31316909193992615,-0.22648932039737701,-0.24907195568084717,-0.36801522970199585,-0.3496290147304535,-0.41191020607948303,-0.4864867627620697,-0.5946994423866272,-0.5770678520202637,-0.7338129281997681,-0.6319947242736816,-0.8543619513511658,-0.26020878553390503,-0.5020595788955688,-0.35951024293899536,-0.7462814450263977,-0.40832623839378357,-0.8791505694389343,-0.4380234479904175,-1.0,-0.15165601670742035,-0.5327956676483154,-0.25746777653694153,-0.5845701694488525,-0.2457796186208725,-0.36445075273513794,-0.20243744552135468,-0.22698715329170227,-0.03350666165351868,-0.5106521248817444,-0.1370657980442047,-0.48188772797584534,-0.1347944438457489,-0.307182252407074,-0.09545425325632095,-0.2035178691148758
swipe_right,0.0,0.0,-0.21851913630962372,0.014706517569720745,-0.4619601368904114,-0.11920642107725143,-0.5096598267555237,-0.36228683590888977,-0.43022242188453674,-0.5691608190536499,-0.5617110133171082,-0.5768082737922668,-0.7660287618637085,-0.7315777540206909,-0.9014922380447388,-0.828513503074646,-1.0,-0.9347046613693237,-0.4436718225479126,-0.702051043510437,-0.6285649538040161,-0.8136880993843079,-0.6426841020584106,-0.6648927330970764,-0.6406750082969666,-0.5969709753990173,-0.3046344220638275,-0.7724671363830566,-0.4533989131450653,-0.7635871767997742,-0.3928939402103424,-0.4606175124645233,-0.3119250237941742,-0.3075316846370697,-0.14470523595809937,-0.789365291595459,-0.2743113338947296,-0.7190989851951599,-0.2519975006580353,-0.4696509540081024,-0.19724316895008087,-0.34191620349884033
swipe_right,0.0,0.0,-0.28611814975738525,-0.013862145133316517,-0.5829823017120361,-0.17153899371623993,-0.6420766711235046,-0.4605477750301361,-0.5348989367485046,-0.7155648469924927,-0.6385385990142822,-0.7474512457847595,-0.8554376363754272,-0.8608207106590271,-0.90269935131073,-0.7054823040962219,-0.8991494178771973,-0.646117627620697,-0.49777498841285706,-0.8854246735572815,-0.7098461389541626,-1.0,-0.6777992844581604,-0.7013248205184937,-0.6231986284255981,-0.5332939028739929,-0.3361278772354126,-0.9675500988960266,-0.5383304953575134,-0.9915857315063477,-0.4768441915512085,-0.6076432466506958,-0.38705721497535706,-0.39028242230415344,-0.14910034835338593,-0.9867051243782043,-0.3430139720439911,-0.9373261332511902,-0.32006317377090454,-0.6379926800727844,-0.25213104486465454,-0.4688549041748047
swipe_right,0.0,0.0,-0.22155146300792694,0.046904802322387695,-0.4857463836669922,-0.09164754301309586,-0.540702760219574,-0.361082524061203,-0.44549083709716797,-0.5902104377746582,-0.5824402570724487,-0.5345717668533325,-0.7803003787994385,-0.7010444402694702,-0.910336434841156,-0.8036653399467468,-1.0,-0.9030489921569824,-0.46123644709587097,-0.6809433102607727,-0.6524913311004639,-0.8453319072723389,-0.7494928240776062,-0.8557955026626587,-0.8213025331497192,-0.897716224193573,-0.3122462332248688,-0.771486222743988,-0.4749108552932739,-0.8098598122596741,-0.419615775346756,-0.4984070658683777,-0.33258533477783203,-0.30563870072364807,-0.13928978145122528,-0.8097970485687256,-0.27849501371383667,-0.7595657110214233,-0.262702614068985,-0.4921543598175049,-0.2035057544708252,-0.3200509250164032
swipe_right,0.0,0.0,-0.28462573885917664,0.061814818531274796,-0.6078881025314331,-0.10714102536439896,-0.6640715599060059,-0.4415746033191681,-0.5347561836242676,-0.7176162004470825,-0.6944466829299927,-0.7165416479110718,-0.885759711265564,-0.81589674949646,-0.893454372882843,-0.670113742351532,-0.8694255948066711,-0.5962305068969727,-0.5493015646934509,-0.8865614533424377,-0.7649374008178711,-0.9723848700523376,-0.7726951837539673,-0.7724476456642151,-0.7625994682312012,-0.6659283638000488,-0.37288805842399597,-0.9791345596313477,-0.5621389746665955,-0.9691391587257385,-0.4923267960548401,-0.5931463837623596,-0.4014855623245239,-0.3759898543357849,-0.16358913481235504,-1.0,-0.34111228585243225,-0.9123443365097046,-0.3228418529033661,-0.5858567953109741,-0.26169610023498535,-0.3912140130996704
swipe_right,0.0,0.0,-0.14074689149856567,0.0032536371145397425,-0.28594112396240234,-0.08656346797943115,-0.3196301758289337,-0.23734000325202942,-0.25246870517730713,-0.3675280511379242,-0.3282858431339264,-0.4240929186344147,-0.44786176085472107,-0.6180486679077148,-0.5329427123069763,-0.7639620304107666,-0.5854119658470154,-0.8829599618911743,-0.24240300059318542,-0.508015513420105,-0.3458709418773651,-0.729540228843689,-0.4205044209957123,-0.8782905340194702,-0.4783342778682709,-1.0,-0.1435866504907608,-0.5376647710800171,-0.26021337509155273,-0.5651251673698425,-0.24752409756183624,-0.35659074783325195,-0.20810982584953308,-0.22314605116844177,-0.0351579524576664,-0.5236772298812866,-0.1495484560728073,-0.4882310628890991,-0.14783310890197754,-0.3231425881385803,-0.11333326995372772,-0.21598266065120697
swipe_right,0.0,0.0,-0.08346139639616013,-0.1832437515258789,-0.2505539059638977,-0.3380192518234253,-0.43187740445137024,-0.3516784906387329,-0.5638362765312195,-0.31138312816619873,-0.23079128563404083,-0.5142374634742737,-0.38076621294021606,-0.7191320657730103,-0.4861699044704437,-0.8660232424736023,-0.5635650753974915,-1.0,-0.2273085117340088,-0.43242594599723816,-0.44345709681510925,-0.543958306312561,-0.5267460942268372,-0.542156457901001,-0.569838285446167,-0.5632311105728149,-0.23187412321567535,-0.28760117292404175,-0.49017608165740967,-0.2709813117980957,-0.4953993856906891,-0.13861902058124542,-0.45087119936943054,-0.07237912714481354,-0.2445068657398224,-0.10810549557209015,-0.45878729224205017,-0.08910010010004044,-0.4552397131919861,-0.01405135914683342,-0.41112807393074036,0.02607654221355915
swipe_right,0.0,0.0,0.05583859980106354,-0.19532442092895508,-0.0012912314850836992,-0.3819829225540161,-0.11139506101608276,-0.43418294191360474,-0.20972229540348053,-0.4358470141887665,-0.0559573695063591,-0.49478569626808167,-0.060169123113155365,-0.730368435382843,-0.07354889810085297,-0.8815262913703918,-0.08783666789531708,-1.0,-0.16504713892936707,-0.43501585721969604,-0.25720450282096863,-0.676315188407898,-0.32451874017715454,-0.8155178427696228,-0.38371655344963074,-0.920002818107605,-0.24567817151546478,-0.33487677574157715,-0.27485957741737366,-0.4669830799102783,-0.20826435089111328,-0.40237921476364136,-0.1642693430185318,-0.34510645270347595,-0.29948690533638,-0.21737101674079895,-0.28876540064811707,-0.31367430090904236,-0.23350921273231506,-0.2673310339450836,-0.1986813098192215,-0.22541776299476624
swipe_right,0.0,0.0,0.06021790951490402,-0.19680461287498474,0.01162775605916977,-0.3783879280090332,-0.09164129942655563,-0.42700421810150146,-0.19044296443462372,-0.43273982405662537,-0.05655260384082794,-0.5242475867271423,-0.05107073485851288,-0.7472577691078186,-0.05466067045927048,-0.8880298137664795,-0.06307926774024963,-1.0,-0.1686498373746872,-0.462340384721756,-0.2432374805212021,-0.6868436932563782,-0.2986772358417511,-0.8245787024497986,-0.35204845666885376,-0.9328673481941223,-0.24680070579051971,-0.35827016830444336,-0.2594703435897827,-0.483447790145874,-0.19588790833950043,-0.421042263507843,-0.1601332277059555,-0.3677999675273895,-0.2977886497974396,-0.23718693852424622,-0.2737973630428314,-0.3304359018802643,-0.22059732675552368,-0.28566107153892517,-0.19002120196819305,-0.24201060831546783
swipe_right,0.0,0.0,0.05840451642870903,-0.19853931665420532,0.010583327151834965,-0.3899683356285095,-0.09250251203775406,-0.4509086012840271,-0.19111771881580353,-0.4623143672943115,-0.0475059375166893,-0.5101006627082825,-0.04193586856126785,-0.7474864721298218,-0.04761729761958122,-0.8894745111465454,-0.052863627672195435,-1.0,-0.1600896120071411,-0.45243313908576965,-0.22706864774227142,-0.6863352060317993,-0.281844824552536,-0.8320409655570984,-0.32809439301490784,-0.9347907900810242,-0.24064025282859802,-0.35722795128822327,-0.2560523748397827,-0.49755480885505676,-0.20045827329158783,-0.44177913665771484,-0.16656801104545593,-0.38109996914863586,-0.2963663935661316,-0.24769441783428192,-0.2753691077232361,-0.34604412317276,-0.22707109153270721,-0.30439677834510803,-0.19839529693126678,-0.2619754672050476
swipe_right,0.0,0.0,0.07001984119415283,-0.20121212303638458,0.036903269588947296,-0.3916052281856537,-0.05371370166540146,-0.46770983934402466,-0.1393214464187622,-0.47934478521347046,-0.05372098833322525,-0.5022572875022888,-0.04092862457036972,-0.7428653836250305,-0.03742111474275589,-0.886059582233429,-0.042122580111026764,-1.0,-0.16597886383533478,-0.45795997977256775,-0.23467585444450378,-0.6979764103889465,-0.28444674611091614,-0.8415542244911194,-0.3370182514190674,-0.9520072340965271,-0.24039889872074127,-0.37220966815948486,-0.22371257841587067,-0.49478787183761597,-0.15664300322532654,-0.4465790390968323,-0.12328891456127167,-0.3967868387699127,-0.28714892268180847,-0.26987576484680176,-0.24274832010269165,-0.36696839332580566,-0.19006392359733582,-0.33251771330833435,-0.16389018297195435,-0.28964295983314514
swipe_right,0.0,0.0,0.06764142960309982,-0.19034768640995026,0.032807424664497375,-0.37997767329216003,-0.057623907923698425,-0.45907336473464966,-0.1424759477376938,-0.486462265253067,-0.0458938367664814,-0.4970608651638031,-0.03798932954668999,-0.7373431921005249,-0.03963050618767738,-0.8834072351455688,-0.04253086820244789,-1.0,-0.1571488082408905,-0.4469101130962372,-0.2359658032655716,-0.696222186088562,-0.280989408493042,-0.8403508067131042,-0.3224257230758667,-0.9445106387138367,-0.23295779526233673,-0.3574465215206146,-0.2391761988401413,-0.5157840251922607,-0.16879552602767944,-0.46739518642425537,-0.12988236546516418,-0.4107718765735626,-0.2807077467441559,-0.25450628995895386,-0.2522563338279724,-0.3648534119129181,-0.19933760166168213,-0.3243994116783142,-0.16997820138931274,-0.2784592807292938
swipe_right,0.0,0.0,0.06202186271548271,-0.1989021748304367,0.027155201882123947,-0.3822968602180481,-0.04808316379785538,-0.46994104981422424,-0.12867769598960876,-0.4901040494441986,-0.08120854943990707,-0.5102587938308716,-0.0889395996928215,-0.7307898998260498,-0.09249898791313171,-0.8845779299736023,-0.10043419897556305,-1.0,-0.18883366882801056,-0.44686010479927063,-0.2047896385192871,-0.6067306995391846,-0.1430031806230545,-0.5450359582901001,-0.10306047648191452,-0.46865609288215637,-0.25684377551078796,-0.34802016615867615,-0.23830409348011017,-0.47625666856765747,-0.1859036535024643,-0.42848333716392517,-0.16515862941741943,-0.3702905476093292,-0.29998406767845154,-0.24402625858783722,-0.2717997133731842,-0.3565022349357605,-0.2258325219154358,-0.32557815313339233,-0.20773251354694366,-0.2864695191383362
swipe_right,0.0,0.0,0.0507875420153141,-0.23165176808834076,-0.008811870589852333,-0.44171807169914246,-0.1193467229604721,-0.5188755393028259,-0.21261800825595856,-0.5084977149963379,-0.09298104047775269,-0.4506586194038391,-0.12235046923160553,-0.7080909013748169,-0.14129658043384552,-0.8757597208023071,-0.15865884721279144,-1.0,-0.2048010230064392,-0.3729647397994995,-0.24829116463661194,-0.5830175876617432,-0.19617602229118347,-0.5720831751823425,-0.15300199389457703,-0.5072417259216309,-0.2765670120716095,-0.2861934006214142,-0.280196875333786,-0.4697427749633789,-0.22754259407520294,-0.4493303894996643,-0.20282787084579468,-0.3873731195926666,-0.3206885755062103,-0.2074417620897293,-0.3103563189506531,-0.36809003353118896,-0.2615634799003601,-0.3470486104488373,-0.2431463897228241,-0.29418736696243286
swipe_right,0.0,0.0,-0.12488149851560593,-0.20692524313926697,-0.2983996570110321,-0.3860682249069214,-0.44677889347076416,-0.4933503568172455,-0.5796797275543213,-0.5251289010047913,-0.324192076921463,-0.483744353055954,-0.5040042996406555,-0.7051296830177307,-0.6289533376693726,-0.8544318675994873,-0.7329444885253906,-0.98231440782547,-0.3549579977989197,-0.4487849175930023,-0.5992375016212463,-0.6853972673416138,-0.7651202082633972,-0.8537177443504333,-0.9018214344978333,-0.9891523718833923,-0.3745257556438446,-0.34622183442115784,-0.6540307402610779,-0.5302923321723938,-0.8469783663749695,-0.600877046585083,-1.0,-0.6487584114074707,-0.38854795694351196,-0.1881513148546219,-0.614785373210907,-0.2222435027360916,-0.7633254528045654,-0.2186780422925949,-0.8913016319274902,-0.20425060391426086
swipe_right,0.0,0.0,0.0006348212482407689,-0.12031465768814087,-0.09270253777503967,-0.31351080536842346,-0.20836250483989716,-0.45193803310394287,-0.3102363348007202,-0.5399336218833923,-0.11397270858287811,-0.3999931216239929,-0.16967079043388367,-0.6336588263511658,-0.2323428839445114,-0.759547233581543,-0.28794702887535095,-0.8498756289482117,-0.17443209886550903,-0.3994893729686737,-0.30355405807495117,-0.6889392733573914,-0.4179789125919342,-0.8698993921279907,-0.5139783620834351,-1.0,-0.23190084099769592,-0.35785648226737976,-0.3861831724643707,-0.6465727686882019,-0.5286127328872681,-0.8278751373291016,-0.6521844267845154,-0.9620827436447144,-0.2750007212162018,-0.2822349965572357,-0.4359462261199951,-0.44450974464416504,-0.5707864761352539,-0.5552495121955872,-0.6868869662284851,-0.6423450112342834
swipe_right,0.0,0.0,-0.17339876294136047,0.06539154052734375,-0.37566298246383667,0.05917217954993248,-0.5276522636413574,0.07591261714696884,-0.6453280448913574,0.09689728170633316,-0.4417945444583893,-0.34034672379493713,-0.5776581764221191,-0.45664194226264954,-0.6330212354660034,-0.5007935166358948,-0.6704113483428955,-0.5273997783660889,-0.3617410659790039,-0.46174609661102295,-0.4954230487346649,-0.6761918067932129,-0.586763858795166,-0.7947917580604553,-0.6566967964172363,-0.8785336017608643,-0.2447100281715393,-0.5182053446769714,-0.3454992473125458,-0.7737107872962952,-0.41249880194664,-0.9032182097434998,-0.46762993931770325,-1.0,-0.10778149217367172,-0.517874002456665,-0.1261419802904129,-0.7313117384910583,-0.14825667440891266,-0.8594064712524414,-0.17846950888633728,-0.966777503490448
swipe_right,0.0,0.0,-0.18691386282444,0.0616617389023304,-0.39206522703170776,0.04373374208807945,-0.5479876399040222,0.056001823395490646,-0.666364848613739,0.09117608517408371,-0.4542042315006256,-0.3331071138381958,-0.6234704852104187,-0.4595114290714264,-0.7161951065063477,-0.5437477827072144,-0.7841516733169556,-0.6083787083625793,-0.37470805644989014,-0.4537762701511383,-0.5345459580421448,-0.6620151996612549,-0.6337695717811584,-0.7928322553634644,-0.7093059420585632,-0.8950225114822388,-0.25997281074523926,-0.5134570002555847,-0.35906070470809937,-0.7574470639228821,-0.42872175574302673,-0.8941743969917297,-0.49095144867897034,-1.0,-0.12651818990707397,-0.5153319835662842,-0.14537517726421356,-0.7198845744132996,-0.17430731654167175,-0.8503856658935547,-0.21352215111255646,-0.9621394872665405
swipe_right,0.0,0.0,-0.19005592167377472,0.08466077595949173,-0.3968266546726227,0.10183276981115341,-0.5561137795448303,0.13479503989219666,-0.6793404221534729,0.18622194230556488,-0.47939833998680115,-0.3005944490432739,-0.6466161012649536,-0.40901821851730347,-0.7521691918373108,-0.4860152006149292,-0.8376557230949402,-0.5505594611167908,-0.4035392105579376,-0.43368616700172424,-0.5537474155426025,-0.630832850933075,-0.6516168713569641,-0.7584990859031677,-0.7274625301361084,-0.8663801550865173,-0.2892354130744934,-0.5041651129722595,-0.3939588963985443,-0.7422066330909729,-0.4637438654899597,-0.8812766075134277,-0.5274868607521057,-0.9958451390266418,-0.15417443215847015,-0.5194323062896729,-0.17798593640327454,-0.7412893176078796,-0.204763263463974,-0.8798640966415405,-0.2439134269952774,-1.0
swipe_right,0.0,0.0,-0.1749161332845688,0.09234676510095596,-0.3710874319076538,0.12117499113082886,-0.5375180244445801,0.16491088271141052,-0.6545934677124023,0.22194111347198486,-0.464168518781662,-0.2911502718925476,-0.6366754770278931,-0.38277825713157654,-0.7416166663169861,-0.4541948139667511,-0.8285708427429199,-0.5129059553146362,-0.392838716506958,-0.43542227149009705,-0.5408341884613037,-0.6250073313713074,-0.6358386874198914,-0.7487893104553223,-0.7117359042167664,-0.8548052310943604,-0.28016912937164307,-0.5146805047988892,-0.37444326281547546,-0.7287546396255493,-0.44211509823799133,-0.864231526851654,-0.5033972263336182,-0.9793468713760376,-0.14626112580299377,-0.5412377715110779,-0.17291167378425598,-0.7491947412490845,-0.19810137152671814,-0.8836816549301147,-0.23035311698913574,-1.0
swipe_right,0.0,0.0,-0.16365934908390045,0.0881170853972435,-0.36180242896080017,0.10000844299793243,-0.5120720863342285,0.1381966918706894,-0.6213756203651428,0.18273387849330902,-0.4399273991584778,-0.29392576217651367,-0.5966200232505798,-0.38174277544021606,-0.6914353966712952,-0.43918901681900024,-0.7704988121986389,-0.48610055446624756,-0.36930620670318604,-0.43163537979125977,-0.5069308876991272,-0.6114736795425415,-0.5921162366867065,-0.7189911603927612,-0.6618009209632874,-0.8054602146148682,-0.26285460591316223,-0.5107214450836182,-0.3525201380252838,-0.7178868651390076,-0.4043511152267456,-0.8403353691101074,-0.4523833692073822,-0.9428716897964478,-0.13969829678535461,-0.540158748626709,-0.17773912847042084,-0.7495499849319458,-0.1965322494506836,-0.8828734159469604,-0.219787135720253,-1.0
swipe_right,0.0,0.0,-0.1719006448984146,0.08669580519199371,-0.3710808753967285,0.10200382769107819,-0.5215722918510437,0.1353248655796051,-0.6328408718109131,0.17424196004867554,-0.44788822531700134,-0.3020039498806,-0.607443630695343,-0.39520561695098877,-0.7062538266181946,-0.45517486333847046,-0.7880931496620178,-0.5039207935333252,-0.37171024084091187,-0.4421842694282532,-0.5104660987854004,-0.6189977526664734,-0.602188766002655,-0.7304448485374451,-0.6762657761573792,-0.8201124668121338,-0.2622951567173004,-0.5218361020088196,-0.3545761704444885,-0.7234249114990234,-0.4167654514312744,-0.8398909568786621,-0.4749731123447418,-0.9361690282821655,-0.1365220695734024,-0.5513686537742615,-0.1704786866903305,-0.7573524713516235,-0.18983572721481323,-0.8872285485267639,-0.2150549292564392,-1.0
swipe_right,0.0,0.0,-0.18810003995895386,0.07702219486236572,-0.3925306499004364,0.09595518559217453,-0.547248363494873,0.13466884195804596,-0.6592257618904114,0.19525298476219177,-0.45617032051086426,-0.28398892283439636,-0.6082301139831543,-0.3856474757194519,-0.706261396408081,-0.4545222520828247,-0.789467990398407,-0.51237553358078,-0.38267502188682556,-0.4260157346725464,-0.5211776494979858,-0.6116312742233276,-0.6129506230354309,-0.7320899963378906,-0.6871097683906555,-0.8354166746139526,-0.2759439945220947,-0.507305383682251,-0.36962392926216125,-0.7115012407302856,-0.4280492663383484,-0.8339817523956299,-0.48133260011672974,-0.937619149684906,-0.15299907326698303,-0.5378713011741638,-0.18094857037067413,-0.7456468939781189,-0.19575127959251404,-0.880560040473938,-0.2172394096851349,-1.0
swipe_right,0.0,0.0,-0.19386853277683258,0.08248887956142426,-0.40078043937683105,0.083614781498909,-0.5574098825454712,0.08953657001256943,-0.6718378663063049,0.11917071044445038,-0.4628797471523285,-0.31812021136283875,-0.6121182441711426,-0.42988598346710205,-0.7047188878059387,-0.5056268572807312,-0.7850990295410156,-0.5703873634338379,-0.385466605424881,-0.4543406367301941,-0.5222280025482178,-0.6402576565742493,-0.6150269508361816,-0.7607246041297913,-0.6915481686592102,-0.8668583631515503,-0.27513614296913147,-0.5224891901016235,-0.37058666348457336,-0.7320086359977722,-0.43572092056274414,-0.8634620904922485,-0.4935513734817505,-0.9801321029663086,-0.14623776078224182,-0.5391833782196045,-0.18162596225738525,-0.7416204810142517,-0.2108299285173416,-0.8747243285179138,-0.2463589459657669,-1.0
swipe_right,0.0,0.0,-0.20157894492149353,0.07016453146934509,-0.4094553589820862,0.054188214242458344,-0.5634015798568726,0.05057556927204132,-0.6754405498504639,0.07348255068063736,-0.45918044447898865,-0.3578232526779175,-0.6152803897857666,-0.49442315101623535,-0.7122527360916138,-0.571666955947876,-0.7940500974655151,-0.6314637064933777,-0.3765484094619751,-0.480974942445755,-0.5126451253890991,-0.6821050047874451,-0.6149031519889832,-0.8008849620819092,-0.7000460624694824,-0.8982090353965759,-0.2656969130039215,-0.540431797504425,-0.36848196387290955,-0.7612606287002563,-0.4495132863521576,-0.8910811543464661,-0.5197356343269348,-1.0,-0.1365983635187149,-0.5465755462646484,-0.18356969952583313,-0.7517834901809692,-0.2269742786884308,-0.8785969018936157,-0.2740490138530731,-0.9904796481132507
swipe_right,0.0,0.0,-0.005379578564316034,-0.30972591042518616,-0.07809705287218094,-0.6035333871841431,-0.15257415175437927,-0.834482729434967,-0.1726568639278412,-1.0,-0.39329782128334045,-0.49488914012908936,-0.3342472016811371,-0.5228955745697021,-0.24886497855186462,-0.45523104071617126,-0.21760421991348267,-0.3983505964279175,-0.44755861163139343,-0.3033899962902069,-0.3747002184391022,-0.34719955921173096,-0.29483211040496826,-0.3137047588825226,-0.26122617721557617,-0.2666343152523041,-0.4489407241344452,-0.1288987249135971,-0.3876953125,-0.1829068660736084,-0.3154011070728302,-0.1675465852022171,-0.2769995331764221,-0.1278204321861267,-0.4343457520008087,0.01508660614490509,-0.3793381452560425,-0.03559243306517601,-0.3092520534992218,-0.031856462359428406,-0.2679331600666046,-0.012910989113152027
swipe_right,0.0,0.0,-0.003553135320544243,-0.3220439553260803,-0.07472053170204163,-0.6135650277137756,-0.13648627698421478,-0.8450670838356018,-0.16024091839790344,-1.0,-0.3863787353038788,-0.5046250820159912,-0.32277148962020874,-0.549166202545166,-0.2365904301404953,-0.49187734723091125,-0.2008683830499649,-0.43717649579048157,-0.44088196754455566,-0.30755749344825745,-0.3617512881755829,-0.37549981474876404,-0.28450077772140503,-0.3403868079185486,-0.2542676031589508,-0.28730401396751404,-0.4401123523712158,-0.12834957242012024,-0.3833898901939392,-0.2080545276403427,-0.31420138478279114,-0.19225122034549713,-0.27477994561195374,-0.14517201483249664,-0.42215749621391296,0.017757227644324303,-0.3790164291858673,-0.05590706318616867,-0.3102741837501526,-0.05479089170694351,-0.26473259925842285,-0.031191682443022728
swipe_right,0.0,0.0,-0.0036845908034592867,-0.31152552366256714,-0.07120606303215027,-0.6153842210769653,-0.13590963184833527,-0.8425581455230713,-0.1578182429075241,-1.0,-0.3985934555530548,-0.5094423890113831,-0.33441320061683655,-0.4999838173389435,-0.25194451212882996,-0.4421771764755249,-0.22125394642353058,-0.3994804918766022,-0.4538886547088623,-0.3038879930973053,-0.368310809135437,-0.3068642318248749,-0.2896389365196228,-0.2733108103275299,-0.26091012358665466,-0.2351076751947403,-0.45053815841674805,-0.11503704637289047,-0.38186946511268616,-0.13250324130058289,-0.30780309438705444,-0.1215137392282486,-0.2684350311756134,-0.09677332639694214,-0.4330432713031769,0.04732703045010567,-0.3731969892978668,0.027978146448731422,-0.29849734902381897,0.02223016694188118,-0.25264501571655273,0.023076139390468597
swipe_right,0.0,0.0,-0.004975626710802317,-0.3116413652896881,-0.07161153852939606,-0.6024208068847656,-0.12997475266456604,-0.8300957679748535,-0.14831869304180145,-1.0,-0.38943564891815186,-0.5004726648330688,-0.3213367164134979,-0.5133589506149292,-0.23579153418540955,-0.44701719284057617,-0.2036348134279251,-0.39330315589904785,-0.44584205746650696,-0.3007076382637024,-0.3621811866760254,-0.3140873312950134,-0.2816370129585266,-0.27628105878829956,-0.2513083815574646,-0.23397678136825562,-0.44443246722221375,-0.11455556005239487,-0.37256863713264465,-0.13616205751895905,-0.29758694767951965,-0.12673069536685944,-0.25954076647758484,-0.0997321754693985,-0.42746424674987793,0.04124655947089195,-0.35941964387893677,0.019141022115945816,-0.2844647169113159,0.014454349875450134,-0.24037867784500122,0.018996072933077812
swipe_right,0.0,0.0,0.0031052951235324144,-0.29836639761924744,-0.071834035217762,-0.6043713688850403,-0.12806443870067596,-0.8327145576477051,-0.12601149082183838,-1.0,-0.3606036901473999,-0.5217825174331665,-0.3100756108760834,-0.494451105594635,-0.23752787709236145,-0.4366007149219513,-0.20744182169437408,-0.400259792804718,-0.4162748456001282,-0.3326091170310974,-0.3317182958126068,-0.31425413489341736,-0.2623492181301117,-0.28172603249549866,-0.23290689289569855,-0.24906332790851593,-0.420405775308609,-0.150617778301239,-0.35026922821998596,-0.1425803005695343,-0.28184810280799866,-0.13613395392894745,-0.24378441274166107,-0.11796298623085022,-0.409790575504303,0.004021031316369772,-0.34720247983932495,0.0008408050634898245,-0.2738053500652313,-0.004491642117500305,-0.22837090492248535,-0.0031046580988913774
swipe_right,0.0,0.0,-0.025359075516462326,-0.310080349445343,-0.10034797340631485,-0.6063762307167053,-0.15877613425254822,-0.833602249622345,-0.16799648106098175,-1.0,-0.4231940805912018,-0.5113658308982849,-0.3701480031013489,-0.47359031438827515,-0.2857937812805176,-0.41011661291122437,-0.24710199236869812,-0.36965540051460266,-0.48295652866363525,-0.31174948811531067,-0.4074803590774536,-0.2885341942310333,-0.3270224928855896,-0.25283342599868774,-0.2863341271877289,-0.22262650728225708,-0.489960640668869,-0.12112173438072205,-0.42622220516204834,-0.11155695468187332,-0.348253458738327,-0.10017788410186768,-0.29763925075531006,-0.08134400099515915,-0.4806170165538788,0.046710483729839325,-0.4210797846317291,0.04380306228995323,-0.34329938888549805,0.042424123734235764,-0.29534465074539185,0.04116898775100708
swipe_right,0.0,0.0,-0.008276320062577724,-0.298868328332901,-0.07492140680551529,-0.5925687551498413,-0.13169249892234802,-0.8248103857040405,-0.1416625678539276,-1.0,-0.3687494993209839,-0.49743038415908813,-0.322133332490921,-0.4848097562789917,-0.24403026700019836,-0.418797105550766,-0.20928138494491577,-0.37049728631973267,-0.4273933172225952,-0.31021809577941895,-0.35503241419792175,-0.3076118528842926,-0.28158316016197205,-0.27123355865478516,-0.24356094002723694,-0.23424264788627625,-0.4373871684074402,-0.13251516222953796,-0.3699527680873871,-0.14008240401744843,-0.29968172311782837,-0.12476560473442078,-0.2539849281311035,-0.09722539782524109,-0.4325997233390808,0.02054508775472641,-0.3694174885749817,0.0043927268125116825,-0.2993374764919281,0.008081737905740738,-0.2539309561252594,0.018136000260710716
swipe_right,0.0,0.0,-0.0021143381018191576,-0.29786017537117004,-0.06719817966222763,-0.5943109393119812,-0.12780913710594177,-0.8271501064300537,-0.13821712136268616,-1.0,-0.3645647466182709,-0.5050221085548401,-0.31175491213798523,-0.4914192259311676,-0.23378336429595947,-0.4280674159526825,-0.20399022102355957,-0.3826275169849396,-0.4246205687522888,-0.31361693143844604,-0.349819540977478,-0.3195952773094177,-0.2782977223396301,-0.2855176627635956,-0.25000888109207153,-0.2473607063293457,-0.43373897671699524,-0.13160766661167145,-0.3668578267097473,-0.1482304483652115,-0.2981025278568268,-0.1338321566581726,-0.2604784667491913,-0.10303443670272827,-0.4276410639286041,0.02513083629310131,-0.3662564158439636,0.00011066050501540303,-0.2971459627151489,0.000616428442299366,-0.2572373151779175,0.013140966184437275
swipe_right,0.0,0.0,-0.0042022885754704475,-0.3117774426937103,-0.0701393336057663,-0.6022853255271912,-0.13222748041152954,-0.8354148864746094,-0.14849701523780823,-1.0,-0.37813130021095276,-0.5000011920928955,-0.3428884446620941,-0.5157949328422546,-0.2543589472770691,-0.45646610856056213,-0.20823834836483002,-0.40258368849754333,-0.4411293864250183,-0.3061208128929138,-0.3835922181606293,-0.33464255928993225,-0.3057743310928345,-0.3024105131626129,-0.2640416622161865,-0.2583672106266022,-0.4528491199016571,-0.125303253531456,-0.4019801616668701,-0.1673700213432312,-0.32744845747947693,-0.15548400580883026,-0.27606111764907837,-0.11822749674320221,-0.4481816291809082,0.031956516206264496,-0.39922207593917847,-0.009481677785515785,-0.326101154088974,-0.009798558428883553,-0.27532362937927246,0.006397313438355923
swipe_right,0.0,0.0,-0.012245479971170425,-0.3249891996383667,-0.0779838040471077,-0.6129041314125061,-0.13234558701515198,-0.8396626114845276,-0.14735282957553864,-1.0,-0.405458927154541,-0.5133967399597168,-0.3388459384441376,-0.5453578233718872,-0.2489120364189148,-0.48100829124450684,-0.21354971826076508,-0.4213602840900421,-0.46800240874290466,-0.31635910272598267,-0.38948366045951843,-0.36638954281806946,-0.3101520240306854,-0.32731813192367554,-0.27932021021842957,-0.273663729429245,-0.47700345516204834,-0.12977154552936554,-0.4140089154243469,-0.18459300696849823,-0.33934497833251953,-0.16516849398612976,-0.29854723811149597,-0.11745638400316238,-0.4677073657512665,0.03206246346235275,-0.41426703333854675,-0.022623352706432343,-0.34336671233177185,-0.01808750070631504,-0.3014664649963379,0.004353388212621212
swipe_right,0.0,0.0,-0.01733950339257717,-0.2983595132827759,-0.08977334946393967,-0.6052915453910828,-0.14594168961048126,-0.8419155478477478,-0.15313047170639038,-1.0,-0.4066200256347656,-0.517033040523529,-0.373730331659317,-0.48100754618644714,-0.29296284914016724,-0.41007670760154724,-0.25403690338134766,-0.3681512176990509,-0.46923452615737915,-0.3196171820163727,-0.4090737998485565,-0.2990979254245758,-0.328908771276474,-0.2621954083442688,-0.28354987502098083,-0.2307109534740448,-0.4810705780982971,-0.12846222519874573,-0.423319935798645,-0.12178404629230499,-0.3479806184768677,-0.10573949664831161,-0.29615387320518494,-0.08268887549638748,-0.47754260897636414,0.03742517530918121,-0.42305949330329895,0.033853400498628616,-0.3498549163341522,0.03720448538661003,-0.30319681763648987,0.03982509300112724
swipe_right,0.0,0.0,0.07549237459897995,-0.43545085191726685,-0.0036964418832212687,-0.8103415369987488,-0.11849778145551682,-0.9730224609375,-0.18080849945545197,-1.0,-0.3054356575012207,-0.8152413368225098,-0.29692140221595764,-0.8006753921508789,-0.19129487872123718,-0.7102106809616089,-0.11717439442873001,-0.6326135396957397,-0.4123461842536926,-0.5567137598991394,-0.35536572337150574,-0.5232580304145813,-0.2387724220752716,-0.4874038100242615,-0.15885142982006073,-0.4529414176940918,-0.4574938714504242,-0.2930458188056946,-0.38688695430755615,-0.2980542480945587,-0.28221166133880615,-0.3010104298591614,-0.20327512919902802,-0.29087477922439575,-0.4654788076877594,-0.07261110097169876,-0.39194709062576294,-0.09941979497671127,-0.2947140336036682,-0.11949776858091354,-0.22876869142055511,-0.11750893294811249
swipe_right,0.0,0.0,0.12660975754261017,-0.42313075065612793,0.07622043043375015,-0.7834530472755432,-0.05385269597172737,-0.9519268870353699,-0.16706746816635132,-1.0,-0.1932397037744522,-0.9462684392929077,-0.18740813434123993,-0.9908381700515747,-0.10807327926158905,-0.8781834840774536,-0.04791603237390518,-0.7722777724266052,-0.36448851227760315,-0.7176523208618164,-0.32455578446388245,-0.7143080830574036,-0.21473592519760132,-0.6302272081375122,-0.1287444829940796,-0.557873010635376,-0.4634428024291992,-0.4506664276123047,-0.3678511083126068,-0.4281104505062103,-0.2657267153263092,-0.3940363824367523,-0.19675354659557343,-0.3665938377380371,-0.5018327832221985,-0.20144186913967133,-0.37654221057891846,-0.1661873608827591,-0.2797485888004303,-0.1550963819026947,-0.2237931340932846,-0.15424372255802155
swipe_right,0.0,0.0,-0.0093387421220541,-0.3188772201538086,-0.07953482866287231,-0.6291918158531189,-0.15864421427249908,-0.8592583537101746,-0.1925472915172577,-1.0,-0.4104832112789154,-0.5340704321861267,-0.3757482171058655,-0.5322873592376709,-0.29210516810417175,-0.4601150155067444,-0.2526208460330963,-0.41084903478622437,-0.4748392403125763,-0.33053889870643616,-0.41908928751945496,-0.3468623757362366,-0.34006476402282715,-0.3091055154800415,-0.3009878695011139,-0.27028366923332214,-0.483924001455307,-0.14173176884651184,-0.4289087951183319,-0.16964980959892273,-0.3546448349952698,-0.1521618813276291,-0.30778223276138306,-0.12027996778488159,-0.4763055145740509,0.016865981742739677,-0.4241158664226532,-0.01750984601676464,-0.35272863507270813,-0.010697889141738415,-0.3083566725254059,0.003740045242011547
swipe_right,0.0,0.0,0.011606074869632721,-0.30365556478500366,-0.05144822224974632,-0.6137002110481262,-0.11442338675260544,-0.8466079831123352,-0.1402057409286499,-1.0,-0.3424473702907562,-0.5565021634101868,-0.3150785565376282,-0.5241909623146057,-0.24331043660640717,-0.4548209309577942,-0.20846804976463318,-0.4151487946510315,-0.4067819118499756,-0.3663468658924103,-0.34344545006752014,-0.35140183568000793,-0.2711651623249054,-0.3178858757019043,-0.23262950778007507,-0.2858690917491913,-0.4188161790370941,-0.17818763852119446,-0.35687318444252014,-0.18900007009506226,-0.2886910140514374,-0.1773388534784317,-0.2451804131269455,-0.15412959456443787,-0.4113892614841461,-0.021993055939674377,-0.3488510549068451,-0.043497662991285324,-0.27797505259513855,-0.04448641836643219,-0.23193420469760895,-0.03731371462345123
swipe_right,0.0,0.0,0.009177972562611103,-0.31489256024360657,-0.05323885753750801,-0.6300904154777527,-0.1196485161781311,-0.8567633032798767,-0.1516146957874298,-1.0,-0.3702569007873535,-0.5697610974311829,-0.32555559277534485,-0.5559762716293335,-0.24815306067466736,-0.47946396470069885,-0.21607716381549835,-0.42902711033821106,-0.43835991621017456,-0.3778926432132721,-0.3672858476638794,-0.3693827986717224,-0.2903824746608734,-0.3267723619937897,-0.2558189928531647,-0.28835687041282654,-0.44996851682662964,-0.19001832604408264,-0.38229790329933167,-0.19517453014850616,-0.3099835216999054,-0.1814669817686081,-0.26980796456336975,-0.15326331555843353,-0.44251054525375366,-0.032353635877370834,-0.37450459599494934,-0.04929478093981743,-0.3016517758369446,-0.04549751803278923,-0.2589472234249115,-0.03616214916110039
swipe_right,0.0,0.0,0.016523757949471474,-0.31044313311576843,-0.06301058083772659,-0.6185657978057861,-0.12491986900568008,-0.8418159484863281,-0.13047614693641663,-1.0,-0.3471817672252655,-0.5497829914093018,-0.31745585799217224,-0.5492376685142517,-0.24289420247077942,-0.473378449678421,-0.21532097458839417,-0.42319244146347046,-0.4165946841239929,-0.3659180998802185,-0.3531053066253662,-0.36646658182144165,-0.2836259603500366,-0.32221630215644836,-0.26338666677474976,-0.28282177448272705,-0.43148043751716614,-0.1831120252609253,-0.3669428825378418,-0.1957305669784546,-0.30230847001075745,-0.17592670023441315,-0.2793908715248108,-0.14695622026920319,-0.4259584844112396,-0.026876939460635185,-0.3619382381439209,-0.04766543209552765,-0.2970827519893646,-0.03892853111028671,-0.27057766914367676,-0.022826943546533585
swipe_right,0.0,0.0,0.026964468881487846,-0.30878645181655884,-0.0480710044503212,-0.6159519553184509,-0.11742550879716873,-0.8378364443778992,-0.13366752862930298,-1.0,-0.33739402890205383,-0.560791015625,-0.3066138029098511,-0.5486290454864502,-0.22953177988529205,-0.4765673577785492,-0.19691087305545807,-0.4314129650592804,-0.4084676206111908,-0.36851757764816284,-0.3372727930545807,-0.35841840505599976,-0.2608049511909485,-0.32305699586868286,-0.23109550774097443,-0.2914712131023407,-0.42156848311424255,-0.18104499578475952,-0.3473934233188629,-0.18942956626415253,-0.27877041697502136,-0.1782892644405365,-0.24879370629787445,-0.16119347512722015,-0.4133918583393097,-0.026619408279657364,-0.33596906065940857,-0.04897361993789673,-0.2669348418712616,-0.04736260324716568,-0.23321014642715454,-0.03889000043272972
swipe_right,0.0,0.0,-0.0464896485209465,-0.36065053939819336,-0.15153349936008453,-0.6960574388504028,-0.2705903947353363,-0.9267597198486328,-0.3583042621612549,-1.0,-0.5026829838752747,-0.6171610355377197,-0.6703019142150879,-0.6228667497634888,-0.5984598994255066,-0.5520631074905396,-0.5033065676689148,-0.5196651220321655,-0.591400682926178,-0.3887619376182556,-0.7634608745574951,-0.43357908725738525,-0.686384379863739,-0.38222548365592957,-0.5842484831809998,-0.35183587670326233,-0.6212626099586487,-0.15264347195625305,-0.7985436320304871,-0.20191575586795807,-0.719864547252655,-0.1735338419675827,-0.6094959378242493,-0.1528082937002182,-0.610858142375946,0.07188629359006882,-0.7362759113311768,0.03403855115175247,-0.6682517528533936,0.041497521102428436,-0.5810486674308777,0.04391725733876228
swipe_right,0.0,0.0,-0.04037375748157501,-0.35208550095558167,-0.1568056344985962,-0.6909666657447815,-0.2948199212551117,-0.9227140545845032,-0.41090381145477295,-1.0,-0.47857505083084106,-0.6158112287521362,-0.7293763160705566,-0.6570098996162415,-0.6730212569236755,-0.5684683918952942,-0.5719588398933411,-0.5263680219650269,-0.561648428440094,-0.4059141278266907,-0.8303731679916382,-0.47620490193367004,-0.7649630308151245,-0.40026596188545227,-0.6590262651443481,-0.3652641475200653,-0.5959497094154358,-0.18194016814231873,-0.8518238067626953,-0.2437201589345932,-0.7789345979690552,-0.2040570229291916,-0.672511637210846,-0.17934221029281616,-0.585399866104126,0.042158957570791245,-0.7882484197616577,-0.014527950435876846,-0.7326821684837341,0.006864110939204693,-0.6458470821380615,0.017509741708636284
swipe_right,0.0,0.0,0.04448553919792175,-0.19707438349723816,-0.00839534867554903,-0.3886457681655884,-0.10270391404628754,-0.535860538482666,-0.18767139315605164,-0.6161321401596069,-0.06497567147016525,-0.477836549282074,-0.2026652991771698,-0.7106643915176392,-0.3056645095348358,-0.861309826374054,-0.38987666368484497,-0.9626452922821045,-0.1402561068534851,-0.46980616450309753,-0.2827439606189728,-0.7253011465072632,-0.38073834776878357,-0.8850306868553162,-0.4555758535861969,-1.0,-0.21059691905975342,-0.42623525857925415,-0.34092792868614197,-0.6877772808074951,-0.43433481454849243,-0.8321547508239746,-0.5066636204719543,-0.9414904117584229,-0.27050068974494934,-0.35187435150146484,-0.3765813708305359,-0.5130583047866821,-0.45793506503105164,-0.6125861406326294,-0.5277879238128662,-0.6876940727233887
swipe_right,0.0,0.0,0.05893364176154137,-0.17817649245262146,0.01606612838804722,-0.3704947829246521,-0.0716375857591629,-0.5185824036598206,-0.15878666937351227,-0.597411036491394,-0.02224765717983246,-0.44669196009635925,-0.12175219506025314,-0.700507402420044,-0.19579240679740906,-0.8239138126373291,-0.25815349817276,-0.9085102081298828,-0.10782863199710846,-0.4293802082538605,-0.22548246383666992,-0.7166553139686584,-0.31297531723976135,-0.8856659531593323,-0.3815334439277649,-1.0,-0.18945400416851044,-0.38546696305274963,-0.31326693296432495,-0.6715805530548096,-0.4062715470790863,-0.8288254737854004,-0.4784693419933319,-0.9430195093154907,-0.2623467445373535,-0.3210843503475189,-0.3831368386745453,-0.5053730607032776,-0.47113028168678284,-0.6059809923171997,-0.5420979857444763,-0.6827436089515686
swipe_right,0.0,0.0,0.032123174518346786,-0.026955751702189445,-0.02803257293999195,-0.08194373548030853,-0.1501176655292511,-0.10655058175325394,-0.25712278485298157,-0.14437086880207062,-0.03665465861558914,-0.38605353236198425,-0.12544336915016174,-0.639789342880249,-0.20165911316871643,-0.7772820591926575,-0.2724875211715698,-0.8780350685119629,-0.1071709468960762,-0.41790029406547546,-0.2132454365491867,-0.7064344882965088,-0.295704185962677,-0.8788037300109863,-0.36262747645378113,-1.0,-0.17425048351287842,-0.4134935140609741,-0.28689298033714294,-0.6913821697235107,-0.3759830594062805,-0.8442599773406982,-0.450660765171051,-0.9603713750839233,-0.23405788838863373,-0.3820750415325165,-0.3423282504081726,-0.5552911162376404,-0.4264221787452698,-0.648922324180603,-0.4982417821884155,-0.7170132398605347
swipe_right,0.0,0.0,0.050489358603954315,-0.2262340784072876,0.0013996547786518931,-0.4505872130393982,-0.10457252711057663,-0.596178412437439,-0.21158690750598907,-0.6437776684761047,-0.008594803512096405,-0.49179643392562866,-0.1525973081588745,-0.7212547063827515,-0.2497752457857132,-0.8245368003845215,-0.32213878631591797,-0.9060155153274536,-0.08941551297903061,-0.452842652797699,-0.23608127236366272,-0.7179626226425171,-0.3374636173248291,-0.876757025718689,-0.41179168224334717,-1.0,-0.17786720395088196,-0.3871203660964966,-0.30512234568595886,-0.6656138300895691,-0.40263500809669495,-0.8378844261169434,-0.4780968129634857,-0.9778209924697876,-0.26764559745788574,-0.30366042256355286,-0.4047163724899292,-0.49326813220977783,-0.5030490756034851,-0.5974037647247314,-0.5849785804748535,-0.6846369504928589
swipe_right,0.0,0.0,0.06384417414665222,-0.2204412966966629,0.012884625233709812,-0.4284183084964752,-0.09619782119989395,-0.573236346244812,-0.2027323693037033,-0.6405055522918701,0.0064314682967960835,-0.4868711829185486,-0.10445518046617508,-0.7156155109405518,-0.19430799782276154,-0.8265626430511475,-0.2637353539466858,-0.9007919430732727,-0.09928371757268906,-0.4491109848022461,-0.22666200995445251,-0.7125953435897827,-0.32207638025283813,-0.8794364333152771,-0.39886921644210815,-1.0,-0.2071341872215271,-0.37755629420280457,-0.348017156124115,-0.6506953239440918,-0.4418871998786926,-0.8078399896621704,-0.5158381462097168,-0.9357884526252747,-0.3020368814468384,-0.28070685267448425,-0.4371189773082733,-0.46908584237098694,-0.5291317701339722,-0.5650696754455566,-0.6076372861862183,-0.6455345153808594
swipe_right,0.0,0.0,0.053877294063568115,-0.17168645560741425,-0.0012181776110082865,-0.3550880253314972,-0.12001825124025345,-0.47454574704170227,-0.23376992344856262,-0.5275154113769531,-0.006857965141534805,-0.46889054775238037,-0.114659383893013,-0.6931151151657104,-0.1994093656539917,-0.8019971251487732,-0.2688215970993042,-0.8740996718406677,-0.10734260827302933,-0.4453592002391815,-0.22721759974956512,-0.7122824192047119,-0.3194362223148346,-0.8794220685958862,-0.3959518074989319,-1.0,-0.20972125232219696,-0.39059120416641235,-0.34343573451042175,-0.6630553007125854,-0.44146522879600525,-0.8154726624488831,-0.5203250646591187,-0.935108482837677,-0.3019077181816101,-0.31337907910346985,-0.4342188239097595,-0.5025209784507751,-0.5313370227813721,-0.5998782515525818,-0.6129952669143677,-0.6780527830123901
swipe_right,0.0,0.0,-0.16026441752910614,0.1033114343881607,-0.3246508240699768,0.11788908392190933,-0.46540558338165283,0.10877980291843414,-0.5641427636146545,0.09089719504117966,-0.3361598253250122,-0.29533857107162476,-0.48943987488746643,-0.4922547936439514,-0.5823935866355896,-0.5950914025306702,-0.656475305557251,-0.6771959662437439,-0.24879956245422363,-0.4345007538795471,-0.3832504153251648,-0.689145028591156,-0.47466379404067993,-0.8415762782096863,-0.5418864488601685,-0.9562633037567139,-0.15432578325271606,-0.5058727264404297,-0.25758451223373413,-0.7556667923927307,-0.3610394299030304,-0.8977559804916382,-0.4408155381679535,-1.0,-0.05770723894238472,-0.5300324559211731,-0.1287502646446228,-0.7175348401069641,-0.20487579703330994,-0.8021595478057861,-0.26880571246147156,-0.8501765131950378
swipe_right,0.0,0.0,-0.023251848295331,-0.127988800406456,-0.12268546968698502,-0.29901406168937683,-0.2552180290222168,-0.3937093913555145,-0.3569759130477905,-0.4131309390068054,-0.14163166284561157,-0.44157761335372925,-0.2718142569065094,-0.6302042007446289,-0.3543199598789215,-0.7021929621696472,-0.4136429727077484,-0.7580776810646057,-0.1835646778345108,-0.47049927711486816,-0.3370985686779022,-0.7428641319274902,-0.44271090626716614,-0.8908266425132751,-0.522142231464386,-0.9997342228889465,-0.21942588686943054,-0.44854193925857544,-0.35515210032463074,-0.7198368906974792,-0.4627973437309265,-0.875007152557373,-0.5455040335655212,-1.0,-0.24759982526302338,-0.3832845389842987,-0.39424949884414673,-0.546080470085144,-0.5023259520530701,-0.6202321648597717,-0.589691162109375,-0.6758358478546143
swipe_right,0.0,0.0,-0.17116574943065643,0.0842357650399208,-0.336349755525589,0.10115206241607666,-0.4813999533653259,0.11133161932229996,-0.573885440826416,0.11984036862850189,-0.35846516489982605,-0.29122433066368103,-0.5169209837913513,-0.4524279832839966,-0.6056481599807739,-0.5439397096633911,-0.6718194484710693,-0.6162987351417542,-0.2713158130645752,-0.43552929162979126,-0.42592236399650574,-0.6556720733642578,-0.5158183574676514,-0.792269229888916,-0.5804516673088074,-0.8997578024864197,-0.17420849204063416,-0.5204159617424011,-0.29093143343925476,-0.7469810843467712,-0.3698556423187256,-0.8862362504005432,-0.4328124225139618,-1.0,-0.06896649301052094,-0.5648378729820251,-0.13008937239646912,-0.7584291696548462,-0.17346149682998657,-0.842770516872406,-0.2090352177619934,-0.897961437702179
swipe_right,0.0,0.0,-0.1619640439748764,0.06987382471561432,-0.34154212474823,0.04299744591116905,-0.479930579662323,0.03279639035463333,-0.5856245160102844,0.054140713065862656,-0.3714662492275238,-0.3619379699230194,-0.5036099553108215,-0.4933462142944336,-0.5914220213890076,-0.5786724090576172,-0.6699785590171814,-0.6462250351905823,-0.2965434491634369,-0.46826982498168945,-0.40313005447387695,-0.6806855201721191,-0.4929370582103729,-0.809281051158905,-0.5718052387237549,-0.9086265563964844,-0.19871804118156433,-0.516631007194519,-0.2740899920463562,-0.749424934387207,-0.3437232971191406,-0.888443112373352,-0.4082028269767761,-1.0,-0.09258206933736801,-0.5159749388694763,-0.11213212460279465,-0.7280502319335938,-0.1389392614364624,-0.8611063361167908,-0.1731380820274353,-0.9727798700332642
swipe_right,0.0,0.0,-0.16485151648521423,0.07284437865018845,-0.36105939745903015,0.04582242667675018,-0.5114544630050659,0.03188538923859596,-0.6219704151153564,0.05529417470097542,-0.4100496470928192,-0.35210466384887695,-0.5494168400764465,-0.4826579988002777,-0.6377458572387695,-0.5689221024513245,-0.7128869295120239,-0.6358765363693237,-0.341898649930954,-0.4657188057899475,-0.45189017057418823,-0.6775320172309875,-0.5334047079086304,-0.8123820424079895,-0.6038860082626343,-0.9120805263519287,-0.24420572817325592,-0.5231745839118958,-0.3304446041584015,-0.7480233311653137,-0.39547473192214966,-0.8889564871788025,-0.4554581642150879,-1.0,-0.1319902539253235,-0.5308218002319336,-0.1556669920682907,-0.7333278059959412,-0.1843249797821045,-0.8596358299255371,-0.2192000299692154,-0.9618759155273438
swipe_right,0.0,0.0,-0.18083536624908447,0.06247367337346077,-0.37418580055236816,0.03536011651158333,-0.5190480351448059,0.021800028160214424,-0.6301271915435791,0.043339405208826065,-0.4180494248867035,-0.3663828372955322,-0.5620474219322205,-0.4996177852153778,-0.653087317943573,-0.5805836915969849,-0.7350677847862244,-0.6445352435112,-0.34136760234832764,-0.4736954867839813,-0.450133740901947,-0.6869673132896423,-0.5344437956809998,-0.8172650337219238,-0.6093288064002991,-0.9129067659378052,-0.23902271687984467,-0.5238152146339417,-0.3171637952327728,-0.7502490878105164,-0.38281217217445374,-0.8909945487976074,-0.4453519582748413,-1.0,-0.1249997690320015,-0.5269752144813538,-0.14356175065040588,-0.7318013310432434,-0.17109441757202148,-0.8607754707336426,-0.20811660587787628,-0.9658125638961792
swipe_right,0.0,0.0,-0.18482208251953125,0.06101849302649498,-0.3840382397174835,0.0314885675907135,-0.5300916433334351,0.01775258593261242,-0.6406492590904236,0.04628293961286545,-0.42257052659988403,-0.3744552433490753,-0.5674451589584351,-0.5037788152694702,-0.657750129699707,-0.5840897560119629,-0.7383481860160828,-0.6495348215103149,-0.3451497256755829,-0.4860241413116455,-0.4535669982433319,-0.6980222463607788,-0.5385653376579285,-0.8280860781669617,-0.6133925914764404,-0.9232872128486633,-0.24403665959835052,-0.5379588007926941,-0.3243470788002014,-0.7600370049476624,-0.3913266658782959,-0.8954403400421143,-0.4546240270137787,-1.0,-0.13126727938652039,-0.539835512638092,-0.14710237085819244,-0.7395864725112915,-0.173390194773674,-0.8648732304573059,-0.21001778542995453,-0.9661529064178467
swipe_right,0.0,0.0,-0.16777044534683228,0.05928875133395195,-0.35984185338020325,0.030442113056778908,-0.5071682333946228,0.02671745792031288,-0.6211903691291809,0.05214233696460724,-0.40143731236457825,-0.3720489740371704,-0.5396609306335449,-0.5032134056091309,-0.6306433081626892,-0.5807717442512512,-0.7113761305809021,-0.6381628513336182,-0.3277848958969116,-0.47248023748397827,-0.4391947090625763,-0.6843338012695312,-0.522931694984436,-0.810771107673645,-0.5972128510475159,-0.9032125473022461,-0.22723789513111115,-0.5165215730667114,-0.30471640825271606,-0.7496130466461182,-0.36916521191596985,-0.8882995247840881,-0.431760311126709,-1.0,-0.11502329260110855,-0.5103418231010437,-0.13573090732097626,-0.7183511853218079,-0.16501930356025696,-0.8486712574958801,-0.20430605113506317,-0.957919716835022
swipe_right,0.0,0.0,-0.172398179769516,0.0744442492723465,-0.37072551250457764,0.051780205219984055,-0.5165600180625916,0.042692020535469055,-0.6325559616088867,0.06565546244382858,-0.42725926637649536,-0.3693152070045471,-0.5700085163116455,-0.5035531520843506,-0.6637887358665466,-0.5823876261711121,-0.746749222278595,-0.6403427720069885,-0.35804226994514465,-0.48075005412101746,-0.47036686539649963,-0.6982095837593079,-0.5543103814125061,-0.8263377547264099,-0.6248921155929565,-0.918549656867981,-0.2589230537414551,-0.5365616679191589,-0.35031548142433167,-0.7566770315170288,-0.4164606034755707,-0.8922816514968872,-0.4768848121166229,-1.0,-0.14436288177967072,-0.5432115793228149,-0.1706588715314865,-0.7435969114303589,-0.20281295478343964,-0.8686264157295227,-0.24389109015464783,-0.9707055687904358
swipe_right,0.0,0.0,0.059495002031326294,-0.16704197227954865,0.03391815349459648,-0.3755553960800171,0.0237202700227499,-0.5065996050834656,0.02961040288209915,-0.6288472414016724,-0.16490641236305237,-0.5446619391441345,-0.2577727735042572,-0.7396010756492615,-0.2328089326620102,-0.8936572074890137,-0.17921704053878784,-1.0,-0.2004469931125641,-0.5202838182449341,-0.30312076210975647,-0.7451619505882263,-0.2550646960735321,-0.9082375168800354,-0.18029288947582245,-0.9995294213294983,-0.21742495894432068,-0.4785652458667755,-0.31414100527763367,-0.6949014067649841,-0.257784366607666,-0.8499785661697388,-0.18042351305484772,-0.9362753033638,-0.21694210171699524,-0.41651099920272827,-0.2903572618961334,-0.583551824092865,-0.24769502878189087,-0.6886057257652283,-0.18163271248340607,-0.7451799511909485
swipe_right,0.0,0.0,0.052308667451143265,-0.16867271065711975,0.012773197144269943,-0.3494108319282532,-0.005372489336878061,-0.4693727493286133,0.003339448245242238,-0.5840564370155334,-0.16295038163661957,-0.5146458745002747,-0.2428264319896698,-0.691231369972229,-0.26044362783432007,-0.8343197703361511,-0.2551743984222412,-0.9487239718437195,-0.196126326918602,-0.5056299567222595,-0.2829204201698303,-0.7091094255447388,-0.2784058451652527,-0.874056875705719,-0.2488420456647873,-1.0,-0.21435114741325378,-0.47278299927711487,-0.29597461223602295,-0.6709502935409546,-0.28694725036621094,-0.8259221315383911,-0.256491094827652,-0.9451716542243958,-0.21285688877105713,-0.41453370451927185,-0.27734342217445374,-0.5615653991699219,-0.27553635835647583,-0.677226722240448,-0.25376957654953003,-0.7729946970939636
swipe_right,0.0,0.0,-0.07768870890140533,-0.2527322471141815,-0.18319138884544373,-0.502738893032074,-0.28681033849716187,-0.747730553150177,-0.3362272083759308,-1.0,-0.06018749997019768,-0.2460012584924698,-0.18601004779338837,-0.27396541833877563,-0.32766270637512207,-0.3135037124156952,-0.47309014201164246,-0.36136046051979065,-0.10249263793230057,0.035319097340106964,-0.26878881454467773,0.009655741974711418,-0.4521673321723938,-0.044140711426734924,-0.5967938899993896,-0.0756070613861084,-0.1398497223854065,0.26584529876708984,-0.32805243134498596,0.25962769985198975,-0.5072784423828125,0.19810043275356293,-0.6469273567199707,0.14890924096107483,-0.19112582504749298,0.42697715759277344,-0.33932989835739136,0.46265944838523865,-0.4852115511894226,0.4621317982673645,-0.5936167240142822,0.4498014450073242
swipe_right,0.0,0.0,-0.013545922003686428,-0.38539910316467285,0.08356725424528122,-0.6935354471206665,0.18582287430763245,-0.875664234161377,0.2746344208717346,-1.0,0.5113648772239685,-0.49528026580810547,0.7018084526062012,-0.6384825110435486,0.7172183990478516,-0.7508729100227356,0.6639451384544373,-0.8134517669677734,0.5940324664115906,-0.263293594121933,0.8129963874816895,-0.41326722502708435,0.8281127214431763,-0.5358683466911316,0.7745378613471985,-0.6129517555236816,0.6110572218894958,-0.06398817151784897,0.781328022480011,-0.2031909078359604,0.794338583946228,-0.3347228765487671,0.767896294593811,-0.4217660129070282,0.5745745897293091,0.1025928407907486,0.6980527639389038,-0.022580642253160477,0.7102117538452148,-0.14076246321201324,0.6883531212806702,-0.22520920634269714
swipe_right,0.0,0.0,0.06405871361494064,-0.22143563628196716,0.11170879751443863,-0.5104621648788452,0.10487721115350723,-0.7737447023391724,0.08521520346403122,-1.0,0.2668156623840332,-0.31319522857666016,0.22083523869514465,-0.4381512999534607,0.07311807572841644,-0.49911507964134216,-0.033928826451301575,-0.5575634837150574,0.24314233660697937,-0.045581694692373276,0.14089952409267426,-0.1195724830031395,0.007523990701884031,-0.13801558315753937,-0.08813492208719254,-0.151235893368721,0.17090485990047455,0.19013981521129608,0.06524045020341873,0.13951191306114197,-0.05043504387140274,0.12490028887987137,-0.13206599652767181,0.11946002393960953,0.08142416179180145,0.39146268367767334,-0.02444518730044365,0.39506134390830994,-0.11628099530935287,0.37732550501823425,-0.18448740243911743,0.37072861194610596
swipe_right,0.0,0.0,-0.07891371846199036,-0.29879218339920044,-0.17944379150867462,-0.5432809591293335,-0.2305019348859787,-0.7661172151565552,-0.24662122130393982,-1.0,-0.044669169932603836,-0.2936786711215973,-0.2310102880001068,-0.30369144678115845,-0.39438116550445557,-0.29991745948791504,-0.5320780277252197,-0.30698785185813904,-0.04478980973362923,-0.011300724931061268,-0.29390373826026917,-0.021031454205513,-0.5071288347244263,-0.051699623465538025,-0.6736288666725159,-0.0790380984544754,-0.05403007194399834,0.23624610900878906,-0.2994045317173004,0.2097974568605423,-0.5110224485397339,0.16925296187400818,-0.6763597726821899,0.13078847527503967,-0.07623922824859619,0.43323689699172974,-0.26867520809173584,0.46043601632118225,-0.42820221185684204,0.4523443579673767,-0.5481141209602356,0.43276849389076233
swipe_right,0.0,0.0,-0.052893608808517456,-0.27838578820228577,-0.17538072168827057,-0.5476917624473572,-0.27866676449775696,-0.7914527058601379,-0.31718671321868896,-1.0,-0.0623752661049366,-0.2956489324569702,-0.21820762753486633,-0.33280593156814575,-0.3911469280719757,-0.38742679357528687,-0.5424792766571045,-0.42976024746894836,-0.09637799113988876,-0.02714310586452484,-0.33194297552108765,-0.07793821394443512,-0.5549933314323425,-0.1195426657795906,-0.7222071290016174,-0.14399872720241547,-0.12520861625671387,0.20364899933338165,-0.39169445633888245,0.14917387068271637,-0.605387270450592,0.08862748742103577,-0.7630565762519836,0.032243646681308746,-0.16095733642578125,0.3870515823364258,-0.3584652543067932,0.3989724814891815,-0.5231887698173523,0.33649948239326477,-0.649573802947998,0.2697640359401703
swipe_right,0.0,0.0,-0.08838438242673874,-0.27018269896507263,-0.2562040090560913,-0.5482667088508606,-0.4329107105731964,-0.8103800415992737,-0.5306380391120911,-1.0,-0.16860990226268768,-0.26138952374458313,-0.38559797406196594,-0.27027496695518494,-0.5918355584144592,-0.27909836173057556,-0.7674600481987,-0.27956297993659973,-0.19325730204582214,0.044316861778497696,-0.3708575367927551,0.015309400856494904,-0.5825925469398499,-0.010341919027268887,-0.7653687000274658,-0.013767257332801819,-0.20770829916000366,0.3166315257549286,-0.4038159251213074,0.3224244713783264,-0.617982804775238,0.3035386800765991,-0.7904373407363892,0.2720840275287628,-0.23172961175441742,0.5304573178291321,-0.4207405149936676,0.625596821308136,-0.5943278074264526,0.6240354776382446,-0.7330954670906067,0.6002914905548096
swipe_right,0.0,0.0,-0.09929566085338593,-0.2485227882862091,-0.26435747742652893,-0.49583518505096436,-0.4151466488838196,-0.7530269622802734,-0.4899931252002716,-1.0,-0.1324441283941269,-0.25375914573669434,-0.34090012311935425,-0.2765268385410309,-0.4963200092315674,-0.2939012944698334,-0.6342146992683411,-0.3155903220176697,-0.16408078372478485,0.03566499799489975,-0.39530259370803833,-0.0015795818762853742,-0.589476466178894,-0.03440815582871437,-0.7281221151351929,-0.050556574016809464,-0.19344262778759003,0.27890971302986145,-0.40856432914733887,0.2420310080051422,-0.579011082649231,0.21304640173912048,-0.707209587097168,0.18381726741790771,-0.2310360074043274,0.463696151971817,-0.39049747586250305,0.49896588921546936,-0.5212364196777344,0.5059714317321777,-0.6199370622634888,0.4958285391330719
swipe_right,0.0,0.0,-0.10979202389717102,-0.2625901699066162,-0.29478105902671814,-0.5013134479522705,-0.4486245810985565,-0.7538085579872131,-0.5424354672431946,-1.0,-0.1625363528728485,-0.2707873284816742,-0.4188931882381439,-0.3269619047641754,-0.6243802309036255,-0.35148563981056213,-0.7931345701217651,-0.3768550455570221,-0.1899735927581787,0.03320604935288429,-0.48085397481918335,-0.015798836946487427,-0.7258181571960449,-0.04510831832885742,-0.897258996963501,-0.060172826051712036,-0.21739022433757782,0.295762300491333,-0.4880836606025696,0.2543164789676666,-0.710517942905426,0.22290752828121185,-0.8725623488426208,0.19702278077602386,-0.25242912769317627,0.49439987540245056,-0.44373026490211487,0.5319349765777588,-0.6056743264198303,0.5373830795288086,-0.7233515381813049,0.5359950661659241
swipe_right,0.0,0.0,-0.1170838475227356,-0.2539442777633667,-0.3045002818107605,-0.47355538606643677,-0.4420936703681946,-0.730593740940094,-0.5252296328544617,-1.0,-0.20601384341716766,-0.2256365865468979,-0.4576188623905182,-0.2589063048362732,-0.6225841045379639,-0.28633975982666016,-0.7589871883392334,-0.3302158713340759,-0.2182418555021286,0.09385020285844803,-0.4919325113296509,0.06098436564207077,-0.7075822353363037,0.03463294729590416,-0.8601870536804199,0.011409993283450603,-0.2293027937412262,0.35350900888442993,-0.4900073707103729,0.3201170265674591,-0.6760510802268982,0.2992175221443176,-0.8111683130264282,0.28144603967666626,-0.25378531217575073,0.5402528643608093,-0.4407936632633209,0.5699321627616882,-0.580996572971344,0.5881749391555786,-0.6821569204330444,0.5914372801780701
swipe_right,0.0,0.0,-0.08921501785516739,-0.24115630984306335,-0.2181166708469391,-0.4789218306541443,-0.3388470709323883,-0.7461646795272827,-0.4011223018169403,-1.0,-0.11467358469963074,-0.26175186038017273,-0.32758718729019165,-0.31553614139556885,-0.5114650130271912,-0.3467380106449127,-0.6530544757843018,-0.37368589639663696,-0.141987144947052,0.0445401594042778,-0.35789167881011963,0.016917359083890915,-0.5660622715950012,-0.017234191298484802,-0.6923381686210632,-0.046000055968761444,-0.16943207383155823,0.29890763759613037,-0.3750177323818207,0.2868812680244446,-0.5500385165214539,0.26299312710762024,-0.6539373993873596,0.23574642837047577,-0.21049703657627106,0.4893009662628174,-0.37121763825416565,0.5489921569824219,-0.5098671317100525,0.5490889549255371,-0.5942352414131165,0.531912624835968
swipe_right,0.0,0.0,-0.0749022364616394,-0.2435174435377121,-0.22006656229496002,-0.46774786710739136,-0.3591507077217102,-0.7342182397842407,-0.43940114974975586,-1.0,-0.1733642965555191,-0.21871547400951385,-0.3279178738594055,-0.20087623596191406,-0.4953770637512207,-0.18557798862457275,-0.6383293867111206,-0.17457644641399384,-0.18878759443759918,0.0746249109506607,-0.3667270243167877,0.06961682438850403,-0.5619587898254395,0.0777466893196106,-0.6985397338867188,0.10004879534244537,-0.20025599002838135,0.3268918991088867,-0.3980426788330078,0.3339613676071167,-0.5792889595031738,0.3322017788887024,-0.7025644183158875,0.3296457827091217,-0.2270209640264511,0.5248053073883057,-0.42859190702438354,0.6015488505363464,-0.5863978862762451,0.6044316291809082,-0.6889298558235168,0.6001360416412354
swipe_right,0.0,0.0,-0.06535694748163223,-0.27475231885910034,-0.16347423195838928,-0.5060272812843323,-0.2393980771303177,-0.7452221512794495,-0.28978431224823,-1.0,0.09224869310855865,-0.3324168026447296,-0.14600257575511932,-0.4304962456226349,-0.3132442533969879,-0.44056376814842224,-0.4372323453426361,-0.43815991282463074,0.05864018201828003,-0.04412153363227844,-0.23782223463058472,-0.10586115717887878,-0.46786952018737793,-0.1261562556028366,-0.6111393570899963,-0.1393767148256302,-0.007753754034638405,0.20727738738059998,-0.30035245418548584,0.15192586183547974,-0.5067804455757141,0.12027203291654587,-0.6370508670806885,0.09695112705230713,-0.08973582088947296,0.3974335789680481,-0.2836722135543823,0.4030171036720276,-0.4128577709197998,0.4093796908855438,-0.484875351190567,0.4097622334957123
swipe_right,0.0,0.0,-0.08028145879507065,-0.2750745415687561,-0.20575827360153198,-0.502755343914032,-0.31701838970184326,-0.7407568693161011,-0.4007379114627838,-1.0,-0.05526128038764,-0.3347703516483307,-0.2777446508407593,-0.42598798871040344,-0.467907190322876,-0.4707484543323517,-0.6322497725486755,-0.5024992227554321,-0.05599699169397354,-0.01443643681704998,-0.341115802526474,-0.03846107795834541,-0.5750384330749512,-0.06082173064351082,-0.7355990409851074,-0.08439904451370239,-0.07976549118757248,0.2660663425922394,-0.3700011372566223,0.25042152404785156,-0.5930705070495605,0.2296147644519806,-0.7513972520828247,0.20783871412277222,-0.12215113639831543,0.4811428487300873,-0.32078632712364197,0.5246962904930115,-0.480842262506485,0.5280436277389526,-0.5962529182434082,0.5198338031768799
swipe_right,0.0,0.0,-0.06764061003923416,-0.2289862036705017,-0.2000688910484314,-0.46546345949172974,-0.32959362864494324,-0.7374415397644043,-0.4029778242111206,-1.0,-0.17555779218673706,-0.19747507572174072,-0.3740609884262085,-0.1982855200767517,-0.516961932182312,-0.20709238946437836,-0.6439008712768555,-0.21612107753753662,-0.20243537425994873,0.07721834629774094,-0.41740357875823975,0.07224515825510025,-0.5857634544372559,0.047844041138887405,-0.7036843299865723,0.04001285880804062,-0.21756066381931305,0.3025554120540619,-0.43347233533859253,0.3081439435482025,-0.5830796360969543,0.2829194664955139,-0.6901838183403015,0.2668668329715729,-0.2415420413017273,0.4615538716316223,-0.4167983829975128,0.509952962398529,-0.5443998575210571,0.5250635147094727,-0.6335487961769104,0.5253147482872009
swipe_right,0.0,0.0,-0.023938605561852455,-0.25136038661003113,-0.06004735082387924,-0.4916546642780304,-0.10061009228229523,-0.7400485277175903,-0.14380422234535217,-1.0,0.1678728461265564,-0.38000360131263733,0.09178916364908218,-0.4145524799823761,-0.020542187616229057,-0.4603555202484131,-0.13675560057163239,-0.49318820238113403,0.18163110315799713,-0.1440035104751587,-0.07814273983240128,-0.16952326893806458,-0.289813369512558,-0.1889285445213318,-0.4300397038459778,-0.17777225375175476,0.1448730230331421,0.07892712205648422,-0.13540701568126678,0.047869857400655746,-0.33114734292030334,0.018550077453255653,-0.46265238523483276,0.01007161196321249,0.085760198533535,0.26871201395988464,-0.12060588598251343,0.2574976980686188,-0.2565053105354309,0.24595753848552704,-0.3371915817260742,0.24410241842269897
swipe_right,0.0,0.0,-0.13772237300872803,-0.25881457328796387,-0.2813519835472107,-0.4856029748916626,-0.37843751907348633,-0.7169750332832336,-0.41957563161849976,-1.0,-0.1694682538509369,-0.29034480452537537,-0.3075927197933197,-0.3290717601776123,-0.4393329918384552,-0.3423860967159271,-0.5549793839454651,-0.34839650988578796,-0.1788901686668396,0.002539138775318861,-0.31020137667655945,0.019189229235053062,-0.47582438588142395,0.011833077296614647,-0.5836213231086731,0.015732120722532272,-0.18553957343101501,0.2524702847003937,-0.35465356707572937,0.27529242634773254,-0.5309709310531616,0.26887592673301697,-0.6469596028327942,0.25339266657829285,-0.20500467717647552,0.4442979097366333,-0.34979671239852905,0.5137287974357605,-0.4863154888153076,0.5412200689315796,-0.5777556896209717,0.5505338907241821
swipe_right,0.0,0.0,-0.08680389076471329,-0.2585105299949646,-0.21851631999015808,-0.5016766786575317,-0.3265920877456665,-0.7448022365570068,-0.4016450047492981,-1.0,-0.17400968074798584,-0.34155353903770447,-0.3823493719100952,-0.4064362943172455,-0.543403685092926,-0.4728459417819977,-0.6709192395210266,-0.5174233913421631,-0.17472326755523682,-0.015751875936985016,-0.4284752905368805,-0.04019622877240181,-0.6250752210617065,-0.06713012605905533,-0.7363116145133972,-0.0761278048157692,-0.1795564442873001,0.26612162590026855,-0.43355581164360046,0.2549521028995514,-0.6145033836364746,0.2315390706062317,-0.7184925675392151,0.2173844277858734,-0.19276049733161926,0.49417349696159363,-0.40575337409973145,0.518556535243988,-0.5565429925918579,0.5174950361251831,-0.6418215036392212,0.5150663256645203
swipe_right,0.0,0.0,-0.049751508980989456,-0.2531915307044983,-0.12454880028963089,-0.48755547404289246,-0.19590337574481964,-0.7370895743370056,-0.2257107049226761,-1.0,0.1007746085524559,-0.29968225955963135,-0.016219574958086014,-0.325809121131897,-0.14187364280223846,-0.3403276205062866,-0.2662963271141052,-0.3411381244659424,0.09359519183635712,-0.046027690172195435,-0.14211609959602356,-0.08788062632083893,-0.31882530450820923,-0.09159702807664871,-0.4419463276863098,-0.08438754826784134,0.05102232098579407,0.17309702932834625,-0.18267440795898438,0.1382279098033905,-0.35353708267211914,0.13344918191432953,-0.4784087538719177,0.12568530440330505,-0.012642163783311844,0.34242182970046997,-0.1869053840637207,0.36566779017448425,-0.3323853313922882,0.368011474609375,-0.4400457739830017,0.35649606585502625
swipe_right,0.0,0.0,-0.14818301796913147,-0.2649286091327667,-0.3146037757396698,-0.5050817728042603,-0.4519151747226715,-0.7339852452278137,-0.522110641002655,-1.0,-0.22684040665626526,-0.2522256672382355,-0.49325084686279297,-0.3109889626502991,-0.6766113638877869,-0.34538307785987854,-0.8211432099342346,-0.38966700434684753,-0.23197412490844727,0.06865312159061432,-0.5062699913978577,0.06562326848506927,-0.7429115176200867,0.021845027804374695,-0.8982744216918945,-0.019796982407569885,-0.23183949291706085,0.3367471396923065,-0.4876222610473633,0.35708075761795044,-0.6967732906341553,0.3132166564464569,-0.8487343788146973,0.27824556827545166,-0.24399173259735107,0.542316198348999,-0.40683284401893616,0.5912938117980957,-0.5578867197036743,0.6097975373268127,-0.6721352934837341,0.6040076017379761
swipe_right,0.0,0.0,0.03390119969844818,-0.3079375922679901,0.12585927546024323,-0.6095587015151978,0.18076278269290924,-0.8354992270469666,0.2259785681962967,-1.0,0.3437364995479584,-0.4903833866119385,0.5780410170555115,-0.5746708512306213,0.6899263858795166,-0.6639384627342224,0.7642990946769714,-0.7603522539138794,0.37068960070610046,-0.3106905221939087,0.5727720856666565,-0.3485507667064667,0.6923050880432129,-0.39306095242500305,0.7915810942649841,-0.4428137242794037,0.36082354187965393,-0.11781571805477142,0.5471006035804749,-0.10410209000110626,0.6664214134216309,-0.06194838881492615,0.7639718651771545,-0.037500858306884766,0.3323468267917633,0.08582430332899094,0.49774014949798584,0.13488079607486725,0.6088820695877075,0.1831740438938141,0.7100079655647278,0.22343717515468597
swipe_right,0.0,0.0,0.014208197593688965,-0.334576278924942,0.11597631126642227,-0.6541621088981628,0.20172841846942902,-0.8647897839546204,0.2679910957813263,-1.0,0.40396857261657715,-0.5326008200645447,0.6669232249259949,-0.6230571269989014,0.7978108525276184,-0.710231363773346,0.8825746774673462,-0.8026262521743774,0.44117969274520874,-0.3515777587890625,0.7048411965370178,-0.4352256655693054,0.8300259113311768,-0.5353911519050598,0.9171258807182312,-0.6316584944725037,0.43115466833114624,-0.15356136858463287,0.6671786308288574,-0.19647341966629028,0.8132790923118591,-0.2454463243484497,0.9353426694869995,-0.2941013276576996,0.386290043592453,0.053493402898311615,0.5824102163314819,0.09623802453279495,0.7161404490470886,0.12569643557071686,0.8412121534347534,0.15549489855766296
swipe_right,0.0,0.0,-0.016668956726789474,-0.3312528729438782,0.06436712294816971,-0.6564669013023376,0.15213078260421753,-0.8649973273277283,0.22166047990322113,-1.0,0.3252573609352112,-0.5556758642196655,0.5703151822090149,-0.647651731967926,0.6797248721122742,-0.7491761445999146,0.7370700836181641,-0.8575403094291687,0.3682838976383209,-0.3573334515094757,0.5870335102081299,-0.39993783831596375,0.6983163952827454,-0.46869343519210815,0.7732222080230713,-0.5413862466812134,0.3618406057357788,-0.14135576784610748,0.5387723445892334,-0.11872183531522751,0.65382981300354,-0.10534514486789703,0.7430039644241333,-0.10968905687332153,0.3300912380218506,0.08067040145397186,0.4709372818470001,0.11235083639621735,0.5645298361778259,0.14099399745464325,0.6493328809738159,0.16546839475631714
swipe_right,0.0,0.0,-0.19344033300876617,-0.1112564206123352,-0.4480275511741638,-0.20653775334358215,-0.6665273308753967,-0.1858563870191574,-0.8189346194267273,-0.09689784795045853,-0.5104509592056274,-0.5186113715171814,-0.9088239073753357,-0.22191539406776428,-1.0,0.06255927681922913,-0.9850069880485535,0.23054459691047668,-0.44369733333587646,-0.43164876103401184,-0.9027705788612366,-0.11725405603647232,-0.9769440293312073,0.18883074820041656,-0.9472306370735168,0.3846888840198517,-0.37094712257385254,-0.25923529267311096,-0.8271515369415283,0.011012272909283638,-0.899716317653656,0.30539143085479736,-0.8776308298110962,0.48148414492607117,-0.3075486123561859,-0.03301651030778885,-0.6169959902763367,0.10609642416238785,-0.6715105772018433,0.28753161430358887,-0.6516109704971313,0.42191311717033386
swipe_right,0.0,0.0,-0.32281145453453064,0.06894680857658386,-0.5320721864700317,-0.03281634673476219,-0.6825747489929199,-0.08704528212547302,-0.8006437420845032,-0.11623057723045349,-0.5531427264213562,-0.5575611591339111,-0.7908545136451721,-0.38045382499694824,-0.9205999374389648,-0.24449342489242554,-1.0,-0.143546462059021,-0.5039892196655273,-0.5276715755462646,-0.779696524143219,-0.332356333732605,-0.8832700848579407,-0.13970087468624115,-0.9330551624298096,0.003232349408790469,-0.4570624530315399,-0.4338430166244507,-0.7248648405075073,-0.22193408012390137,-0.7501310110092163,0.006371785420924425,-0.7296210527420044,0.15397751331329346,-0.4145580530166626,-0.27789759635925293,-0.643944501876831,-0.16810034215450287,-0.6828200221061707,-0.009151337668299675,-0.6694937944412231,0.13258475065231323
swipe_right,0.0,0.0,-0.3144940733909607,0.058286722749471664,-0.5688059329986572,-0.04942915961146355,-0.7752859592437744,-0.11168519407510757,-0.9328703880310059,-0.07993488013744354,-0.6059598922729492,-0.6892042756080627,-0.9943134784698486,-0.3189246654510498,-0.9966197609901428,0.016389042139053345,-0.8904163837432861,0.20435597002506256,-0.5587990880012512,-0.6686251759529114,-1.0,-0.2896735966205597,-0.9792754054069519,0.07651949673891068,-0.8603625893592834,0.2926240563392639,-0.5098342895507812,-0.555245578289032,-0.9485889673233032,-0.23265908658504486,-0.9020677208900452,0.13558533787727356,-0.7680025696754456,0.3249274790287018,-0.4480438232421875,-0.37262311577796936,-0.7625200748443604,-0.1784745156764984,-0.7766302824020386,0.08116608113050461,-0.7099771499633789,0.25088685750961304
swipe_right,0.0,0.0,-0.3685644567012787,-0.04807666316628456,-0.6147347688674927,-0.2506197988986969,-0.8023971915245056,-0.37398868799209595,-0.9588049054145813,-0.47617223858833313,-0.44208043813705444,-0.9256338477134705,-0.7910392880439758,-0.8446794748306274,-0.9439248442649841,-0.5715453624725342,-1.0,-0.35118404030799866,-0.37214967608451843,-0.9638003706932068,-0.7830590605735779,-0.8234588503837585,-0.8297634720802307,-0.4835755527019501,-0.7636979818344116,-0.26040002703666687,-0.31195172667503357,-0.9359617233276367,-0.7202848196029663,-0.8075364232063293,-0.7255865931510925,-0.46582314372062683,-0.6175380349159241,-0.24733708798885345,-0.2582787871360779,-0.8503450751304626,-0.5864952802658081,-0.8235012888908386,-0.6436734795570374,-0.5936846733093262,-0.5946385264396667,-0.3913879990577698
swipe_right,0.0,0.0,-0.34543928503990173,-0.0693034753203392,-0.6050829291343689,-0.2628166973590851,-0.8015379309654236,-0.374161958694458,-0.9734179973602295,-0.45121291279792786,-0.4628545641899109,-0.8750090003013611,-0.7581521272659302,-0.9050083160400391,-0.911083996295929,-0.6787311434745789,-0.9756518602371216,-0.4600188136100769,-0.3747583329677582,-0.9401607513427734,-0.7341403365135193,-0.91766756772995,-0.7960306406021118,-0.5655259490013123,-0.7440366148948669,-0.29712244868278503,-0.28490912914276123,-0.9621648192405701,-0.6490931510925293,-0.9507654905319214,-0.6861985921859741,-0.5914480686187744,-0.6016430258750916,-0.3195010721683502,-0.19412072002887726,-0.9395525455474854,-0.5177443623542786,-1.0,-0.6112357974052429,-0.78160560131073,-0.5957162380218506,-0.5556052923202515
swipe_right,0.0,0.0,-0.04295959323644638,-0.28856420516967773,-0.1334654986858368,-0.5331224203109741,-0.1777954399585724,-0.7578674554824829,-0.18613289296627045,-1.0,-0.04426894709467888,-0.3422970175743103,-0.23983098566532135,-0.46006715297698975,-0.40162375569343567,-0.5008804202079773,-0.5290027260780334,-0.5283602476119995,-0.08599565178155899,-0.02881612256169319,-0.36636877059936523,-0.11867556720972061,-0.576054573059082,-0.17338557541370392,-0.713193416595459,-0.19531197845935822,-0.13678698241710663,0.25394678115844727,-0.4043724238872528,0.17524193227291107,-0.5915937423706055,0.11928731948137283,-0.722956120967865,0.09236368536949158,-0.1939561814069748,0.4869405925273895,-0.4115942716598511,0.4642077386379242,-0.5706539154052734,0.4218500256538391,-0.6774917840957642,0.3868047595024109
swipe_right,0.0,0.0,-0.22959500551223755,-0.1402183473110199,-0.4619314670562744,-0.19670744240283966,-0.636390209197998,-0.14707571268081665,-0.7437506318092346,-0.024861665442585945,-0.589394748210907,-0.2795971930027008,-0.8434322476387024,-0.11046167463064194,-0.9524595141410828,0.04226904362440109,-1.0,0.13308705389499664,-0.5676468014717102,-0.15611045062541962,-0.8270805478096008,0.017759932205080986,-0.9329653978347778,0.16795937716960907,-0.9912349581718445,0.257121205329895,-0.5192171931266785,-0.0030336803756654263,-0.7850697636604309,0.1651546061038971,-0.8929373025894165,0.2961285710334778,-0.9530108571052551,0.3450506925582886,-0.4526241421699524,0.17105352878570557,-0.6959901452064514,0.2797248661518097,-0.8261139392852783,0.37529072165489197,-0.9153241515159607,0.4346078932285309
swipe_right,0.0,0.0,-0.22204755246639252,-0.1312994360923767,-0.4493216276168823,-0.16235284507274628,-0.6150256395339966,-0.11387784034013748,-0.7216607332229614,-0.010118339210748672,-0.5867131352424622,-0.2595003843307495,-0.8288710713386536,-0.09280738979578018,-0.9372642636299133,0.053604722023010254,-1.0,0.14113260805606842,-0.5474985241889954,-0.18328732252120972,-0.8093241453170776,0.01295375544577837,-0.9080440402030945,0.17013464868068695,-0.9554747939109802,0.2652142345905304,-0.48589932918548584,-0.06686870008707047,-0.7451030611991882,0.13298967480659485,-0.810204803943634,0.265048086643219,-0.8257603049278259,0.3182993531227112,-0.406947523355484,0.08031699806451797,-0.6352141499519348,0.22987297177314758,-0.700467586517334,0.3269680142402649,-0.7177527546882629,0.38053011894226074
swipe_right,0.0,0.0,-0.22311708331108093,-0.11687692254781723,-0.4541683793067932,-0.1380843222141266,-0.6249645948410034,-0.07280546426773071,-0.7337446212768555,0.048313722014427185,-0.5830014944076538,-0.2359018176794052,-0.8310536742210388,-0.04554496705532074,-0.9383594393730164,0.11375438421964645,-1.0,0.22359050810337067,-0.533827543258667,-0.15712787210941315,-0.8044325709342957,0.060228727757930756,-0.9042659997940063,0.24200446903705597,-0.9575697183609009,0.36320260167121887,-0.46107053756713867,-0.03818820044398308,-0.7226516008377075,0.1737176775932312,-0.8020349144935608,0.33616405725479126,-0.8353224992752075,0.41703933477401733,-0.3740948736667633,0.11118368059396744,-0.5991931557655334,0.28881001472473145,-0.684358537197113,0.4138893783092499,-0.7282558679580688,0.4903308153152466
swipe_right,0.0,0.0,-0.2454095333814621,-0.12607552111148834,-0.4942391514778137,-0.15841645002365112,-0.6744168996810913,-0.0866008847951889,-0.7872199416160583,0.03728024289011955,-0.6493760943412781,-0.3026132881641388,-0.8636463284492493,-0.09217242896556854,-0.9465026259422302,0.07356131076812744,-1.0,0.19311372935771942,-0.5820426940917969,-0.22599062323570251,-0.8114985227584839,0.034966301172971725,-0.8849893808364868,0.22123882174491882,-0.9241527318954468,0.35766327381134033,-0.49667608737945557,-0.10250990837812424,-0.7094554901123047,0.16685661673545837,-0.7505068778991699,0.34155693650245667,-0.7509135007858276,0.4498232305049896,-0.40541815757751465,0.05312814563512802,-0.5919687747955322,0.25235313177108765,-0.6674221158027649,0.387490451335907,-0.7094520926475525,0.4935747981071472
swipe_right,0.0,0.0,-0.265165776014328,-0.06290016323328018,-0.5343376398086548,-0.05367917940020561,-0.720651388168335,0.042738672345876694,-0.8337969183921814,0.1843108981847763,-0.7390198111534119,-0.18836914002895355,-1.0,0.15417158603668213,-0.9432857036590576,0.3099461793899536,-0.8494204878807068,0.33147093653678894,-0.6447848081588745,-0.1350823938846588,-0.9182453751564026,0.27833566069602966,-0.8455253839492798,0.4207180440425873,-0.758049726486206,0.4308006763458252,-0.5245910286903381,-0.02969248779118061,-0.783297598361969,0.37486374378204346,-0.7113193869590759,0.5084288716316223,-0.6251144409179688,0.5055299997329712,-0.3887767493724823,0.1043761819601059,-0.6156820058822632,0.3956601023674011,-0.5910153388977051,0.5146166682243347,-0.5303698778152466,0.5378506779670715
swipe_right,0.0,0.0,-0.0855240747332573,-0.2940301299095154,-0.2846367359161377,-0.5047343373298645,-0.4856562316417694,-0.643919050693512,-0.6391409039497375,-0.7976544499397278,-0.27498510479927063,-0.15694552659988403,-0.586931049823761,-0.10642968118190765,-0.7930930852890015,-0.12276355922222137,-0.9232200384140015,-0.15940916538238525,-0.2837482988834381,0.16172252595424652,-0.6576709151268005,0.22083577513694763,-0.8732390403747559,0.16337624192237854,-1.0,0.0808538869023323,-0.30795297026634216,0.39785507321357727,-0.6677770018577576,0.4737051725387573,-0.865947425365448,0.39574098587036133,-0.975965142250061,0.2849767506122589,-0.3416905403137207,0.5552382469177246,-0.6437803506851196,0.624009907245636,-0.8121564388275146,0.5553908944129944,-0.9029585123062134,0.4565007984638214
swipe_right,0.0,0.0,0.215961754322052,-0.36454635858535767,0.4821411371231079,-0.4798533320426941,0.6976162195205688,-0.5155280828475952,0.8212266564369202,-0.5264102220535278,0.6208525896072388,-0.30941665172576904,0.8957562446594238,-0.4805743396282196,0.92555832862854,-0.5627216100692749,0.9017695188522339,-0.5746628046035767,0.6854833960533142,-0.036496661603450775,0.9960759878158569,-0.23744182288646698,1.0,-0.34956324100494385,0.9519909620285034,-0.3821411728858948,0.7010377645492554,0.1973574459552765,0.9888499975204468,0.057405486702919006,0.9686071276664734,-0.04479171708226204,0.9030846953392029,-0.05882531404495239,0.6827986836433411,0.39475682377815247,0.9096710681915283,0.32486197352409363,0.9022265672683716,0.2416139543056488,0.834293782711029,0.21766561269760132
swipe_right,0.0,0.0,-0.12441708892583847,-0.2850281596183777,-0.23160842061042786,-0.5543026924133301,-0.2999250590801239,-0.793802797794342,-0.34369510412216187,-1.0,-0.12411415576934814,-0.5657905340194702,-0.4027751386165619,-0.5468965768814087,-0.5083704590797424,-0.4589928388595581,-0.5438971519470215,-0.40539199113845825,-0.08623646199703217,-0.3432486951351166,-0.45561400055885315,-0.2943933308124542,-0.5428082346916199,-0.22872570157051086,-0.5728116035461426,-0.2193535715341568,-0.09131880104541779,-0.1258171945810318,-0.44845542311668396,-0.08869752287864685,-0.5110626220703125,-0.04947669059038162,-0.516031801700592,-0.054954834282398224,-0.10855337232351303,0.07485711574554443,-0.39349129796028137,0.08683303743600845,-0.45646438002586365,0.09025490283966064,-0.47048303484916687,0.07767219841480255
swipe_right,0.0,0.0,-0.003753681667149067,-0.27066338062286377,-0.01816347800195217,-0.5962250232696533,0.0034247268922626972,-0.8280932307243347,0.04662425443530083,-1.0,-0.06240702420473099,-0.5503254532814026,-0.23402738571166992,-0.7253347039222717,-0.3194076418876648,-0.802537202835083,-0.3743554651737213,-0.8744832277297974,-0.1029699370265007,-0.3793201148509979,-0.35971352458000183,-0.471655935049057,-0.5219232439994812,-0.514256477355957,-0.6489356160163879,-0.5483976006507874,-0.1644708514213562,-0.19123195111751556,-0.3981068432331085,-0.26540252566337585,-0.5080512762069702,-0.3185851573944092,-0.5761991143226624,-0.3628845810890198,-0.2279498279094696,-0.021292321383953094,-0.40057551860809326,-0.0798233300447464,-0.4694976508617401,-0.1132754236459732,-0.509719729423523,-0.13770413398742676
swipe_right,0.0,0.0,0.06369215995073318,-0.26192978024482727,0.07788004726171494,-0.5932641625404358,0.12634894251823425,-0.8258112072944641,0.20653191208839417,-1.0,-0.025896690785884857,-0.5407523512840271,-0.2612535357475281,-0.6732831001281738,-0.3339235186576843,-0.6886903047561646,-0.34614047408103943,-0.7082380056381226,-0.09778939932584763,-0.3428645730018616,-0.3653947114944458,-0.4914754629135132,-0.4153461158275604,-0.5135884284973145,-0.41588863730430603,-0.5340996384620667,-0.180848628282547,-0.14691030979156494,-0.4203008711338043,-0.2865711748600006,-0.46168607473373413,-0.32929283380508423,-0.4536076784133911,-0.3685706555843353,-0.24710243940353394,0.017169373109936714,-0.43513426184654236,-0.10840261727571487,-0.48693540692329407,-0.14323195815086365,-0.5003189444541931,-0.17594043910503387
swipe_right,0.0,0.0,0.018194546923041344,-0.25623980164527893,-0.011678879149258137,-0.594742476940155,0.05403679236769676,-0.8316789269447327,0.1758757382631302,-1.0,-0.07384870946407318,-0.507436215877533,-0.4210926294326782,-0.6438112854957581,-0.3756835162639618,-0.5583251714706421,-0.2709750831127167,-0.5092677474021912,-0.1396561563014984,-0.29579031467437744,-0.466149240732193,-0.403607040643692,-0.4112873375415802,-0.36732813715934753,-0.3111151456832886,-0.3314453661441803,-0.20628118515014648,-0.09110219776630402,-0.4728284776210785,-0.1793384850025177,-0.42406710982322693,-0.1679152101278305,-0.3342682421207428,-0.14989253878593445,-0.2620941400527954,0.07768815755844116,-0.4708879590034485,0.010529992170631886,-0.425893634557724,0.03389579430222511,-0.3508750796318054,0.06424668431282043
swipe_right,0.0,0.0,-0.030280394479632378,-0.3214069902896881,-0.0169118233025074,-0.6115451455116272,0.04016222804784775,-0.8230125904083252,0.09238604456186295,-1.0,-0.02928687445819378,-0.26158976554870605,-0.25510290265083313,-0.27245593070983887,-0.4284335672855377,-0.308072954416275,-0.5828732252120972,-0.32691070437431335,-0.009374688379466534,0.024182826280593872,-0.29832950234413147,0.06099041551351547,-0.5109196901321411,0.03927810490131378,-0.6970458626747131,0.022620096802711487,-0.01681932993233204,0.24004481732845306,-0.3419352173805237,0.25445422530174255,-0.5552402138710022,0.21398265659809113,-0.7164972424507141,0.17071525752544403,-0.045084670186042786,0.38038378953933716,-0.30610835552215576,0.40623030066490173,-0.47322675585746765,0.3891100585460663,-0.5961735844612122,0.35310399532318115
swipe_right,0.0,0.0,-0.06787686794996262,-0.3032118082046509,-0.14010345935821533,-0.6105303764343262,-0.17208844423294067,-0.8405061960220337,-0.1608079969882965,-1.0,-0.09186398983001709,-0.4934823513031006,-0.19630858302116394,-0.6570600271224976,-0.26641592383384705,-0.7537460327148438,-0.32419657707214355,-0.845659613609314,-0.08556051552295685,-0.2997969090938568,-0.3081723749637604,-0.32998502254486084,-0.4862104654312134,-0.3342520296573639,-0.6375683546066284,-0.3397047817707062,-0.10693327337503433,-0.10141824930906296,-0.36185312271118164,-0.08473245054483414,-0.5334674119949341,-0.08819771558046341,-0.6656537055969238,-0.10655759274959564,-0.1502828150987625,0.0749162882566452,-0.3576294481754303,0.11202070862054825,-0.4890330731868744,0.11122386902570724,-0.589320182800293,0.09311340749263763
swipe_right,0.0,0.0,-0.15316390991210938,-0.17258483171463013,-0.2231753170490265,-0.42584583163261414,-0.23775506019592285,-0.6380195021629333,-0.2527480721473694,-0.7875703573226929,-0.0352674163877964,-0.6703917980194092,-0.06909620016813278,-0.9659586548805237,-0.18481531739234924,-1.0,-0.24523670971393585,-0.9457987546920776,-0.005751349963247776,-0.6730167269706726,-0.10230600088834763,-0.9326818585395813,-0.23023821413516998,-0.9330743551254272,-0.2803185284137726,-0.8649301528930664,0.0030345330014824867,-0.6525484919548035,-0.1157204881310463,-0.8663079738616943,-0.22797854244709015,-0.8459256887435913,-0.2687792479991913,-0.7693341374397278,0.002464015269652009,-0.6130058169364929,-0.0994904413819313,-0.8023034930229187,-0.18823933601379395,-0.813036322593689,-0.22861580550670624,-0.7597395181655884
swipe_right,0.0,0.0,-0.16198478639125824,-0.20011264085769653,-0.37446168065071106,-0.28787580132484436,-0.5445684194564819,-0.24839721620082855,-0.6588048934936523,-0.1439119279384613,-0.4672802984714508,-0.39050570130348206,-0.7171328663825989,-0.3125801086425781,-0.8635419011116028,-0.24141739308834076,-0.9616866111755371,-0.1918666958808899,-0.45996958017349243,-0.26872527599334717,-0.7158856391906738,-0.18755276501178741,-0.8834865093231201,-0.1286546140909195,-1.0,-0.07007040828466415,-0.4376434087753296,-0.1250097006559372,-0.6920225620269775,-0.04947955906391144,-0.840754508972168,-0.005284150596708059,-0.932494580745697,0.02472900226712227,-0.40481653809547424,0.035684920847415924,-0.6225979924201965,0.09873571991920471,-0.7448973655700684,0.1312044858932495,-0.8273968696594238,0.15402089059352875
swipe_right,0.0,0.0,-0.15145935118198395,-0.1911902129650116,-0.3588300347328186,-0.28843578696250916,-0.5256460905075073,-0.2762450873851776,-0.6458707451820374,-0.19309112429618835,-0.4431148171424866,-0.40631628036499023,-0.6970121264457703,-0.32177579402923584,-0.8505719304084778,-0.25219541788101196,-0.948506772518158,-0.19766280055046082,-0.4513034224510193,-0.29095935821533203,-0.7329117655754089,-0.2565917670726776,-0.8911218643188477,-0.20506952702999115,-1.0,-0.16237495839595795,-0.44104450941085815,-0.14092442393302917,-0.7098936438560486,-0.09288963675498962,-0.8019510507583618,-0.03001200035214424,-0.845866322517395,0.001305520418100059,-0.4149019122123718,0.03805922344326973,-0.6368385553359985,0.06989260017871857,-0.7399407625198364,0.11058234423398972,-0.8076103925704956,0.14198517799377441
swipe_right,0.0,0.0,-0.14220449328422546,-0.22586701810359955,-0.35991522669792175,-0.37781500816345215,-0.5615689754486084,-0.41207149624824524,-0.7123200297355652,-0.35636234283447266,-0.4086840748786926,-0.5019952654838562,-0.7114355564117432,-0.500046968460083,-0.870527982711792,-0.4253738224506378,-0.9751572608947754,-0.34758904576301575,-0.3990543782711029,-0.3797304928302765,-0.7234566807746887,-0.361110657453537,-0.8884201645851135,-0.27815932035446167,-1.0,-0.19811250269412994,-0.39522406458854675,-0.2194039523601532,-0.6885379552841187,-0.20870943367481232,-0.8448576927185059,-0.14285896718502045,-0.9439469575881958,-0.07811610400676727,-0.40238550305366516,-0.03509282320737839,-0.6380090713500977,-0.02828301675617695,-0.772991418838501,0.00486270897090435,-0.8708680272102356,0.049175359308719635
swipe_right,0.0,0.0,-0.12405476719141006,-0.2775639295578003,-0.32653799653053284,-0.4396120011806488,-0.5239028930664062,-0.48549556732177734,-0.6684183478355408,-0.43020516633987427,-0.4112907946109772,-0.5785156488418579,-0.7355892658233643,-0.5849696397781372,-0.8804680705070496,-0.47397130727767944,-0.9500940442085266,-0.36516904830932617,-0.4135458171367645,-0.46145346760749817,-0.772706151008606,-0.49259254336357117,-0.925393283367157,-0.3754221796989441,-1.0,-0.26154419779777527,-0.40797024965286255,-0.284373015165329,-0.7411930561065674,-0.28541526198387146,-0.8769975900650024,-0.19142882525920868,-0.9409177899360657,-0.11951038986444473,-0.39736101031303406,-0.06903232634067535,-0.6651684641838074,-0.07866697013378143,-0.7987027168273926,-0.030416779220104218,-0.8860424757003784,0.01119950320571661
swipe_right,0.0,0.0,-0.12871196866035461,-0.2726649045944214,-0.3376486003398895,-0.4241088330745697,-0.53785240650177,-0.45655518770217896,-0.6783162355422974,-0.3889930248260498,-0.4254242181777954,-0.5581651329994202,-0.7661189436912537,-0.5331897735595703,-0.9060848951339722,-0.4007970094680786,-0.967583417892456,-0.2795455753803253,-0.42316722869873047,-0.4289468824863434,-0.7996625900268555,-0.4208376109600067,-0.9409723281860352,-0.28752338886260986,-1.0,-0.16858845949172974,-0.4135934114456177,-0.24584445357322693,-0.7623348832130432,-0.23163914680480957,-0.8919084072113037,-0.13371850550174713,-0.9477211236953735,-0.05892665684223175,-0.39780694246292114,-0.028752533718943596,-0.6701908111572266,-0.02731712907552719,-0.801334798336029,0.019267646595835686,-0.885850191116333,0.06116696447134018
swipe_right,0.0,0.0,-0.1526341736316681,-0.27602434158325195,-0.3689535856246948,-0.4141308069229126,-0.5540462136268616,-0.42776697874069214,-0.681926965713501,-0.3297199010848999,-0.47524943947792053,-0.5418072938919067,-0.8179523944854736,-0.45911023020744324,-0.9264504909515381,-0.3058917224407196,-0.9616563320159912,-0.19203120470046997,-0.4621969163417816,-0.39561980962753296,-0.8071646690368652,-0.2841387391090393,-0.9376978874206543,-0.1678658127784729,-1.0,-0.07411084324121475,-0.43473976850509644,-0.2057058960199356,-0.7613140344619751,-0.13362929224967957,-0.8888392448425293,-0.05956427752971649,-0.9514543414115906,-0.007037047296762466,-0.39826667308807373,0.011364574544131756,-0.6601352095603943,0.057058002799749374,-0.7799181342124939,0.10247069597244263,-0.8566226363182068,0.1409207284450531
swipe_right,0.0,0.0,-0.18915070593357086,-0.3080153167247772,-0.4571200907230377,-0.4529931843280792,-0.7050547003746033,-0.4693685472011566,-0.8623886108398438,-0.3777461647987366,-0.5634282827377319,-0.6171576380729675,-0.9478210210800171,-0.45781105756759644,-0.985345721244812,-0.26871609687805176,-0.943186342716217,-0.16592542827129364,-0.5513017773628235,-0.44558680057525635,-0.9269819259643555,-0.2435007244348526,-0.9932686686515808,-0.07138028740882874,-1.0,0.03786289691925049,-0.5228752493858337,-0.2253599613904953,-0.837103545665741,-0.04264376685023308,-0.841976523399353,0.05877840146422386,-0.8016411662101746,0.10205881297588348,-0.47749876976013184,0.022138962522149086,-0.7621472477912903,0.11172809451818466,-0.8694565892219543,0.17751722037792206,-0.9376773238182068,0.22308717668056488
swipe_right,0.0,0.0,-0.18915070593357086,-0.3080153167247772,-0.4571200907230377,-0.4529931843280792,-0.7050547003746033,-0.4693685472011566,-0.8623886108398438,-0.3777461647987366,-0.5634282827377319,-0.6171576380729675,-0.9478210210800171,-0.45781105756759644,-0.985345721244812,-0.26871609687805176,-0.943186342716217,-0.16592542827129364,-0.5513017773628235,-0.44558680057525635,-0.9269819259643555,-0.2435007244348526,-0.9932686686515808,-0.07138028740882874,-1.0,0.03786289691925049,-0.5228752493858337,-0.2253599613904953,-0.837103545665741,-0.04264376685023308,-0.841976523399353,0.05877840146422386,-0.8016411662101746,0.10205881297588348,-0.47749876976013184,0.022138962522149086,-0.7621472477912903,0.11172809451818466,-0.8694565892219543,0.17751722037792206,-0.9376773238182068,0.22308717668056488
swipe_right,0.0,0.0,-0.17762526869773865,-0.2513173818588257,-0.42436662316322327,-0.38381630182266235,-0.6374162435531616,-0.41314640641212463,-0.7827044129371643,-0.33618229627609253,-0.5586742758750916,-0.5054812431335449,-0.8824458718299866,-0.2838287353515625,-0.9464338421821594,-0.09692977368831635,-0.9417719841003418,0.0224769189953804,-0.5445623397827148,-0.3720351457595825,-0.8858980536460876,-0.15947820246219635,-0.9735854864120483,0.0043790810741484165,-1.0,0.14559052884578705,-0.5111324191093445,-0.19335608184337616,-0.8256206512451172,-0.02058802731335163,-0.9204928278923035,0.08761748671531677,-0.9560080766677856,0.1658318191766739,-0.46321308612823486,0.026020793244242668,-0.7259812355041504,0.12094558775424957,-0.8383321762084961,0.19791927933692932,-0.911551296710968,0.26207074522972107
swipe_right,0.0,0.0,-0.18037541210651398,-0.2839469015598297,-0.431683212518692,-0.42006832361221313,-0.6431173086166382,-0.4096873700618744,-0.7817169427871704,-0.30765512585639954,-0.5565078854560852,-0.5463491082191467,-0.9273157715797424,-0.4203416705131531,-1.0,-0.25748181343078613,-0.9848390817642212,-0.1494864970445633,-0.5408765077590942,-0.37298470735549927,-0.8807672262191772,-0.1793404370546341,-0.8718407154083252,-0.03761070594191551,-0.8200746178627014,0.018646614626049995,-0.505702555179596,-0.1535312980413437,-0.8341562151908875,-0.015927808359265327,-0.7948075532913208,0.08130934089422226,-0.7180690765380859,0.11195332556962967,-0.4542487561702728,0.08810074627399445,-0.7605158686637878,0.15097464621067047,-0.866006076335907,0.20860648155212402,-0.9259636998176575,0.2467307150363922
swipe_right,0.0,0.0,-0.1702340841293335,-0.2567017674446106,-0.4054223597049713,-0.38705578446388245,-0.5987638235092163,-0.3926773965358734,-0.7296597361564636,-0.30184823274612427,-0.5440598130226135,-0.5069266557693481,-0.9075811505317688,-0.42128631472587585,-0.9936270117759705,-0.2531510889530182,-1.0,-0.131025493144989,-0.5263445377349854,-0.362091064453125,-0.8836109042167664,-0.22902068495750427,-0.972066342830658,-0.08963906764984131,-0.9944733381271362,-0.0014914402272552252,-0.4865665137767792,-0.16263383626937866,-0.838193953037262,-0.10111020505428314,-0.9075093269348145,-0.010926051996648312,-0.9185274839401245,0.03083515726029873,-0.4291858673095703,0.06769321113824844,-0.7101733088493347,0.10435052216053009,-0.8076468706130981,0.14815157651901245,-0.8593378067016602,0.17313523590564728
swipe_right,0.0,0.0,-0.1821698546409607,-0.24852430820465088,-0.41541340947151184,-0.3676997423171997,-0.6037617921829224,-0.36493387818336487,-0.7266864776611328,-0.28107526898384094,-0.5565006732940674,-0.48289954662323,-0.9215033650398254,-0.3595729172229767,-0.9912692904472351,-0.1946861445903778,-0.9751324653625488,-0.09308286756277084,-0.5386685132980347,-0.3340801000595093,-0.8915656805038452,-0.17881740629673004,-0.9682039022445679,-0.03784261271357536,-0.9719664454460144,0.042978931218385696,-0.5007032752037048,-0.13242317736148834,-0.8455004096031189,-0.030104707926511765,-0.958463728427887,0.06504017114639282,-1.0,0.10917492210865021,-0.4501805007457733,0.10239380598068237,-0.7381839752197266,0.15928442776203156,-0.8528069853782654,0.22274555265903473,-0.9148368835449219,0.26466673612594604
swipe_right,0.0,0.0,-0.160075381398201,-0.2597302794456482,-0.39549362659454346,-0.3748132288455963,-0.5928454399108887,-0.34652331471443176,-0.7219821214675903,-0.2373833954334259,-0.5167038440704346,-0.4797740876674652,-0.8298346400260925,-0.3134801685810089,-0.9391046166419983,-0.17755195498466492,-0.9850362539291382,-0.09044018387794495,-0.48156800866127014,-0.3200152516365051,-0.8169987797737122,-0.1756623536348343,-0.936141312122345,-0.050331372767686844,-1.0,0.04175444692373276,-0.4293504059314728,-0.11192629486322403,-0.7450178265571594,-0.010704763233661652,-0.8439068794250488,0.07899045199155807,-0.893195390701294,0.1281677931547165,-0.37575066089630127,0.13360638916492462,-0.6102314591407776,0.20032073557376862,-0.723395586013794,0.24348831176757812,-0.7983108162879944,0.27579864859580994
swipe_right,0.0,0.0,-0.19065628945827484,-0.26615530252456665,-0.4335234761238098,-0.38114479184150696,-0.6317536234855652,-0.3613440692424774,-0.7658546566963196,-0.24613149464130402,-0.5609207153320312,-0.5030245780944824,-0.9259182214736938,-0.32827216386795044,-0.9790342450141907,-0.16067330539226532,-0.9612858891487122,-0.06969023495912552,-0.532811164855957,-0.3432914912700653,-0.9210919737815857,-0.18442581593990326,-0.9922587275505066,-0.02821909263730049,-1.0,0.07342499494552612,-0.4868936836719513,-0.12872669100761414,-0.819563090801239,-0.0013551455922424793,-0.8454227447509766,0.10125739872455597,-0.8230425715446472,0.14978943765163422,-0.4294963777065277,0.11647717654705048,-0.6916470527648926,0.20113888382911682,-0.7847052216529846,0.25033414363861084,-0.8397806882858276,0.28135406970977783
swipe_right,0.0,0.0,-0.16975431144237518,-0.2638191878795624,-0.40507957339286804,-0.36300498247146606,-0.6115991473197937,-0.3342488408088684,-0.7406327724456787,-0.22765561938285828,-0.5208989977836609,-0.4740698039531708,-0.8547362685203552,-0.29935771226882935,-0.9511647820472717,-0.1366899162530899,-0.9774852395057678,-0.029686883091926575,-0.4969365894794464,-0.32360363006591797,-0.8531171083450317,-0.16800199449062347,-0.9535085558891296,-0.037193432450294495,-1.0,0.056825876235961914,-0.45457860827445984,-0.13017505407333374,-0.7571135759353638,0.00509317172691226,-0.7660990953445435,0.09534510225057602,-0.7353842854499817,0.1411285400390625,-0.4029497504234314,0.0966058149933815,-0.6677341461181641,0.16723115742206573,-0.742419958114624,0.21649537980556488,-0.7732818126678467,0.2540300786495209
swipe_right,0.0,0.0,-0.1583731770515442,-0.22223339974880219,-0.3793449401855469,-0.31260162591934204,-0.5578790307044983,-0.2758294939994812,-0.6789540648460388,-0.17257662117481232,-0.47716379165649414,-0.41546502709388733,-0.7685676217079163,-0.28490015864372253,-0.9118621945381165,-0.19417227804660797,-1.0,-0.13492119312286377,-0.45043429732322693,-0.25731199979782104,-0.7526673078536987,-0.09394102543592453,-0.8533514738082886,0.033596575260162354,-0.9054482579231262,0.11788632720708847,-0.40945470333099365,-0.06862864643335342,-0.6769960522651672,0.07146980613470078,-0.6496443748474121,0.151619553565979,-0.5939198732376099,0.18008852005004883,-0.35786154866218567,0.1239677369594574,-0.5774673223495483,0.2268866002559662,-0.5736554861068726,0.2878124713897705,-0.5387019515037537,0.3209834694862366
swipe_right,0.0,0.0,-0.1583731770515442,-0.22223339974880219,-0.3793449401855469,-0.31260162591934204,-0.5578790307044983,-0.2758294939994812,-0.6789540648460388,-0.17257662117481232,-0.47716379165649414,-0.41546502709388733,-0.7685676217079163,-0.28490015864372253,-0.9118621945381165,-0.19417227804660797,-1.0,-0.13492119312286377,-0.45043429732322693,-0.25731199979782104,-0.7526673078536987,-0.09394102543592453,-0.8533514738082886,0.033596575260162354,-0.9054482579231262,0.11788632720708847,-0.40945470333099365,-0.06862864643335342,-0.6769960522651672,0.07146980613470078,-0.6496443748474121,0.151619553565979,-0.5939198732376099,0.18008852005004883,-0.35786154866218567,0.1239677369594574,-0.5774673223495483,0.2268866002559662,-0.5736554861068726,0.2878124713897705,-0.5387019515037537,0.3209834694862366
swipe_right,0.0,0.0,-0.22643344104290009,-0.2828628718852997,-0.3577948808670044,-0.5148079991340637,-0.45076048374176025,-0.7027138471603394,-0.5199694633483887,-0.8532617092132568,-0.18696680665016174,-0.8262823820114136,-0.3621612787246704,-1.0,-0.4872085452079773,-0.9321399331092834,-0.5507662892341614,-0.8451095223426819,-0.10749652236700058,-0.8143152594566345,-0.3245583474636078,-0.9664145708084106,-0.45126378536224365,-0.875347912311554,-0.5114911794662476,-0.771120548248291,-0.03899434208869934,-0.7633649110794067,-0.2792213559150696,-0.85024094581604,-0.4082837700843811,-0.7356140613555908,-0.46790221333503723,-0.6066280007362366,0.00016052948194555938,-0.677980363368988,-0.21058163046836853,-0.7500416040420532,-0.3491053581237793,-0.7012940049171448,-0.4397217333316803,-0.6287028789520264
swipe_right,0.0,0.0,-0.2989872097969055,-0.14089523255825043,-0.5749174356460571,-0.2582032084465027,-0.7978867888450623,-0.31230428814888,-1.0,-0.36015650629997253,-0.426427960395813,-0.5576525330543518,-0.6524191498756409,-0.075678750872612,-0.6435589790344238,0.09108387678861618,-0.5828789472579956,0.04566309601068497,-0.19865576922893524,-0.42565804719924927,-0.4490446448326111,0.09684285521507263,-0.42266085743904114,0.19666482508182526,-0.3610548973083496,0.15471424162387848,-0.009876015596091747,-0.24745188653469086,-0.26293104887008667,0.21967795491218567,-0.21898053586483002,0.30590447783470154,-0.1379358023405075,0.27499520778656006,0.15284721553325653,-0.050229255110025406,-0.0404825434088707,0.2806434631347656,-0.03286239132285118,0.3668632209300995,0.027940144762396812,0.3600292205810547
swipe_right,0.0,0.0,-0.2880410850048065,-0.0980663076043129,-0.5645096898078918,-0.2625945210456848,-0.7987093925476074,-0.317670077085495,-1.0,-0.2851325273513794,-0.3276319205760956,-0.567939043045044,-0.5503044128417969,-0.013991194777190685,-0.5023645162582397,0.06349748373031616,-0.4249473512172699,-0.04682546854019165,-0.1026444062590599,-0.45238882303237915,-0.37473201751708984,0.12893038988113403,-0.32841065526008606,0.10852526873350143,-0.25967416167259216,-0.020771069452166557,0.09163719415664673,-0.2724035978317261,-0.18929991126060486,0.21979889273643494,-0.154001384973526,0.20324839651584625,-0.08717438578605652,0.09250412881374359,0.2490791529417038,-0.07028310000896454,0.046116605401039124,0.28135859966278076,0.03960925340652466,0.2556833028793335,0.08231102675199509,0.15029630064964294
swipe_right,0.0,0.0,-0.28015977144241333,-0.15155942738056183,-0.5624299645423889,-0.3911156952381134,-0.799049437046051,-0.4919332265853882,-1.0,-0.5164397954940796,-0.15580816566944122,-0.8362646102905273,-0.5068008303642273,-0.34890270233154297,-0.5941763520240784,-0.11735206097364426,-0.5458583235740662,-0.14129270613193512,0.105091892182827,-0.6649633049964905,-0.3090117573738098,-0.12112144380807877,-0.40721091628074646,0.06698012351989746,-0.3541143238544464,0.049909383058547974,0.3057696521282196,-0.41202816367149353,-0.09341390430927277,0.10304418951272964,-0.19076719880104065,0.2372456192970276,-0.13647997379302979,0.17480838298797607,0.4595976173877716,-0.12814165651798248,0.16217449307441711,0.25975552201271057,0.061523739248514175,0.35033732652664185,0.09810947626829147,0.2886662781238556
swipe_right,0.0,0.0,-0.283949077129364,-0.13360269367694855,-0.5946567058563232,-0.1654171347618103,-0.8364819288253784,-0.11154205352067947,-1.0,-0.04884231835603714,-0.43245378136634827,-0.2945610582828522,-0.733119785785675,0.09553956985473633,-0.7767137289047241,0.2455696016550064,-0.7355194687843323,0.2444014549255371,-0.26180681586265564,-0.14412571489810944,-0.5950480103492737,0.24033485352993011,-0.6403948664665222,0.3942345380783081,-0.5886971950531006,0.4062502086162567,-0.09836406260728836,0.02978651598095894,-0.4229278266429901,0.3799896538257599,-0.4833199977874756,0.5180612206459045,-0.43782874941825867,0.5153203010559082,0.04425805062055588,0.21880441904067993,-0.2378501147031784,0.5069083571434021,-0.32552579045295715,0.6242295503616333,-0.3135923445224762,0.6443969011306763
swipe_right,0.0,0.0,-0.316961407661438,-0.08775264024734497,-0.6039183735847473,-0.28899869322776794,-0.8148484826087952,-0.39339473843574524,-1.0,-0.39580923318862915,-0.41075071692466736,-0.7038576006889343,-0.6341896057128906,-0.3141847550868988,-0.5939441323280334,-0.10285025089979172,-0.5341489315032959,-0.14689825475215912,-0.23824770748615265,-0.6626358032226562,-0.5031682252883911,-0.21087007224559784,-0.4598899781703949,-0.0356719084084034,-0.4000251293182373,-0.1062287986278534,-0.07717804610729218,-0.5287425518035889,-0.3423421382904053,-0.15259483456611633,-0.31300368905067444,0.002005788264796138,-0.2533753514289856,-0.055478427559137344,0.056333065032958984,-0.3605459928512573,-0.15069206058979034,-0.08572462201118469,-0.15459172427654266,0.018684780225157738,-0.103117436170578,-0.018440255895256996
swipe_right,0.0,0.0,-0.27550438046455383,0.030840609222650528,-0.5116217732429504,-0.017344988882541656,-0.6834997534751892,-0.012729108333587646,-0.8330163955688477,-0.0018939703004434705,-0.5297685265541077,-0.4173431098461151,-0.8236740231513977,-0.4030442535877228,-0.946226954460144,-0.19011157751083374,-1.0,0.00127708469517529,-0.4216524064540863,-0.39439839124679565,-0.7287287712097168,-0.3776986300945282,-0.8528255820274353,-0.10215207189321518,-0.8926900625228882,0.10399380326271057,-0.29880788922309875,-0.29006150364875793,-0.5508634448051453,-0.2846851348876953,-0.6627152562141418,-0.02410132996737957,-0.6958518624305725,0.1605144441127777,-0.17531011998653412,-0.1279006153345108,-0.3573231101036072,-0.10536853969097137,-0.46214404702186584,0.0725126788020134,-0.5054570436477661,0.2226770967245102
swipe_right,0.0,0.0,-0.27043434977531433,0.038305629044771194,-0.4903143644332886,-0.024725545197725296,-0.64441978931427,-0.07325933873653412,-0.7794108986854553,-0.09493669122457504,-0.49654850363731384,-0.39990755915641785,-0.7669510245323181,-0.3875819444656372,-0.9151430130004883,-0.25864076614379883,-1.0,-0.13225503265857697,-0.4076714813709259,-0.39176201820373535,-0.7006803750991821,-0.35887405276298523,-0.8458557724952698,-0.15849459171295166,-0.9100340604782104,0.003645929042249918,-0.3060535490512848,-0.3004342019557953,-0.5343382358551025,-0.22204941511154175,-0.6483886241912842,-0.023067979142069817,-0.6932567954063416,0.11969391256570816,-0.20467352867126465,-0.151530459523201,-0.3778315782546997,-0.06270012259483337,-0.46843087673187256,0.06424017995595932,-0.5091540217399597,0.16317863762378693
swipe_right,0.0,0.0,-0.2665829658508301,-0.018948543816804886,-0.48313167691230774,-0.09122612327337265,-0.6422230005264282,-0.12932850420475006,-0.7782894372940063,-0.13336661458015442,-0.49613475799560547,-0.4576821029186249,-0.7587300539016724,-0.42572256922721863,-0.9055176973342896,-0.30541324615478516,-1.0,-0.17940811812877655,-0.40844157338142395,-0.42412832379341125,-0.690771222114563,-0.368010014295578,-0.8379332423210144,-0.1617700606584549,-0.913905680179596,0.013203449547290802,-0.3159140348434448,-0.31187960505485535,-0.5434442758560181,-0.2196189910173416,-0.672076404094696,-0.021757187321782112,-0.732313334941864,0.12956371903419495,-0.22901369631290436,-0.147487074136734,-0.39164939522743225,-0.06876400858163834,-0.4825248122215271,0.06444210559129715,-0.5284932255744934,0.17641028761863708
swipe_right,0.0,0.0,-0.2153422087430954,-0.060281798243522644,-0.4422539174556732,-0.11797639727592468,-0.6229797601699829,-0.11660245805978775,-0.7667838931083679,-0.0871865376830101,-0.48285597562789917,-0.39060381054878235,-0.7539713382720947,-0.2998349666595459,-0.9036694169044495,-0.15377895534038544,-1.0,-0.009759965352714062,-0.3883741497993469,-0.3411937952041626,-0.6786420345306396,-0.23271141946315765,-0.8217399716377258,-0.009054435417056084,-0.8940894603729248,0.17076152563095093,-0.2811117172241211,-0.22483134269714355,-0.5282270312309265,-0.13232523202896118,-0.6523712277412415,0.078013114631176,-0.7025876045227051,0.23335058987140656,-0.18277423083782196,-0.06393428146839142,-0.3773041069507599,0.013833482749760151,-0.49556875228881836,0.15296435356140137,-0.5579760074615479,0.26328185200691223
swipe_right,0.0,0.0,-0.336028516292572,0.01155923679471016,-0.5876120924949646,0.0010184426791965961,-0.7791789174079895,0.04417259246110916,-0.8941497802734375,0.09905911982059479,-0.5649588108062744,-0.5426177978515625,-0.8173197507858276,-0.33878758549690247,-0.9306867718696594,-0.08443547785282135,-1.0,0.11812347918748856,-0.4356634020805359,-0.48873934149742126,-0.7149903178215027,-0.19175958633422852,-0.8702531456947327,0.11827872693538666,-0.9491199254989624,0.34337925910949707,-0.32052087783813477,-0.3452606499195099,-0.5805240869522095,-0.06715849786996841,-0.7297574877738953,0.21636627614498138,-0.8011870384216309,0.41272789239883423,-0.22692522406578064,-0.1485164761543274,-0.44335487484931946,0.06295569241046906,-0.5707271695137024,0.2544602155685425,-0.6526572704315186,0.39787590503692627
swipe_right,0.0,0.0,-0.21256013214588165,-0.11874374002218246,-0.4598461985588074,-0.1873662769794464,-0.6625329852104187,-0.16474728286266327,-0.7989194989204407,-0.09987068921327591,-0.5089969635009766,-0.4804527163505554,-0.8182656764984131,-0.317379891872406,-0.9393022656440735,-0.07965359091758728,-1.0,0.1041567325592041,-0.413040429353714,-0.39425185322761536,-0.7438049912452698,-0.21208490431308746,-0.8876049518585205,0.04624018445611,-0.9495123624801636,0.22576738893985748,-0.31659209728240967,-0.241169273853302,-0.5960488319396973,-0.06676802784204483,-0.7455320358276367,0.16249334812164307,-0.8066816329956055,0.3155851662158966,-0.23405714333057404,-0.04681453853845596,-0.4508148729801178,0.11020810902118683,-0.5982867479324341,0.25668245553970337,-0.6862732172012329,0.35922786593437195
swipe_right,0.0,0.0,0.16670162975788116,-0.08459039777517319,0.3705890476703644,-0.104410819709301,0.5263818502426147,-0.04248708114027977,0.6399010419845581,0.05585816502571106,0.4566515386104584,-0.1821276694536209,0.7458521723747253,-0.13807284832000732,0.8935583233833313,-0.09137968719005585,1.0,-0.05694761872291565,0.4082608222961426,-0.13547098636627197,0.7180942893028259,-0.049756333231925964,0.8254780769348145,0.14058437943458557,0.8692730069160461,0.31001269817352295,0.3452208340167999,-0.014924992807209492,0.6419883966445923,0.137351855635643,0.6949228048324585,0.3305170238018036,0.6956996321678162,0.47859513759613037,0.2828676700592041,0.14535342156887054,0.5123775601387024,0.27109307050704956,0.5970038175582886,0.399991899728775,0.6507232785224915,0.5140877366065979
swipe_right,0.0,0.0,0.1540234535932541,-0.12851683795452118,0.3695804178714752,-0.19049443304538727,0.5377148389816284,-0.14324507117271423,0.6620795130729675,-0.05347232520580292,0.43111932277679443,-0.32091429829597473,0.7187148928642273,-0.3496975004673004,0.8860822916030884,-0.35789012908935547,1.0,-0.35708102583885193,0.39129194617271423,-0.2771260142326355,0.7163810133934021,-0.2725352346897125,0.8606212139129639,-0.09521636366844177,0.914594292640686,0.08075833320617676,0.3400574326515198,-0.1468261480331421,0.6444609761238098,-0.06009920686483383,0.7288178205490112,0.1435493528842926,0.7433355450630188,0.30630627274513245,0.2879035770893097,0.036180850118398666,0.5290295481681824,0.14530110359191895,0.6227445602416992,0.2712956368923187,0.6758387088775635,0.3764508068561554
swipe_right,0.0,0.0,0.1639920473098755,-0.11767413467168808,0.3643147647380829,-0.1763913929462433,0.5206119418144226,-0.15423382818698883,0.6406241655349731,-0.10404951870441437,0.4432865083217621,-0.2858572006225586,0.7371520400047302,-0.3125135004520416,0.8907864689826965,-0.31324124336242676,1.0,-0.3153548538684845,0.40848690271377563,-0.23670503497123718,0.7246074676513672,-0.22443634271621704,0.8442127704620361,-0.05828588083386421,0.8881891369819641,0.09989273548126221,0.3584451973438263,-0.10788757354021072,0.6518881320953369,-0.008749368600547314,0.7145307064056396,0.18665868043899536,0.7212487459182739,0.3427281081676483,0.3050205707550049,0.06586242467164993,0.5293113589286804,0.15758651494979858,0.6267295479774475,0.2738165557384491,0.6910360455513,0.38207411766052246
swipe_right,0.0,0.0,0.21220290660858154,-0.04036513343453407,0.47996625304222107,-0.07929525524377823,0.7002516984939575,-0.10297634452581406,0.8630952835083008,-0.1425590068101883,0.5010931491851807,-0.13232125341892242,0.7867651581764221,-0.13656891882419586,0.9127944111824036,-0.10698454827070236,1.0,-0.06604748219251633,0.4206349551677704,-0.05997498705983162,0.6840299367904663,-0.06945429742336273,0.7765682339668274,0.10448136180639267,0.8157476782798767,0.28859639167785645,0.31390735507011414,0.0894865170121193,0.5576967000961304,0.163579061627388,0.6184935569763184,0.36599114537239075,0.6541029810905457,0.5517202019691467,0.20397932827472687,0.2888048589229584,0.3975610136985779,0.3753412663936615,0.5026376843452454,0.5064977407455444,0.5996912121772766,0.649800717830658
swipe_right,0.0,0.0,0.1840282827615738,-0.10793361067771912,0.42832350730895996,-0.20849527418613434,0.6362948417663574,-0.24408750236034393,0.7852468490600586,-0.2691175937652588,0.4257344901561737,-0.3584882318973541,0.7020736336708069,-0.4619387984275818,0.8491239547729492,-0.4408642053604126,0.9251794219017029,-0.40915364027023315,0.3857356905937195,-0.29329055547714233,0.7625342011451721,-0.31479358673095703,0.9335488677024841,-0.11716613918542862,1.0,0.0726996660232544,0.34188568592071533,-0.14874906837940216,0.6717314124107361,-0.06430450826883316,0.7908940315246582,0.16658183932304382,0.8287036418914795,0.33915096521377563,0.29637256264686584,0.04098132252693176,0.5519086122512817,0.15240544080734253,0.6683894991874695,0.30450862646102905,0.7303451299667358,0.42571404576301575
swipe_right,0.0,0.0,0.16045361757278442,-0.08923670649528503,0.35743701457977295,-0.13227282464504242,0.5096288323402405,-0.08997690677642822,0.6303212642669678,-0.01595861278474331,0.4186772406101227,-0.23004204034805298,0.7226951122283936,-0.252973735332489,0.8883477449417114,-0.23186253011226654,1.0,-0.19829753041267395,0.3858815133571625,-0.17990842461585999,0.7127042412757874,-0.18986840546131134,0.8410273790359497,-0.009523356333374977,0.8830814361572266,0.16990813612937927,0.3305451273918152,-0.045175883919000626,0.6393928527832031,0.04844510182738304,0.7086499929428101,0.2489282339811325,0.7089723348617554,0.41092604398727417,0.26974165439605713,0.13653331995010376,0.5021712183952332,0.2223624289035797,0.6047264337539673,0.353293240070343,0.6695564389228821,0.4782610833644867
swipe_right,0.0,0.0,0.1354977935552597,-0.15240366756916046,0.34140920639038086,-0.25902026891708374,0.515769362449646,-0.24191850423812866,0.6466839909553528,-0.17360146343708038,0.3729577362537384,-0.385056734085083,0.6887691020965576,-0.4534887373447418,0.8729870319366455,-0.4527381658554077,1.0,-0.43643996119499207,0.35104113817214966,-0.278618186712265,0.6966557502746582,-0.2784316837787628,0.8456677198410034,-0.1026756763458252,0.8982618451118469,0.07305145263671875,0.3154286742210388,-0.1049698069691658,0.631550133228302,-0.048218902200460434,0.7256921529769897,0.12071571499109268,0.7434816956520081,0.2560054063796997,0.2834118902683258,0.10488300025463104,0.5174984931945801,0.197946235537529,0.6215000152587891,0.31358686089515686,0.6818960905075073,0.4077000319957733
swipe_right,0.0,0.0,-0.10497327148914337,-0.2723177671432495,-0.12204338610172272,-0.5033117532730103,-0.04368320479989052,-0.679327130317688,0.04628868028521538,-0.7700777649879456,-0.17121601104736328,-0.596879243850708,-0.058390192687511444,-0.8823933005332947,0.06682924926280975,-0.9578061103820801,0.15897910296916962,-0.9666385650634766,-0.07615604996681213,-0.5886651873588562,0.033311374485492706,-0.9296903610229492,0.1512889713048935,-1.0,0.229115828871727,-0.9896278977394104,0.03913130611181259,-0.5521663427352905,0.12175524979829788,-0.8814979195594788,0.2255466729402542,-0.9568489789962769,0.2998330891132355,-0.959349513053894,0.16877436637878418,-0.4863167107105255,0.22571761906147003,-0.7434655427932739,0.28332245349884033,-0.8494687676429749,0.3365381360054016,-0.911381185054779
swipe_right,0.0,0.0,0.24088798463344574,-0.2961159348487854,0.48752841353416443,-0.5746578574180603,0.7222394943237305,-0.6704081296920776,0.9035153985023499,-0.7311817407608032,0.1513153314590454,-1.0,0.5805106163024902,-0.8812972903251648,0.8156127333641052,-0.5187788605690002,0.9132847785949707,-0.2662808895111084,0.007492709439247847,-0.7171333432197571,0.5696008801460266,-0.5158709287643433,0.8244403600692749,-0.10830749571323395,0.9239147901535034,0.17581422626972198,-0.09265054017305374,-0.3214057683944702,0.4537010192871094,-0.05052853003144264,0.6892467141151428,0.2904289960861206,0.7819675207138062,0.5024210214614868,-0.15858283638954163,0.12157448381185532,0.2660106420516968,0.32935643196105957,0.47421637177467346,0.5501310229301453,0.5839870572090149,0.6952564120292664
swipe_right,0.0,0.0,0.16445477306842804,-0.09592501074075699,0.3495192229747772,-0.09873794764280319,0.5717258453369141,0.06900066882371902,0.7659910321235657,0.26804426312446594,-0.008740795776247978,-0.5144697427749634,0.5054591298103333,-0.2958226501941681,0.7688090801239014,0.029745321720838547,0.8865034580230713,0.28531599044799805,-0.06595593690872192,-0.33704856038093567,0.555738091468811,0.010254384949803352,0.7845489382743835,0.40907204151153564,0.8428053259849548,0.7373132705688477,-0.08349456638097763,-0.053888168185949326,0.4939558804035187,0.2772025763988495,0.6875600218772888,0.646028459072113,0.7245340347290039,0.953669548034668,-0.06680925190448761,0.279779314994812,0.2967132329940796,0.5196378827095032,0.4617193639278412,0.7687981128692627,0.5360314846038818,1.0
swipe_right,0.0,0.0,0.182252898812294,-0.08567153662443161,0.4170120656490326,-0.030044784769415855,0.5885477662086487,0.1664573848247528,0.6976928114891052,0.3830919861793518,0.5467210412025452,-0.24435409903526306,0.802341639995575,-0.002460332354530692,0.9093389511108398,0.22426092624664307,0.9511726498603821,0.40072211623191833,0.49694517254829407,-0.09803561121225357,0.7469128966331482,0.29328957200050354,0.8092755675315857,0.5682178735733032,0.8085271716117859,0.7723743319511414,0.41615286469459534,0.12125731259584427,0.663186252117157,0.5025227665901184,0.7479361891746521,0.7581939101219177,0.7763168811798096,0.9501219391822815,0.3167157471179962,0.3731893301010132,0.4963662624359131,0.6737878322601318,0.575583815574646,0.8558981418609619,0.6218743920326233,1.0
swipe_right,0.0,0.0,0.11071213334798813,-0.2730921506881714,0.34786826372146606,-0.5077883005142212,0.5834869146347046,-0.597318172454834,0.7316696047782898,-0.6924126744270325,0.2849828004837036,-0.54721999168396,0.5841726660728455,-0.6268178820610046,0.7796782851219177,-0.5694248080253601,0.9057591557502747,-0.494788259267807,0.3010050654411316,-0.32819464802742004,0.6234501004219055,-0.35848990082740784,0.843832790851593,-0.2774946391582489,0.9949010014533997,-0.17991141974925995,0.30684250593185425,-0.05102604627609253,0.6267988085746765,-0.04269643872976303,0.848900556564331,0.04054936394095421,1.0,0.12875261902809143,0.3112601637840271,0.24419865012168884,0.5597153902053833,0.3011700212955475,0.720466136932373,0.3717896342277527,0.8437420129776001,0.44643154740333557
swipe_right,0.0,0.0,0.05436800792813301,-0.26275742053985596,0.029181167483329773,-0.5597956776618958,-0.0005736812599934638,-0.7672438025474548,-0.03348005563020706,-0.9211846590042114,-0.13603204488754272,-0.7287331819534302,-0.11037085205316544,-1.0,0.02781413495540619,-0.9954180121421814,0.14098994433879852,-0.8760901093482971,-0.1617562472820282,-0.6977587938308716,-0.11177857965230942,-0.9919233918190002,0.053889721632003784,-0.9770829677581787,0.16758319735527039,-0.8524733185768127,-0.15938669443130493,-0.6511829495429993,-0.11057958751916885,-0.9342012405395508,0.0524321049451828,-0.9303942322731018,0.16249313950538635,-0.8271014094352722,-0.1413649618625641,-0.5881712436676025,-0.09824127703905106,-0.8124250173568726,0.014161307364702225,-0.8535104393959045,0.10565537959337234,-0.8088845014572144
swipe_right,0.0,0.0,0.12574240565299988,-0.1301150619983673,0.14584395289421082,-0.3304808735847473,0.16825544834136963,-0.4551640748977661,0.1882558912038803,-0.5586488842964172,-0.08458086103200912,-0.5395978093147278,-0.13911665976047516,-0.7809142470359802,-0.06039375066757202,-0.9090187549591064,0.03030882403254509,-0.9466093182563782,-0.12622423470020294,-0.5401315093040466,-0.1740952581167221,-0.8243118524551392,-0.06330863386392593,-0.9673011898994446,0.04686948284506798,-0.9917173981666565,-0.13815464079380035,-0.5350148677825928,-0.17648069560527802,-0.8245341181755066,-0.07429193705320358,-0.9660232663154602,0.022229710593819618,-1.0,-0.1208386942744255,-0.5139749646186829,-0.13785038888454437,-0.7328452467918396,-0.07254838198423386,-0.8541385531425476,-0.0030979544389992952,-0.9061826467514038
swipe_right,0.0,0.0,0.10940045863389969,-0.1445360630750656,0.13739550113677979,-0.3282619118690491,0.1575087159872055,-0.43450844287872314,0.17707382142543793,-0.5378547310829163,-0.056701675057411194,-0.5964582562446594,-0.07477696985006332,-0.7903597354888916,-0.008024576120078564,-0.9114855527877808,0.05765196308493614,-0.9638780951499939,-0.1002206802368164,-0.6138541102409363,-0.14853480458259583,-0.8530043959617615,-0.060410741716623306,-0.978925347328186,0.028305424377322197,-1.0,-0.1322711855173111,-0.6242585778236389,-0.1934075504541397,-0.8651794195175171,-0.1013793870806694,-0.9761375784873962,-0.012619244866073132,-0.9897392988204956,-0.1476348638534546,-0.6154761910438538,-0.19930113852024078,-0.8198420405387878,-0.13637572526931763,-0.907317578792572,-0.060583144426345825,-0.9240917563438416
swipe_right,0.0,0.0,0.09421554952859879,-0.19745281338691711,0.10907680541276932,-0.3923186957836151,0.13274946808815002,-0.5306817889213562,0.15267308056354523,-0.6738337278366089,-0.15058961510658264,-0.5226553678512573,-0.2541305720806122,-0.7245936393737793,-0.2214726358652115,-0.8868764042854309,-0.15912756323814392,-0.9903563261032104,-0.18437349796295166,-0.4994734525680542,-0.30336257815361023,-0.7258780598640442,-0.25806695222854614,-0.9030317664146423,-0.18237721920013428,-1.0,-0.19266849756240845,-0.46635663509368896,-0.30293092131614685,-0.6898066401481628,-0.26516446471214294,-0.8520807027816772,-0.20095431804656982,-0.9359509944915771,-0.17288418114185333,-0.4192863702774048,-0.2542644441127777,-0.5879536867141724,-0.24391433596611023,-0.7191711664199829,-0.21078291535377502,-0.8027715086936951
swipe_right,0.0,0.0,0.09825450927019119,-0.2295779585838318,0.11532703042030334,-0.43533116579055786,0.13724739849567413,-0.5658471584320068,0.1383209377527237,-0.6993574500083923,-0.11263523250818253,-0.6076319813728333,-0.14462833106517792,-0.8086526989936829,-0.06883814930915833,-0.8760942220687866,0.01304445881396532,-0.8829943537712097,-0.1538766324520111,-0.5804507732391357,-0.24360476434230804,-0.7888197898864746,-0.17208844423294067,-0.9292299747467041,-0.09065887331962585,-1.0,-0.17535296082496643,-0.5287137031555176,-0.2783636152744293,-0.7338605523109436,-0.22679832577705383,-0.8645673394203186,-0.1611676812171936,-0.9338998794555664,-0.16318504512310028,-0.4528541564941406,-0.2597717344760895,-0.5806989073753357,-0.2445504069328308,-0.6869427561759949,-0.20821642875671387,-0.7559201121330261
swipe_right,0.0,0.0,0.21216847002506256,-0.1272171139717102,0.3222688138484955,-0.3104819357395172,0.367742121219635,-0.4822830259799957,0.3597944676876068,-0.6012754440307617,0.24988746643066406,-0.486785352230072,0.30263641476631165,-0.6273547410964966,0.32888710498809814,-0.5502384901046753,0.3246219754219055,-0.4597708582878113,0.17915579676628113,-0.5374090671539307,0.2297682762145996,-0.6780480146408081,0.26997923851013184,-0.5883144736289978,0.2842266261577606,-0.4797671139240265,0.0893624871969223,-0.5731024146080017,0.13926801085472107,-0.7605816125869751,0.22707116603851318,-0.7438295483589172,0.2982567250728607,-0.7007754445075989,-0.016727223992347717,-0.5719156265258789,-0.02537376433610916,-0.7899702787399292,0.00395954679697752,-0.9106202125549316,0.043097369372844696,-1.0
swipe_right,0.0,0.0,0.14454634487628937,-0.19170553982257843,0.22139334678649902,-0.38093939423561096,0.2866975963115692,-0.5042175650596619,0.3137798011302948,-0.6342675685882568,0.04720374196767807,-0.5520966053009033,0.015943655744194984,-0.7408993244171143,0.0035607218742370605,-0.8681280612945557,-0.0037889035884290934,-0.9814909100532532,0.0032689752988517284,-0.5350549817085266,-0.07055271416902542,-0.712099552154541,-0.09295282512903214,-0.8573695421218872,-0.10237102210521698,-1.0,-0.026026573032140732,-0.4977428913116455,-0.10196084529161453,-0.6811915040016174,-0.13603027164936066,-0.8272902965545654,-0.16094908118247986,-0.9523686766624451,-0.030773025006055832,-0.43388378620147705,-0.07429326325654984,-0.588287889957428,-0.10534472018480301,-0.7084758281707764,-0.1346840113401413,-0.813266932964325
swipe_right,0.0,0.0,0.0951373279094696,-0.09458708763122559,0.1535375416278839,-0.24776852130889893,0.22148633003234863,-0.351692259311676,0.28743216395378113,-0.44044116139411926,-0.08018350601196289,-0.5258237719535828,-0.1451367735862732,-0.699066162109375,-0.1700880229473114,-0.8248361945152283,-0.1879919022321701,-0.9365994930267334,-0.11816690117120743,-0.5318231582641602,-0.22235950827598572,-0.7161297798156738,-0.2683183252811432,-0.8658422827720642,-0.3067341446876526,-1.0,-0.14132031798362732,-0.5122824311256409,-0.24110285937786102,-0.678494930267334,-0.2970849871635437,-0.8145124316215515,-0.3458075523376465,-0.9355029463768005,-0.1438528597354889,-0.45738276839256287,-0.23134136199951172,-0.5780521631240845,-0.2824031412601471,-0.6789126992225647,-0.329630970954895,-0.767825186252594
swipe_right,0.0,0.0,0.09554044902324677,-0.08245283365249634,0.15338951349258423,-0.23434972763061523,0.21019332110881805,-0.3405703604221344,0.2673393785953522,-0.4169265031814575,-0.07128972560167313,-0.494190514087677,-0.1391667127609253,-0.671208381652832,-0.17511321604251862,-0.8104168772697449,-0.20473340153694153,-0.9267672300338745,-0.10904580354690552,-0.5001699328422546,-0.20950448513031006,-0.6926130652427673,-0.25822317600250244,-0.8551450371742249,-0.2989562451839447,-1.0,-0.13122281432151794,-0.4885210692882538,-0.22539667785167694,-0.6768749952316284,-0.27765902876853943,-0.8290241956710815,-0.32458359003067017,-0.9655530452728271,-0.1355338990688324,-0.4470677673816681,-0.2156282514333725,-0.593360185623169,-0.26288166642189026,-0.7137453556060791,-0.3065434694290161,-0.8201066851615906
swipe_right,0.0,0.0,0.16107559204101562,-0.40250810980796814,0.401934415102005,-0.514040470123291,0.6238417625427246,-0.43923407793045044,0.7629485130310059,-0.34116435050964355,0.6813451647758484,-0.29721853137016296,1.0,-0.49004659056663513,0.9520869851112366,-0.6413795948028564,0.8445920348167419,-0.6701485514640808,0.68326735496521,-0.016917042434215546,0.9397554993629456,-0.18854686617851257,0.8404436111450195,-0.30988821387290955,0.7122392058372498,-0.3061221241950989,0.6259043216705322,0.204661026597023,0.8426973819732666,0.05367053672671318,0.7572889924049377,-0.06146625056862831,0.6587964296340942,-0.06425024569034576,0.5469710826873779,0.37846481800079346,0.7022108435630798,0.27956798672676086,0.6562618613243103,0.1741867959499359,0.592925488948822,0.15968599915504456
swipe_right,0.0,0.0,0.16107559204101562,-0.40250810980796814,0.401934415102005,-0.514040470123291,0.6238417625427246,-0.43923407793045044,0.7629485130310059,-0.34116435050964355,0.6813451647758484,-0.29721853137016296,1.0,-0.49004659056663513,0.9520869851112366,-0.6413795948028564,0.8445920348167419,-0.6701485514640808,0.68326735496521,-0.016917042434215546,0.9397554993629456,-0.18854686617851257,0.8404436111450195,-0.30988821387290955,0.7122392058372498,-0.3061221241950989,0.6259043216705322,0.204661026597023,0.8426973819732666,0.05367053672671318,0.7572889924049377,-0.06146625056862831,0.6587964296340942,-0.06425024569034576,0.5469710826873779,0.37846481800079346,0.7022108435630798,0.27956798672676086,0.6562618613243103,0.1741867959499359,0.592925488948822,0.15968599915504456
swipe_right,0.0,0.0,0.14612942934036255,0.3038851320743561,0.3668998181819916,0.3911496698856354,0.5834569931030273,0.2595062553882599,0.6930781602859497,0.055797725915908813,0.5406326651573181,0.47169122099876404,0.8019343018531799,0.29545071721076965,0.7658796906471252,0.13600577414035797,0.6625028252601624,0.07172506302595139,0.6701512336730957,0.23752713203430176,0.95414799451828,0.029022512957453728,0.8676286935806274,-0.13083918392658234,0.7363079786300659,-0.152330219745636,0.7343853712081909,-0.028259534388780594,1.0,-0.20770308375358582,0.8896141648292542,-0.3291717767715454,0.7637484073638916,-0.33227264881134033,0.7279362082481384,-0.32202813029289246,0.8698052167892456,-0.5449430346488953,0.7790989875793457,-0.6328039765357971,0.6789297461509705,-0.6190831065177917
swipe_right,0.0,0.0,0.1454792469739914,0.3604966402053833,0.38646748661994934,0.5121017098426819,0.621284544467926,0.41297146677970886,0.755023717880249,0.2291916012763977,0.5663697123527527,0.6378527879714966,0.8603123426437378,0.49049174785614014,0.827325165271759,0.33406054973602295,0.7097482681274414,0.26451197266578674,0.6746084690093994,0.41739585995674133,0.9901443719863892,0.21477948129177094,0.9022771120071411,0.049960821866989136,0.7521051168441772,0.028613053262233734,0.7244815230369568,0.1508374810218811,1.0,-0.024069035425782204,0.8842155933380127,-0.15245410799980164,0.7520760893821716,-0.13041706383228302,0.7193494439125061,-0.1389794647693634,0.9095045924186707,-0.29747655987739563,0.8003565669059753,-0.39860376715660095,0.6830384135246277,-0.3912336528301239
swipe_right,0.0,0.0,-0.10753370821475983,-0.13367952406406403,-0.12922170758247375,-0.2979736924171448,-0.148524209856987,-0.4030766189098358,-0.17584067583084106,-0.4886572062969208,0.001775227254256606,-0.5134241580963135,0.04488607868552208,-0.713680624961853,0.08150278776884079,-0.848406195640564,0.11360068619251251,-0.9548077583312988,0.03876367211341858,-0.5196322202682495,0.08431205153465271,-0.7475443482398987,0.12120884656906128,-0.890541136264801,0.15697962045669556,-1.0,0.05947785824537277,-0.5162920355796814,0.0946669653058052,-0.7445291876792908,0.12903054058551788,-0.8852499723434448,0.16020743548870087,-0.9933754801750183,0.06524413079023361,-0.5096437335014343,0.09174924343824387,-0.7109044194221497,0.11346898972988129,-0.8273163437843323,0.13625355064868927,-0.9230840802192688
swipe_right,0.0,0.0,0.04738514870405197,-0.23611050844192505,0.11166923493146896,-0.48186618089675903,0.18404586613178253,-0.6472907066345215,0.2671321928501129,-0.7430099248886108,0.10292704403400421,-0.6778745055198669,0.2827829122543335,-0.9107103943824768,0.4355379045009613,-0.9797558784484863,0.5526121258735657,-1.0,0.12742063403129578,-0.6709814667701721,0.3353009521961212,-0.9330579042434692,0.4946821630001068,-0.9888471364974976,0.6144764423370361,-0.9945366382598877,0.16950145363807678,-0.6258098483085632,0.3597569763660431,-0.8720267415046692,0.5099608302116394,-0.9179858565330505,0.6253083348274231,-0.9177841544151306,0.2267044633626938,-0.5463364720344543,0.3760460317134857,-0.7239563465118408,0.4933019280433655,-0.7765026688575745,0.5928009748458862,-0.7888187766075134
swipe_right,0.0,0.0,0.04738514870405197,-0.23611050844192505,0.11166923493146896,-0.48186618089675903,0.18404586613178253,-0.6472907066345215,0.2671321928501129,-0.7430099248886108,0.10292704403400421,-0.6778745055198669,0.2827829122543335,-0.9107103943824768,0.4355379045009613,-0.9797558784484863,0.5526121258735657,-1.0,0.12742063403129578,-0.6709814667701721,0.3353009521961212,-0.9330579042434692,0.4946821630001068,-0.9888471364974976,0.6144764423370361,-0.9945366382598877,0.16950145363807678,-0.6258098483085632,0.3597569763660431,-0.8720267415046692,0.5099608302116394,-0.9179858565330505,0.6253083348274231,-0.9177841544151306,0.2267044633626938,-0.5463364720344543,0.3760460317134857,-0.7239563465118408,0.4933019280433655,-0.7765026688575745,0.5928009748458862,-0.7888187766075134
swipe_right,0.0,0.0,0.0783701166510582,-0.2504351735115051,0.1618233025074005,-0.5037402510643005,0.24985656142234802,-0.6661272048950195,0.350250780582428,-0.7553084492683411,0.15874211490154266,-0.6784906983375549,0.35038265585899353,-0.8744671940803528,0.5145179033279419,-0.9459751844406128,0.6441130042076111,-0.9841940999031067,0.18541665375232697,-0.6710152626037598,0.4023318290710449,-0.8910971283912659,0.5662585496902466,-0.9618169665336609,0.6987696886062622,-1.0,0.23775677382946014,-0.6218169927597046,0.43738800287246704,-0.8433147668838501,0.5884507298469543,-0.9193704128265381,0.7098504304885864,-0.9585025906562805,0.31212395429611206,-0.5343798398971558,0.4647112786769867,-0.7352420091629028,0.574876070022583,-0.8256674408912659,0.6740330457687378,-0.883192777633667
swipe_right,0.0,0.0,0.06370948255062103,-0.20589080452919006,0.16711680591106415,-0.44899308681488037,0.2608487904071808,-0.6126956343650818,0.3411644995212555,-0.7286600470542908,0.12151143699884415,-0.573952317237854,0.3018781542778015,-0.791901707649231,0.47474685311317444,-0.9149479269981384,0.6150923371315002,-0.9903957843780518,0.13701200485229492,-0.5730787515640259,0.3177092373371124,-0.8007645606994629,0.48343369364738464,-0.9230987429618835,0.6364015936851501,-1.0,0.18002454936504364,-0.5472198724746704,0.34089210629463196,-0.7857036590576172,0.487375944852829,-0.9101861119270325,0.6189987659454346,-0.9839674234390259,0.23530882596969604,-0.4973846971988678,0.33943626284599304,-0.7054908275604248,0.4353880286216736,-0.8188158869743347,0.5310383439064026,-0.8942172527313232
swipe_right,0.0,0.0,0.2209266573190689,-0.10899907350540161,0.31659698486328125,-0.30237045884132385,0.3805379867553711,-0.45453956723213196,0.4274848699569702,-0.5879174470901489,0.18884332478046417,-0.4896555244922638,0.2804793417453766,-0.7012639045715332,0.3846234679222107,-0.8374785780906677,0.4691047668457031,-0.9371770024299622,0.14743280410766602,-0.5292485356330872,0.2522857189178467,-0.7476995587348938,0.365836501121521,-0.8843186497688293,0.48126932978630066,-0.9812830090522766,0.12286907434463501,-0.5535433888435364,0.22659407556056976,-0.771529495716095,0.34583672881126404,-0.9067965745925903,0.4532090723514557,-1.0,0.11123800277709961,-0.5504788160324097,0.20020142197608948,-0.736871063709259,0.2816006541252136,-0.8608180284500122,0.35986819863319397,-0.9472474455833435
swipe_right,0.0,0.0,0.13861124217510223,-0.12616786360740662,0.24480637907981873,-0.34703683853149414,0.32610753178596497,-0.5156396627426147,0.3808172047138214,-0.6557395458221436,0.15869362652301788,-0.4948588013648987,0.2828551232814789,-0.7312989830970764,0.3964691460132599,-0.8771644234657288,0.4894605278968811,-0.9842496514320374,0.13264361023902893,-0.5226860046386719,0.2698100507259369,-0.764074981212616,0.4011056423187256,-0.9021843075752258,0.5178297758102417,-1.0,0.13041874766349792,-0.5307712554931641,0.26011931896209717,-0.7757644057273865,0.37862730026245117,-0.9062082767486572,0.47377967834472656,-0.9915327429771423,0.14462828636169434,-0.5169788599014282,0.23893876373767853,-0.7299650311470032,0.3212525248527527,-0.8499248623847961,0.3971985876560211,-0.9287213683128357
swipe_right,0.0,0.0,0.09531214833259583,-0.15370188653469086,0.19647084176540375,-0.3775929808616638,0.27382203936576843,-0.5372707843780518,0.3336515426635742,-0.6674730777740479,0.15183375775814056,-0.5086557269096375,0.25901731848716736,-0.7346439957618713,0.35043060779571533,-0.8786433339118958,0.42325878143310547,-0.9824389815330505,0.15161651372909546,-0.5173830986022949,0.25586673617362976,-0.7434977293014526,0.3533879518508911,-0.8902035355567932,0.44019606709480286,-1.0,0.16875924170017242,-0.5055906176567078,0.2604326009750366,-0.7347174286842346,0.34648191928863525,-0.8842446208000183,0.4205024838447571,-0.9965900182723999,0.19081269204616547,-0.4682542681694031,0.2511645257472992,-0.6851311326026917,0.3048883080482483,-0.8205552101135254,0.3582991063594818,-0.9186452627182007
swipe_right,0.0,0.0,0.09531214833259583,-0.15370188653469086,0.19647084176540375,-0.3775929808616638,0.27382203936576843,-0.5372707843780518,0.3336515426635742,-0.6674730777740479,0.15183375775814056,-0.5086557269096375,0.25901731848716736,-0.7346439957618713,0.35043060779571533,-0.8786433339118958,0.42325878143310547,-0.9824389815330505,0.15161651372909546,-0.5173830986022949,0.25586673617362976,-0.7434977293014526,0.3533879518508911,-0.8902035355567932,0.44019606709480286,-1.0,0.16875924170017242,-0.5055906176567078,0.2604326009750366,-0.7347174286842346,0.34648191928863525,-0.8842446208000183,0.4205024838447571,-0.9965900182723999,0.19081269204616547,-0.4682542681694031,0.2511645257472992,-0.6851311326026917,0.3048883080482483,-0.8205552101135254,0.3582991063594818,-0.9186452627182007
swipe_right,0.0,0.0,0.1657090187072754,0.02498910203576088,0.2772279679775238,-0.1328153908252716,0.3376944363117218,-0.24989549815654755,0.3990156352519989,-0.3224371075630188,0.1739354431629181,-0.5843176245689392,0.2880346179008484,-0.8239609599113464,0.4309684932231903,-0.9336631298065186,0.5500941872596741,-0.9754883050918579,0.1396678239107132,-0.6228345036506653,0.2821945548057556,-0.8885909914970398,0.44360101222991943,-0.9771275520324707,0.5801063179969788,-1.0,0.12985995411872864,-0.6219390630722046,0.2711874842643738,-0.8836148977279663,0.43553340435028076,-0.9475206136703491,0.559846818447113,-0.9531426429748535,0.13628579676151276,-0.5972563028335571,0.25118714570999146,-0.828248918056488,0.3667875826358795,-0.8992254137992859,0.46381035447120667,-0.9209294319152832
swipe_right,0.0,0.0,0.20247197151184082,0.005353002808988094,0.3255056142807007,-0.16186363995075226,0.40448909997940063,-0.29261842370033264,0.4723070561885834,-0.39774981141090393,0.19608928263187408,-0.646935224533081,0.3475860059261322,-0.8966766595840454,0.5166693925857544,-0.923266589641571,0.6369936466217041,-0.8670939803123474,0.15168549120426178,-0.6983881592750549,0.320726603269577,-0.976647138595581,0.5100334882736206,-0.9806731939315796,0.6481271982192993,-0.9042916893959045,0.14125537872314453,-0.7073354125022888,0.31249040365219116,-0.9980301260948181,0.5031066536903381,-1.0,0.6302163600921631,-0.9207350611686707,0.15361545979976654,-0.6881760358810425,0.29884055256843567,-0.941987156867981,0.44514742493629456,-0.975028932094574,0.5552175045013428,-0.9341273903846741
swipe_right,0.0,0.0,0.2163672000169754,-0.1490420401096344,0.3309660851955414,-0.37056633830070496,0.4078255891799927,-0.5166414976119995,0.4953549802303314,-0.5916568040847778,0.19912287592887878,-0.7651151418685913,0.3830944299697876,-0.9518107771873474,0.5463213920593262,-0.9275309443473816,0.6540693640708923,-0.8492317199707031,0.1687704622745514,-0.7896824479103088,0.38310685753822327,-1.0,0.5525350570678711,-0.9584845900535583,0.66384357213974,-0.8520783185958862,0.1659260094165802,-0.7838724255561829,0.3851691484451294,-0.99718177318573,0.5564275979995728,-0.9555886387825012,0.6641701459884644,-0.8604627847671509,0.189286470413208,-0.7568371891975403,0.37378203868865967,-0.9471950531005859,0.5137367844581604,-0.955531895160675,0.6150429248809814,-0.9152149558067322
swipe_right,0.0,0.0,0.09640536457300186,-0.2064725160598755,0.130797877907753,-0.4845210313796997,0.1287841945886612,-0.7081849575042725,0.095722995698452,-0.8814976215362549,0.0857279822230339,-0.5045793652534485,0.00554896704852581,-0.7471942901611328,-0.07270053029060364,-0.8919217586517334,-0.1307959109544754,-0.9947749972343445,-0.018045689910650253,-0.44563597440719604,-0.10470037162303925,-0.6955792903900146,-0.1925111562013626,-0.8695573806762695,-0.254861444234848,-1.0,-0.12553510069847107,-0.3722856044769287,-0.21074049174785614,-0.6103261113166809,-0.2828044295310974,-0.7684235572814941,-0.32287099957466125,-0.8897024989128113,-0.2246876358985901,-0.2872512936592102,-0.2959873378276825,-0.47454527020454407,-0.34399500489234924,-0.5936447381973267,-0.37571513652801514,-0.6913418769836426
swipe_right,0.0,0.0,0.17298828065395355,-0.15903915464878082,0.28183606266975403,-0.4065839648246765,0.3247007727622986,-0.6653938889503479,0.28756311535835266,-0.8534263968467712,0.17017444968223572,-0.4851585626602173,0.10399477928876877,-0.8458618521690369,0.049955226480960846,-0.9687952399253845,0.010112239979207516,-1.0,0.03367278352379799,-0.43650752305984497,-0.05167810991406441,-0.8108183145523071,-0.09967432171106339,-0.9457273483276367,-0.129872664809227,-0.9980787634849548,-0.08765944093465805,-0.3863629698753357,-0.15114736557006836,-0.7096763849258423,-0.17325744032859802,-0.8474359512329102,-0.1821683794260025,-0.9117563366889954,-0.18529470264911652,-0.3368434011936188,-0.2308560460805893,-0.5801180601119995,-0.2508227825164795,-0.6903981566429138,-0.2613283097743988,-0.7585240602493286
swipe_right,0.0,0.0,-0.10678213089704514,-0.1916530281305313,-0.15263581275939941,-0.44402793049812317,-0.17782016098499298,-0.6344058513641357,-0.20347829163074493,-0.7804058790206909,-0.027222424745559692,-0.540024995803833,0.05255398526787758,-0.786528468132019,0.1103673204779625,-0.9170246720314026,0.1502067893743515,-1.0,0.0708819031715393,-0.48172086477279663,0.14988067746162415,-0.7322471737861633,0.20352432131767273,-0.8599146008491516,0.24859677255153656,-0.94626784324646,0.1634829342365265,-0.4059349000453949,0.24351432919502258,-0.6465812921524048,0.2927722930908203,-0.7713024616241455,0.33286505937576294,-0.8575804829597473,0.2501702308654785,-0.321850448846817,0.3212369680404663,-0.5197702646255493,0.36071527004241943,-0.6351240873336792,0.39382055401802063,-0.7249764800071716
swipe_right,0.0,0.0,-0.10678213089704514,-0.1916530281305313,-0.15263581275939941,-0.44402793049812317,-0.17782016098499298,-0.6344058513641357,-0.20347829163074493,-0.7804058790206909,-0.027222424745559692,-0.540024995803833,0.05255398526787758,-0.786528468132019,0.1103673204779625,-0.9170246720314026,0.1502067893743515,-1.0,0.0708819031715393,-0.48172086477279663,0.14988067746162415,-0.7322471737861633,0.20352432131767273,-0.8599146008491516,0.24859677255153656,-0.94626784324646,0.1634829342365265,-0.4059349000453949,0.24351432919502258,-0.6465812921524048,0.2927722930908203,-0.7713024616241455,0.33286505937576294,-0.8575804829597473,0.2501702308654785,-0.321850448846817,0.3212369680404663,-0.5197702646255493,0.36071527004241943,-0.6351240873336792,0.39382055401802063,-0.7249764800071716
swipe_right,0.0,0.0,0.07150401175022125,-0.22975510358810425,0.07082481682300568,-0.4786883592605591,0.022467924281954765,-0.6480088829994202,-0.06557895988225937,-0.7387849688529968,0.10471131652593613,-0.7051798701286316,-0.015744918957352638,-0.9213165044784546,-0.12382456660270691,-0.9800508618354797,-0.20559443533420563,-1.0,0.03514104709029198,-0.7257517576217651,-0.09307274222373962,-0.9219171404838562,-0.20265650749206543,-0.9802846312522888,-0.2925563156604767,-0.9938084483146667,-0.052636392414569855,-0.6959584951400757,-0.16764900088310242,-0.9008063673973083,-0.26549679040908813,-0.9601333737373352,-0.337266743183136,-0.9770286083221436,-0.16042639315128326,-0.6327838897705078,-0.25639066100120544,-0.8182380199432373,-0.32575052976608276,-0.8902968764305115,-0.38322460651397705,-0.9293245077133179
swipe_right,0.0,0.0,0.010515470989048481,-0.1634731888771057,0.006837719585746527,-0.3704766631126404,-0.0331149660050869,-0.5191003084182739,-0.08905036747455597,-0.6148208379745483,0.0846482515335083,-0.5354310274124146,-0.026618432253599167,-0.74739670753479,-0.118280790746212,-0.8459077477455139,-0.18334203958511353,-0.9004616737365723,0.04972965270280838,-0.5765453577041626,-0.05849486589431763,-0.800708532333374,-0.1493876725435257,-0.9051130414009094,-0.2195499986410141,-0.9680147767066956,-0.009112990461289883,-0.5949540138244629,-0.1020733118057251,-0.8205007910728455,-0.18401101231575012,-0.9289525747299194,-0.24358153343200684,-1.0,-0.08991167694330215,-0.5895729064941406,-0.16336952149868011,-0.773963987827301,-0.21911855041980743,-0.8777811527252197,-0.2683851718902588,-0.9574222564697266
swipe_right,0.0,0.0,0.010515470989048481,-0.1634731888771057,0.006837719585746527,-0.3704766631126404,-0.0331149660050869,-0.5191003084182739,-0.08905036747455597,-0.6148208379745483,0.0846482515335083,-0.5354310274124146,-0.026618432253599167,-0.74739670753479,-0.118280790746212,-0.8459077477455139,-0.18334203958511353,-0.9004616737365723,0.04972965270280838,-0.5765453577041626,-0.05849486589431763,-0.800708532333374,-0.1493876725435257,-0.9051130414009094,-0.2195499986410141,-0.9680147767066956,-0.009112990461289883,-0.5949540138244629,-0.1020733118057251,-0.8205007910728455,-0.18401101231575012,-0.9289525747299194,-0.24358153343200684,-1.0,-0.08991167694330215,-0.5895729064941406,-0.16336952149868011,-0.773963987827301,-0.21911855041980743,-0.8777811527252197,-0.2683851718902588,-0.9574222564697266
swipe_right,0.0,0.0,-0.04029860347509384,-0.1258535087108612,-0.037287984043359756,-0.29155296087265015,-0.061549749225378036,-0.4233485758304596,-0.08982856571674347,-0.5165579319000244,0.1957949846982956,-0.4978688955307007,0.13160277903079987,-0.7207730412483215,0.03523669019341469,-0.8373540043830872,-0.05062112584710121,-0.8880783915519714,0.17648063600063324,-0.5799072980880737,0.10647470504045486,-0.8337846398353577,-0.009662911295890808,-0.9215295910835266,-0.10154210031032562,-0.9584823846817017,0.12468614429235458,-0.6369395852088928,0.062035348266363144,-0.8967832922935486,-0.05283041670918465,-0.9719234704971313,-0.14895257353782654,-0.9947444796562195,0.04302872344851494,-0.6811733245849609,-0.019258832558989525,-0.8833024501800537,-0.10025917738676071,-0.9634196758270264,-0.18462148308753967,-1.0
swipe_right,0.0,0.0,-0.029140403494238853,-0.29583939909935,0.026864957064390182,-0.5610805153846741,0.13048134744167328,-0.7273654937744141,0.23701788485050201,-0.8075819611549377,0.003380574518814683,-0.7299339175224304,0.22461242973804474,-0.9608606696128845,0.394304096698761,-0.9526329636573792,0.49949145317077637,-0.9001535177230835,0.06630649417638779,-0.7114714980125427,0.3020671308040619,-1.0,0.46234771609306335,-0.9796706438064575,0.557494044303894,-0.916847288608551,0.1539354771375656,-0.6537710428237915,0.3627031445503235,-0.9392431974411011,0.5265594124794006,-0.9371094703674316,0.6371768712997437,-0.8816357851028442,0.26394325494766235,-0.5537540912628174,0.4267091453075409,-0.7742899060249329,0.5464622974395752,-0.8149019479751587,0.6408090591430664,-0.8105041980743408
swipe_right,0.0,0.0,-0.057552438229322433,-0.2561973035335541,-0.03071071021258831,-0.4797949194908142,0.012707268819212914,-0.6522266864776611,0.03622905910015106,-0.7671980857849121,0.02852620929479599,-0.6771934628486633,0.19657352566719055,-0.9158521890640259,0.34141045808792114,-0.9588170647621155,0.43877455592155457,-0.9446614980697632,0.11336150765419006,-0.6670661568641663,0.28352198004722595,-0.9710217714309692,0.4170406758785248,-1.0,0.5071279406547546,-0.9717788696289062,0.2046874463558197,-0.6153078079223633,0.3554486334323883,-0.9035493731498718,0.47820115089416504,-0.944580614566803,0.5693466067314148,-0.9358050227165222,0.3070437014102936,-0.5188230872154236,0.43449294567108154,-0.7378988265991211,0.5238617658615112,-0.8162171840667725,0.602197527885437,-0.8623511791229248
swipe_right,0.0,0.0,-0.07383649051189423,-0.1947062760591507,-0.04472222924232483,-0.40534618496894836,0.023530039936304092,-0.5417713522911072,0.10561498999595642,-0.6174890995025635,0.023203426972031593,-0.6309768557548523,0.1619892120361328,-0.908277690410614,0.3143024146556854,-0.9826459884643555,0.41977789998054504,-0.9736145734786987,0.09522183239459991,-0.6258811354637146,0.2598763704299927,-0.9448916912078857,0.41456839442253113,-1.0,0.5185246467590332,-0.9730964303016663,0.1863662153482437,-0.5737414360046387,0.3497892916202545,-0.879015326499939,0.5005504488945007,-0.947249710559845,0.605178713798523,-0.9385411143302917,0.2936466932296753,-0.4882396161556244,0.43512409925460815,-0.7168554067611694,0.5450893640518188,-0.800193190574646,0.6318567395210266,-0.8341085314750671
swipe_right,0.0,0.0,0.07509536296129227,-0.26888948678970337,0.04598383978009224,-0.4909767508506775,-0.010434507392346859,-0.616891622543335,-0.08868879079818726,-0.6951625347137451,0.03962947055697441,-0.6537988185882568,-0.05361827462911606,-0.8811843991279602,-0.14431457221508026,-0.9509454965591431,-0.2058733105659485,-0.9842232465744019,-0.03417715057730675,-0.680713415145874,-0.12820962071418762,-0.9482617974281311,-0.22183477878570557,-0.9982076287269592,-0.28331875801086426,-1.0,-0.12189130485057831,-0.6609475612640381,-0.22720679640769958,-0.9080919027328491,-0.3156319856643677,-0.9579935669898987,-0.3816646933555603,-0.9662958979606628,-0.2178102284669876,-0.6000022888183594,-0.329103022813797,-0.7636186480522156,-0.4050590991973877,-0.8326860070228577,-0.46757256984710693,-0.8863289952278137
swipe_right,0.0,0.0,0.039260152727365494,-0.27302855253219604,-0.002432975685223937,-0.4976813495159149,-0.06413353979587555,-0.6147381663322449,-0.1438412368297577,-0.6873243451118469,0.009847225621342659,-0.6808525919914246,-0.07653459906578064,-0.8795202374458313,-0.15267175436019897,-0.9230911731719971,-0.192267507314682,-0.9335346817970276,-0.07087858766317368,-0.7195224761962891,-0.14414362609386444,-0.9890258312225342,-0.2132854014635086,-1.0,-0.2444571554660797,-0.9762169122695923,-0.16044411063194275,-0.7088428735733032,-0.2506959140300751,-0.9757207632064819,-0.3099706768989563,-0.9786127805709839,-0.3373943865299225,-0.956379234790802,-0.2535327076911926,-0.6471524238586426,-0.35827916860580444,-0.8174833655357361,-0.4338425397872925,-0.8891905546188354,-0.488301545381546,-0.9435520172119141
swipe_right,0.0,0.0,0.02399795688688755,-0.2888632118701935,-0.017334192991256714,-0.5471066832542419,-0.08059968799352646,-0.7051330208778381,-0.1560010015964508,-0.7964745163917542,-0.026419222354888916,-0.7755228877067566,-0.12772849202156067,-0.9932643175125122,-0.17510147392749786,-0.945905864238739,-0.1684957593679428,-0.869064211845398,-0.09129960834980011,-0.7931430339813232,-0.21494290232658386,-1.0,-0.25146228075027466,-0.9212678670883179,-0.22680975496768951,-0.8267037272453308,-0.17068427801132202,-0.763383150100708,-0.29064780473709106,-0.9646160006523132,-0.31383803486824036,-0.8723728060722351,-0.2825635075569153,-0.7830032706260681,-0.2539012134075165,-0.6997036337852478,-0.3631563186645508,-0.8334984183311462,-0.3783833384513855,-0.7687181234359741,-0.35847270488739014,-0.6973673701286316
swipe_right,0.0,0.0,0.02399795688688755,-0.2888632118701935,-0.017334192991256714,-0.5471066832542419,-0.08059968799352646,-0.7051330208778381,-0.1560010015964508,-0.7964745163917542,-0.026419222354888916,-0.7755228877067566,-0.12772849202156067,-0.9932643175125122,-0.17510147392749786,-0.945905864238739,-0.1684957593679428,-0.869064211845398,-0.09129960834980011,-0.7931430339813232,-0.21494290232658386,-1.0,-0.25146228075027466,-0.9212678670883179,-0.22680975496768951,-0.8267037272453308,-0.17068427801132202,-0.763383150100708,-0.29064780473709106,-0.9646160006523132,-0.31383803486824036,-0.8723728060722351,-0.2825635075569153,-0.7830032706260681,-0.2539012134075165,-0.6997036337852478,-0.3631563186645508,-0.8334984183311462,-0.3783833384513855,-0.7687181234359741,-0.35847270488739014,-0.6973673701286316
swipe_right,0.0,0.0,-0.13876011967658997,-0.15779639780521393,-0.1584751456975937,-0.34332993626594543,-0.1676986813545227,-0.46099093556404114,-0.18261165916919708,-0.5735996961593628,-0.00844243448227644,-0.5705451965332031,-0.06269393116235733,-0.77567058801651,-0.1367800235748291,-0.8768388628959656,-0.19132184982299805,-0.9370245933532715,0.00502648763358593,-0.5901339650154114,-0.05426498129963875,-0.8162959814071655,-0.1352466344833374,-0.9287848472595215,-0.19766075909137726,-0.983559250831604,-0.011647076345980167,-0.5959198474884033,-0.06309045851230621,-0.8282161951065063,-0.139877587556839,-0.9394734501838684,-0.20262840390205383,-1.0,-0.057202860713005066,-0.5955789089202881,-0.07586683332920074,-0.8059364557266235,-0.11856134235858917,-0.9094287753105164,-0.16512849926948547,-0.9714035987854004
swipe_right,0.0,0.0,-0.1341232806444168,-0.10905572772026062,-0.1627088487148285,-0.2763715386390686,-0.17548024654388428,-0.3858245015144348,-0.19402441382408142,-0.4939786195755005,-0.03154127672314644,-0.5570576190948486,-0.09978675097227097,-0.7507597208023071,-0.17217889428138733,-0.8619211316108704,-0.22744537889957428,-0.9296426773071289,-0.014128614217042923,-0.5848149657249451,-0.08777198940515518,-0.8053709268569946,-0.16889414191246033,-0.9209024310112,-0.23524026572704315,-0.9839056730270386,-0.014901750721037388,-0.6011797785758972,-0.07858221977949142,-0.8240694403648376,-0.155350923538208,-0.9366814494132996,-0.21917688846588135,-1.0,-0.03585481271147728,-0.6106630563735962,-0.07496709376573563,-0.817600429058075,-0.1309649795293808,-0.9272220134735107,-0.18968501687049866,-0.9956443309783936
swipe_right,0.0,0.0,-0.1728748381137848,-0.18434497714042664,-0.21125704050064087,-0.3902064263820648,-0.23431473970413208,-0.5163623094558716,-0.2669282555580139,-0.621425211429596,-0.03478441387414932,-0.690669596195221,-0.167650505900383,-0.9159594178199768,-0.2887374758720398,-0.9765751957893372,-0.3680187165737152,-0.9782712459564209,-0.007941287010908127,-0.7100040912628174,-0.17087797820568085,-0.9413672685623169,-0.30094894766807556,-0.9899324178695679,-0.3811381459236145,-0.9809458255767822,-0.011162512935698032,-0.7077763080596924,-0.1661086082458496,-0.9388731718063354,-0.28757593035697937,-0.997085452079773,-0.3592926561832428,-1.0,-0.04921919107437134,-0.6947951912879944,-0.18996399641036987,-0.880875289440155,-0.2863832116127014,-0.9524953365325928,-0.3554306924343109,-0.9820757508277893
swipe_right,0.0,0.0,-0.16652129590511322,-0.20173950493335724,-0.19576533138751984,-0.456611692905426,-0.22522445023059845,-0.6615514159202576,-0.2789856493473053,-0.804137110710144,0.02377958595752716,-0.6617559194564819,-0.11199329048395157,-0.8879364132881165,-0.25037041306495667,-0.9679694175720215,-0.3633420765399933,-0.9832989573478699,0.04141197353601456,-0.666193425655365,-0.11672597378492355,-0.9169911742210388,-0.25847867131233215,-0.985572874546051,-0.372621089220047,-0.9946256279945374,0.02842705138027668,-0.6452948451042175,-0.12515701353549957,-0.9009209871292114,-0.26590070128440857,-0.9776501655578613,-0.38024529814720154,-1.0,-0.021759076043963432,-0.602470874786377,-0.1445033997297287,-0.8155273795127869,-0.2496417909860611,-0.8954269289970398,-0.34317904710769653,-0.9299156069755554
